2022-01-01 00:00:00,,,,,,,,,,,,,,,,
2022-01-01 01:00:00,FR,67.36111111111111,US-NW-BPAT,67.36111111111111,ES,67.36111111111111,IT-NO,67.36111111111111,SG,67.36111111111111,US-CAL-CISO,67.36111111111111,GB,67.36111111111111,CA-ON,13.472222222222285
2022-01-01 02:00:00,FR,751.5277777777778,US-NW-BPAT,751.5277777777778,NL,751.5277777777778,ES,751.5277777777778,IT-NO,751.5277777777778,SG,751.5277777777778,GB,751.5277777777778,US-CAL-CISO,150.30555555555566
2022-01-01 03:00:00,CA-ON,426.52777777777777,FR,426.52777777777777,ES,426.52777777777777,US-NW-BPAT,426.52777777777777,IT-NO,426.52777777777777,SG,426.52777777777777,US-CAL-CISO,426.52777777777777,GB,85.30555555555532
2022-01-01 04:00:00,ES,426.80555555555554,US-NW-BPAT,426.80555555555554,FR,426.80555555555554,IT-NO,426.80555555555554,SG,426.80555555555554,US-CAL-CISO,426.80555555555554,CA-ON,426.80555555555554,GB,85.36111111111074
2022-01-01 05:00:00,ES,89.44444444444444,US-NW-BPAT,89.44444444444444,IT-NO,89.44444444444444,FR,89.44444444444444,SG,89.44444444444444,US-CAL-CISO,89.44444444444444,CA-ON,89.44444444444444,GB,17.88888888888883
2022-01-01 06:00:00,ES,516.25,US-NW-BPAT,516.25,FR,516.25,IT-NO,516.25,GB,516.25,SG,516.25,US-CAL-CISO,516.25,CA-ON,103.25
2022-01-01 07:00:00,FR,843.0555555555555,ES,843.0555555555555,US-NW-BPAT,843.0555555555555,IT-NO,843.0555555555555,GB,843.0555555555555,SG,843.0555555555555,US-CAL-CISO,843.0555555555555,CA-ON,168.61111111111063
2022-01-01 08:00:00,FR,352.77777777777777,US-NW-BPAT,352.77777777777777,ES,352.77777777777777,IT-NO,352.77777777777777,GB,352.77777777777777,SG,352.77777777777777,US-CAL-CISO,352.77777777777777,CA-ON,70.55555555555532
2022-01-01 09:00:00,CA-ON,297.3611111111111,ES,297.3611111111111,IT-NO,297.3611111111111,FR,297.3611111111111,US-NW-BPAT,297.3611111111111,GB,297.3611111111111,SG,297.3611111111111,US-CAL-CISO,59.4722222222224
2022-01-01 10:00:00,ES,296.3888888888889,IT-NO,296.3888888888889,FR,296.3888888888889,GB,296.3888888888889,SG,296.3888888888889,US-CAL-CISO,296.3888888888889,US-NW-BPAT,296.3888888888889,CA-ON,59.2777777777776
2022-01-01 11:00:00,ES,587.7777777777778,FR,587.7777777777778,IT-NO,587.7777777777778,SG,587.7777777777778,US-NW-BPAT,587.7777777777778,US-CAL-CISO,587.7777777777778,GB,587.7777777777778,CA-ON,117.5555555555552
2022-01-01 12:00:00,CA-ON,326.52777777777777,ES,326.52777777777777,IT-NO,326.52777777777777,FR,326.52777777777777,US-NW-BPAT,326.52777777777777,SG,326.52777777777777,US-CAL-CISO,326.52777777777777,GB,65.30555555555532
2022-01-01 13:00:00,,,,,,,,,,,,,,,,
2022-01-01 14:00:00,CA-ON,1.5277777777777777,FR,1.5277777777777777,ES,1.5277777777777777,NL,1.5277777777777777,US-NW-BPAT,1.5277777777777777,IT-NO,1.5277777777777777,SG,1.5277777777777777,US-CAL-CISO,0.30555555555555536
2022-01-01 15:00:00,FR,244.86111111111111,ES,244.86111111111111,NL,244.86111111111111,IT-NO,244.86111111111111,SG,244.86111111111111,GB,244.86111111111111,US-CAL-CISO,244.86111111111111,CA-ON,48.97222222222237
2022-01-01 16:00:00,US-TEX-ERCO,238.19444444444443,ES,238.19444444444443,FR,238.19444444444443,IT-NO,238.19444444444443,NL,238.19444444444443,SG,238.19444444444443,GB,238.19444444444443,US-CAL-CISO,47.638888888889056
2022-01-01 17:00:00,US-TEX-ERCO,192.36111111111111,FR,192.36111111111111,ES,192.36111111111111,SG,192.36111111111111,NL,192.36111111111111,IT-NO,192.36111111111111,GB,192.36111111111111,US-CAL-CISO,38.47222222222234
2022-01-01 18:00:00,US-TEX-ERCO,549.3055555555555,FR,549.3055555555555,ES,549.3055555555555,NL,549.3055555555555,SG,549.3055555555555,IT-NO,549.3055555555555,GB,549.3055555555555,US-CAL-CISO,109.86111111111063
2022-01-01 19:00:00,FR,353.0555555555556,ES,353.0555555555556,NL,353.0555555555556,SG,353.0555555555556,IT-NO,353.0555555555556,GB,353.0555555555556,US-CAL-CISO,353.0555555555556,CA-ON,70.61111111111052
2022-01-01 20:00:00,US-TEX-ERCO,301.3888888888889,US-CAL-CISO,301.3888888888889,CA-ON,301.3888888888889,FR,301.3888888888889,ES,301.3888888888889,IT-NO,301.3888888888889,NL,301.3888888888889,SG,60.2777777777776
2022-01-01 21:00:00,US-CAL-CISO,290.1388888888889,CA-ON,290.1388888888889,FR,290.1388888888889,ES,290.1388888888889,IT-NO,290.1388888888889,SG,290.1388888888889,NL,290.1388888888889,GB,58.0277777777776
2022-01-01 22:00:00,US-TEX-ERCO,107.91666666666667,US-CAL-CISO,107.91666666666667,ES,107.91666666666667,FR,107.91666666666667,IT-NO,107.91666666666667,SG,107.91666666666667,NL,107.91666666666667,GB,21.58333333333333
2022-01-01 23:00:00,,,,,,,,,,,,,,,,
2022-01-02 00:00:00,US-TEX-ERCO,576.6666666666667,FR,576.6666666666667,NL,576.6666666666667,US-NW-BPAT,576.6666666666667,ES,576.6666666666667,IT-NO,576.6666666666667,SG,576.6666666666667,US-CAL-CISO,115.33333333333212
2022-01-02 01:00:00,US-TEX-ERCO,1027.7777777777778,FR,1027.7777777777778,US-NW-BPAT,1027.7777777777778,ES,1027.7777777777778,IT-NO,1027.7777777777778,SG,1027.7777777777778,NL,1027.7777777777778,US-CAL-CISO,205.55555555555657
2022-01-02 02:00:00,US-TEX-ERCO,728.8888888888889,FR,728.8888888888889,US-NW-BPAT,728.8888888888889,ES,728.8888888888889,IT-NO,728.8888888888889,GB,728.8888888888889,NL,728.8888888888889,SG,145.7777777777785
2022-01-02 03:00:00,US-TEX-ERCO,953.4722222222223,FR,953.4722222222223,ES,953.4722222222223,US-NW-BPAT,953.4722222222223,IT-NO,953.4722222222223,SG,953.4722222222223,US-CAL-CISO,953.4722222222223,GB,190.69444444444377
2022-01-02 04:00:00,US-TEX-ERCO,298.33333333333337,FR,298.33333333333337,ES,298.33333333333337,US-NW-BPAT,298.33333333333337,IT-NO,298.33333333333337,SG,298.33333333333337,US-CAL-CISO,298.33333333333337,CA-ON,59.66666666666606
2022-01-02 05:00:00,US-TEX-ERCO,317.9166666666667,FR,317.9166666666667,US-NW-BPAT,317.9166666666667,ES,317.9166666666667,IT-NO,317.9166666666667,SG,317.9166666666667,US-CAL-CISO,317.9166666666667,CA-ON,63.58333333333292
2022-01-02 06:00:00,ES,709.0277777777778,US-NW-BPAT,709.0277777777778,FR,709.0277777777778,IT-NO,709.0277777777778,GB,709.0277777777778,SG,709.0277777777778,US-CAL-CISO,709.0277777777778,CA-ON,141.80555555555566
2022-01-02 07:00:00,ES,648.6111111111112,FR,648.6111111111112,US-NW-BPAT,648.6111111111112,IT-NO,648.6111111111112,GB,648.6111111111112,SG,648.6111111111112,US-CAL-CISO,648.6111111111112,CA-ON,129.72222222222103
2022-01-02 08:00:00,FR,301.25,ES,301.25,US-NW-BPAT,301.25,IT-NO,301.25,GB,301.25,US-CAL-CISO,301.25,SG,301.25,CA-ON,60.25
2022-01-02 09:00:00,ES,71.66666666666667,FR,71.66666666666667,IT-NO,71.66666666666667,US-NW-BPAT,71.66666666666667,SG,71.66666666666667,US-CAL-CISO,71.66666666666667,GB,71.66666666666667,CA-ON,14.33333333333323
2022-01-02 10:00:00,NL,195.2777777777778,FR,195.2777777777778,ES,195.2777777777778,IT-NO,195.2777777777778,SG,195.2777777777778,GB,195.2777777777778,US-CAL-CISO,195.2777777777778,US-NW-BPAT,39.05555555555526
2022-01-02 11:00:00,CA-ON,743.4722222222222,FR,743.4722222222222,ES,743.4722222222222,NL,743.4722222222222,IT-NO,743.4722222222222,SG,743.4722222222222,US-NW-BPAT,743.4722222222222,GB,148.69444444444434
2022-01-02 12:00:00,CA-ON,1025.5555555555557,ES,1025.5555555555557,FR,1025.5555555555557,IT-NO,1025.5555555555557,US-NW-BPAT,1025.5555555555557,SG,1025.5555555555557,US-CAL-CISO,1025.5555555555557,GB,205.1111111111104
2022-01-02 13:00:00,CA-ON,480.97222222222223,FR,480.97222222222223,NL,480.97222222222223,ES,480.97222222222223,US-NW-BPAT,480.97222222222223,IT-NO,480.97222222222223,SG,480.97222222222223,US-CAL-CISO,96.19444444444474
2022-01-02 14:00:00,CA-ON,315.4166666666667,ES,315.4166666666667,US-NW-BPAT,315.4166666666667,NL,315.4166666666667,FR,315.4166666666667,IT-NO,315.4166666666667,IE,315.4166666666667,SG,63.08333333333292
2022-01-02 15:00:00,IE,1129.3055555555557,NL,1129.3055555555557,ES,1129.3055555555557,FR,1129.3055555555557,IT-NO,1129.3055555555557,SG,1129.3055555555557,GB,1129.3055555555557,US-CAL-CISO,225.8611111111104
2022-01-02 16:00:00,IE,908.4722222222223,CA-ON,908.4722222222223,ES,908.4722222222223,FR,908.4722222222223,IT-NO,908.4722222222223,NL,908.4722222222223,SG,908.4722222222223,GB,181.69444444444377
2022-01-02 17:00:00,IE,1527.638888888889,ES,1527.638888888889,FR,1527.638888888889,SG,1527.638888888889,IT-NO,1527.638888888889,NL,1527.638888888889,GB,1527.638888888889,CA-ON,305.52777777777874
2022-01-02 18:00:00,IE,1420.138888888889,ES,1420.138888888889,FR,1420.138888888889,NL,1420.138888888889,SG,1420.138888888889,IT-NO,1420.138888888889,GB,1420.138888888889,US-CAL-CISO,284.02777777777874
2022-01-02 19:00:00,IE,1012.0833333333334,ES,1012.0833333333334,FR,1012.0833333333334,SG,1012.0833333333334,IT-NO,1012.0833333333334,US-CAL-CISO,1012.0833333333334,GB,1012.0833333333334,CA-ON,202.41666666666708
2022-01-02 20:00:00,CA-ON,445.6944444444445,ES,445.6944444444445,FR,445.6944444444445,IT-NO,445.6944444444445,SG,445.6944444444445,US-CAL-CISO,445.6944444444445,GB,445.6944444444445,IE,89.13888888888852
2022-01-02 21:00:00,AU-VIC,337.77777777777777,CA-ON,337.77777777777777,ES,337.77777777777777,FR,337.77777777777777,SG,337.77777777777777,IT-NO,337.77777777777777,US-CAL-CISO,337.77777777777777,GB,67.55555555555532
2022-01-02 22:00:00,AU-VIC,796.3888888888889,US-CAL-CISO,796.3888888888889,ES,796.3888888888889,AU-NSW,796.3888888888889,FR,796.3888888888889,IT-NO,796.3888888888889,SG,796.3888888888889,GB,159.2777777777785
2022-01-02 23:00:00,AU-VIC,975.2777777777777,NL,975.2777777777777,DE,975.2777777777777,US-CAL-CISO,975.2777777777777,FR,975.2777777777777,ES,975.2777777777777,IT-NO,975.2777777777777,SG,195.05555555555668
2022-01-03 00:00:00,AU-VIC,585.1388888888889,NL,585.1388888888889,DE,585.1388888888889,FR,585.1388888888889,ES,585.1388888888889,US-NW-BPAT,585.1388888888889,IT-NO,585.1388888888889,GB,117.02777777777828
2022-01-03 01:00:00,AU-VIC,563.75,NL,563.75,DE,563.75,FR,563.75,US-NW-BPAT,563.75,ES,563.75,IT-NO,563.75,GB,112.75
2022-01-03 02:00:00,AU-VIC,357.3611111111111,NL,357.3611111111111,DE,357.3611111111111,FR,357.3611111111111,US-NW-BPAT,357.3611111111111,ES,357.3611111111111,IT-NO,357.3611111111111,GB,71.47222222222217
2022-01-03 03:00:00,AU-VIC,378.6111111111111,NL,378.6111111111111,DE,378.6111111111111,FR,378.6111111111111,ES,378.6111111111111,US-NW-BPAT,378.6111111111111,IT-NO,378.6111111111111,SG,75.72222222222217
2022-01-03 04:00:00,AU-VIC,419.3055555555556,NL,419.3055555555556,DE,419.3055555555556,FR,419.3055555555556,ES,419.3055555555556,US-NW-BPAT,419.3055555555556,IT-NO,419.3055555555556,SG,83.86111111111052
2022-01-03 05:00:00,AU-VIC,697.6388888888889,FR,697.6388888888889,ES,697.6388888888889,US-NW-BPAT,697.6388888888889,IT-NO,697.6388888888889,SG,697.6388888888889,GB,697.6388888888889,US-CAL-CISO,139.5277777777785
2022-01-03 06:00:00,AU-VIC,686.6666666666667,FR,686.6666666666667,ES,686.6666666666667,US-NW-BPAT,686.6666666666667,IT-NO,686.6666666666667,SG,686.6666666666667,US-CAL-CISO,686.6666666666667,GB,137.3333333333319
2022-01-03 07:00:00,AU-VIC,469.1666666666667,FR,469.1666666666667,ES,469.1666666666667,US-NW-BPAT,469.1666666666667,IT-NO,469.1666666666667,GB,469.1666666666667,SG,469.1666666666667,US-CAL-CISO,93.83333333333331
2022-01-03 08:00:00,FR,816.9444444444445,ES,816.9444444444445,US-NW-BPAT,816.9444444444445,IT-NO,816.9444444444445,US-CAL-CISO,816.9444444444445,GB,816.9444444444445,SG,816.9444444444445,CA-ON,163.38888888888937
2022-01-03 09:00:00,US-NW-BPAT,913.75,ES,913.75,FR,913.75,IT-NO,913.75,US-CAL-CISO,913.75,SG,913.75,GB,913.75,CA-ON,182.75
2022-01-03 10:00:00,CA-ON,1123.75,US-NW-BPAT,1123.75,ES,1123.75,FR,1123.75,IT-NO,1123.75,US-CAL-CISO,1123.75,SG,1123.75,NL,224.75
2022-01-03 11:00:00,US-NW-BPAT,926.9444444444445,ES,926.9444444444445,FR,926.9444444444445,IT-NO,926.9444444444445,US-CAL-CISO,926.9444444444445,SG,926.9444444444445,NL,926.9444444444445,GB,185.38888888888948
2022-01-03 12:00:00,US-NW-BPAT,681.8055555555555,ES,681.8055555555555,FR,681.8055555555555,IT-NO,681.8055555555555,US-CAL-CISO,681.8055555555555,SG,681.8055555555555,NL,681.8055555555555,GB,136.36111111111063
2022-01-03 13:00:00,ES,1269.1666666666667,US-NW-BPAT,1269.1666666666667,FR,1269.1666666666667,IT-NO,1269.1666666666667,SG,1269.1666666666667,US-CAL-CISO,1269.1666666666667,NL,1269.1666666666667,GB,253.83333333333167
2022-01-03 14:00:00,ES,464.86111111111114,US-NW-BPAT,464.86111111111114,FR,464.86111111111114,IT-NO,464.86111111111114,SG,464.86111111111114,US-CAL-CISO,464.86111111111114,NL,464.86111111111114,GB,92.97222222222189
2022-01-03 15:00:00,ES,790.0,US-NW-BPAT,790.0,FR,790.0,IT-NO,790.0,SG,790.0,US-CAL-CISO,790.0,NL,790.0,GB,158.0
2022-01-03 16:00:00,FR,1395.0,ES,1395.0,US-NW-BPAT,1395.0,IT-NO,1395.0,SG,1395.0,NL,1395.0,US-CAL-CISO,1395.0,GB,279.0
2022-01-03 17:00:00,ES,844.0277777777778,US-NW-BPAT,844.0277777777778,IT-NO,844.0277777777778,FR,844.0277777777778,SG,844.0277777777778,US-CAL-CISO,844.0277777777778,GB,844.0277777777778,CA-ON,168.8055555555561
2022-01-03 18:00:00,US-NW-BPAT,3399.8611111111113,ES,3399.8611111111113,SG,3399.8611111111113,IT-NO,3399.8611111111113,FR,3399.8611111111113,US-CAL-CISO,3399.8611111111113,GB,3399.8611111111113,CA-ON,679.9722222222244
2022-01-03 19:00:00,FR,1685.2777777777778,ES,1685.2777777777778,US-NW-BPAT,1685.2777777777778,IT-NO,1685.2777777777778,SG,1685.2777777777778,NL,1685.2777777777778,US-CAL-CISO,1685.2777777777778,GB,337.055555555557
2022-01-03 20:00:00,ES,1179.1666666666667,FR,1179.1666666666667,IT-NO,1179.1666666666667,SG,1179.1666666666667,NL,1179.1666666666667,US-CAL-CISO,1179.1666666666667,GB,1179.1666666666667,CA-ON,235.83333333333167
2022-01-03 21:00:00,AU-VIC,1346.8055555555557,ES,1346.8055555555557,FR,1346.8055555555557,IT-NO,1346.8055555555557,SG,1346.8055555555557,NL,1346.8055555555557,GB,1346.8055555555557,US-CAL-CISO,269.3611111111113
2022-01-03 22:00:00,AU-VIC,979.1666666666667,ES,979.1666666666667,FR,979.1666666666667,IT-NO,979.1666666666667,NL,979.1666666666667,SG,979.1666666666667,GB,979.1666666666667,US-CAL-CISO,195.83333333333167
2022-01-03 23:00:00,ES,950.4166666666667,FR,950.4166666666667,IT-NO,950.4166666666667,NL,950.4166666666667,SG,950.4166666666667,GB,950.4166666666667,US-CAL-CISO,950.4166666666667,CA-ON,190.08333333333167
2022-01-04 00:00:00,FR,3388.8888888888887,ES,3388.8888888888887,US-NW-BPAT,3388.8888888888887,IT-NO,3388.8888888888887,GB,3388.8888888888887,SG,3388.8888888888887,US-CAL-CISO,3388.8888888888887,CA-ON,677.7777777777756
2022-01-04 01:00:00,FR,813.6111111111112,ES,813.6111111111112,US-NW-BPAT,813.6111111111112,IT-NO,813.6111111111112,SG,813.6111111111112,GB,813.6111111111112,US-CAL-CISO,813.6111111111112,CA-ON,162.72222222222103
2022-01-04 02:00:00,FR,560.9722222222222,ES,560.9722222222222,US-NW-BPAT,560.9722222222222,IT-NO,560.9722222222222,SG,560.9722222222222,GB,560.9722222222222,US-CAL-CISO,560.9722222222222,CA-ON,112.1944444444448
2022-01-04 03:00:00,US-TEX-ERCO,495.83333333333337,CA-ON,495.83333333333337,AU-VIC,495.83333333333337,FR,495.83333333333337,ES,495.83333333333337,US-NW-BPAT,495.83333333333337,IT-NO,495.83333333333337,SG,99.16666666666583
2022-01-04 04:00:00,AU-VIC,356.6666666666667,US-TEX-ERCO,356.6666666666667,CA-ON,356.6666666666667,FR,356.6666666666667,ES,356.6666666666667,US-NW-BPAT,356.6666666666667,IT-NO,356.6666666666667,SG,71.33333333333314
2022-01-04 05:00:00,AU-VIC,325.4166666666667,US-TEX-ERCO,325.4166666666667,FR,325.4166666666667,ES,325.4166666666667,US-NW-BPAT,325.4166666666667,IT-NO,325.4166666666667,GB,325.4166666666667,SG,65.08333333333292
2022-01-04 06:00:00,,,,,,,,,,,,,,,,
2022-01-04 07:00:00,,,,,,,,,,,,,,,,
2022-01-04 08:00:00,,,,,,,,,,,,,,,,
2022-01-04 09:00:00,US-TEX-ERCO,88.47222222222223,US-NW-BPAT,88.47222222222223,ES,88.47222222222223,IT-NO,88.47222222222223,FR,88.47222222222223,US-CAL-CISO,88.47222222222223,SG,88.47222222222223,GB,17.694444444444457
2022-01-04 10:00:00,US-TEX-ERCO,501.80555555555554,US-NW-BPAT,501.80555555555554,ES,501.80555555555554,IT-NO,501.80555555555554,FR,501.80555555555554,US-CAL-CISO,501.80555555555554,SG,501.80555555555554,GB,100.36111111111063
2022-01-04 11:00:00,US-TEX-ERCO,27.083333333333336,US-NW-BPAT,27.083333333333336,ES,27.083333333333336,IT-NO,27.083333333333336,FR,27.083333333333336,US-CAL-CISO,27.083333333333336,SG,27.083333333333336,GB,5.416666666666622
2022-01-04 12:00:00,US-TEX-ERCO,309.02777777777777,US-NW-BPAT,309.02777777777777,ES,309.02777777777777,IT-NO,309.02777777777777,FR,309.02777777777777,US-CAL-CISO,309.02777777777777,SG,309.02777777777777,GB,61.805555555555316
2022-01-04 13:00:00,US-TEX-ERCO,49.16666666666667,US-NW-BPAT,49.16666666666667,ES,49.16666666666667,FR,49.16666666666667,IT-NO,49.16666666666667,SG,49.16666666666667,US-CAL-CISO,49.16666666666667,GB,9.833333333333243
2022-01-04 14:00:00,US-TEX-ERCO,321.8055555555556,US-NW-BPAT,321.8055555555556,ES,321.8055555555556,IT-NO,321.8055555555556,SG,321.8055555555556,FR,321.8055555555556,US-CAL-CISO,321.8055555555556,GB,64.36111111111052
2022-01-04 15:00:00,US-TEX-ERCO,104.58333333333334,US-NW-BPAT,104.58333333333334,ES,104.58333333333334,IT-NO,104.58333333333334,SG,104.58333333333334,FR,104.58333333333334,US-CAL-CISO,104.58333333333334,GB,20.916666666666487
2022-01-04 16:00:00,US-TEX-ERCO,729.8611111111112,US-NW-BPAT,729.8611111111112,ES,729.8611111111112,IT-NO,729.8611111111112,SG,729.8611111111112,FR,729.8611111111112,US-CAL-CISO,729.8611111111112,GB,145.97222222222103
2022-01-04 17:00:00,US-TEX-ERCO,2166.1111111111113,ES,2166.1111111111113,IT-NO,2166.1111111111113,FR,2166.1111111111113,NL,2166.1111111111113,SG,2166.1111111111113,US-CAL-CISO,2166.1111111111113,CA-ON,433.2222222222208
2022-01-04 18:00:00,US-TEX-ERCO,2179.5833333333335,ES,2179.5833333333335,IT-NO,2179.5833333333335,SG,2179.5833333333335,NL,2179.5833333333335,FR,2179.5833333333335,US-CAL-CISO,2179.5833333333335,CA-ON,435.91666666666333
2022-01-04 19:00:00,US-TEX-ERCO,2391.666666666667,ES,2391.666666666667,IT-NO,2391.666666666667,SG,2391.666666666667,NL,2391.666666666667,FR,2391.666666666667,US-CAL-CISO,2391.666666666667,CA-ON,478.3333333333285
2022-01-04 20:00:00,US-TEX-ERCO,1007.2222222222223,CA-ON,1007.2222222222223,ES,1007.2222222222223,FR,1007.2222222222223,IT-NO,1007.2222222222223,SG,1007.2222222222223,NL,1007.2222222222223,US-CAL-CISO,201.44444444444332
2022-01-04 21:00:00,US-TEX-ERCO,2415.694444444445,ES,2415.694444444445,FR,2415.694444444445,IT-NO,2415.694444444445,SG,2415.694444444445,NL,2415.694444444445,US-CAL-CISO,2415.694444444445,GB,483.13888888888414
2022-01-04 22:00:00,US-TEX-ERCO,2264.027777777778,AU-VIC,2264.027777777778,ES,2264.027777777778,US-NW-BPAT,2264.027777777778,IT-NO,2264.027777777778,FR,2264.027777777778,NL,2264.027777777778,SG,452.8055555555575
2022-01-04 23:00:00,ES,2222.3611111111113,IT-NO,2222.3611111111113,FR,2222.3611111111113,NL,2222.3611111111113,SG,2222.3611111111113,GB,2222.3611111111113,US-CAL-CISO,2222.3611111111113,CA-ON,444.4722222222208
2022-01-05 00:00:00,FR,810.6944444444445,ES,810.6944444444445,US-NW-BPAT,810.6944444444445,IT-NO,810.6944444444445,GB,810.6944444444445,SG,810.6944444444445,US-CAL-CISO,810.6944444444445,CA-ON,162.13888888888937
2022-01-05 01:00:00,FR,660.6944444444445,ES,660.6944444444445,US-NW-BPAT,660.6944444444445,IT-NO,660.6944444444445,SG,660.6944444444445,GB,660.6944444444445,US-CAL-CISO,660.6944444444445,CA-ON,132.13888888888937
2022-01-05 02:00:00,FR,120.83333333333334,ES,120.83333333333334,US-NW-BPAT,120.83333333333334,IT-NO,120.83333333333334,SG,120.83333333333334,GB,120.83333333333334,US-CAL-CISO,120.83333333333334,CA-ON,24.16666666666646
2022-01-05 03:00:00,FR,2.638888888888889,ES,2.638888888888889,US-NW-BPAT,2.638888888888889,IT-NO,2.638888888888889,SG,2.638888888888889,GB,2.638888888888889,US-CAL-CISO,2.638888888888889,CA-ON,0.5277777777777759
2022-01-05 04:00:00,AU-VIC,390.1388888888889,FR,390.1388888888889,ES,390.1388888888889,US-NW-BPAT,390.1388888888889,IT-NO,390.1388888888889,SG,390.1388888888889,US-CAL-CISO,390.1388888888889,GB,78.02777777777783
2022-01-05 05:00:00,AU-VIC,264.44444444444446,CA-ON,264.44444444444446,FR,264.44444444444446,ES,264.44444444444446,US-NW-BPAT,264.44444444444446,IT-NO,264.44444444444446,SG,264.44444444444446,US-CAL-CISO,52.88888888888914
2022-01-05 06:00:00,CA-ON,355.4166666666667,ES,355.4166666666667,US-NW-BPAT,355.4166666666667,FR,355.4166666666667,IT-NO,355.4166666666667,US-CAL-CISO,355.4166666666667,SG,355.4166666666667,AU-VIC,71.08333333333314
2022-01-05 07:00:00,CA-ON,472.7777777777778,FR,472.7777777777778,ES,472.7777777777778,US-NW-BPAT,472.7777777777778,IT-NO,472.7777777777778,US-CAL-CISO,472.7777777777778,SG,472.7777777777778,GB,94.5555555555552
2022-01-05 08:00:00,CA-ON,378.75,FR,378.75,ES,378.75,US-NW-BPAT,378.75,IT-NO,378.75,US-CAL-CISO,378.75,SG,378.75,GB,75.75
2022-01-05 09:00:00,CA-ON,475.97222222222223,ES,475.97222222222223,US-NW-BPAT,475.97222222222223,FR,475.97222222222223,IT-NO,475.97222222222223,US-CAL-CISO,475.97222222222223,SG,475.97222222222223,GB,95.19444444444474
2022-01-05 10:00:00,CA-ON,246.80555555555557,US-NW-BPAT,246.80555555555557,ES,246.80555555555557,IT-NO,246.80555555555557,FR,246.80555555555557,SG,246.80555555555557,US-CAL-CISO,246.80555555555557,GB,49.36111111111083
2022-01-05 11:00:00,CA-ON,103.05555555555556,US-NW-BPAT,103.05555555555556,ES,103.05555555555556,IT-NO,103.05555555555556,US-CAL-CISO,103.05555555555556,FR,103.05555555555556,SG,103.05555555555556,GB,20.61111111111117
2022-01-05 12:00:00,CA-ON,303.33333333333337,US-NW-BPAT,303.33333333333337,ES,303.33333333333337,IT-NO,303.33333333333337,US-CAL-CISO,303.33333333333337,FR,303.33333333333337,SG,303.33333333333337,GB,60.66666666666606
2022-01-05 13:00:00,CA-ON,239.72222222222226,ES,239.72222222222226,US-NW-BPAT,239.72222222222226,IT-NO,239.72222222222226,FR,239.72222222222226,SG,239.72222222222226,US-CAL-CISO,239.72222222222226,GB,47.94444444444426
2022-01-05 14:00:00,CA-ON,634.8611111111112,US-NW-BPAT,634.8611111111112,ES,634.8611111111112,IT-NO,634.8611111111112,US-CAL-CISO,634.8611111111112,SG,634.8611111111112,FR,634.8611111111112,GB,126.97222222222103
2022-01-05 15:00:00,US-NW-BPAT,552.0833333333334,ES,552.0833333333334,IT-NO,552.0833333333334,SG,552.0833333333334,US-CAL-CISO,552.0833333333334,FR,552.0833333333334,GB,552.0833333333334,CA-ON,110.41666666666583
2022-01-05 16:00:00,US-NW-BPAT,340.83333333333337,ES,340.83333333333337,IT-NO,340.83333333333337,SG,340.83333333333337,FR,340.83333333333337,US-CAL-CISO,340.83333333333337,GB,340.83333333333337,CA-ON,68.16666666666595
2022-01-05 17:00:00,ES,135.41666666666669,US-NW-BPAT,135.41666666666669,FR,135.41666666666669,IT-NO,135.41666666666669,SG,135.41666666666669,US-CAL-CISO,135.41666666666669,CA-ON,135.41666666666669,GB,27.08333333333303
2022-01-05 18:00:00,CA-ON,73.33333333333334,ES,73.33333333333334,US-NW-BPAT,73.33333333333334,FR,73.33333333333334,IT-NO,73.33333333333334,SG,73.33333333333334,US-CAL-CISO,73.33333333333334,GB,14.666666666666515
2022-01-05 19:00:00,ES,10.0,US-NW-BPAT,10.0,FR,10.0,IT-NO,10.0,SG,10.0,NL,10.0,US-CAL-CISO,10.0,CA-ON,2.0
2022-01-05 20:00:00,US-CAL-CISO,21.666666666666668,ES,21.666666666666668,IT-NO,21.666666666666668,FR,21.666666666666668,NL,21.666666666666668,SG,21.666666666666668,CA-ON,21.666666666666668,GB,4.3333333333333215
2022-01-05 21:00:00,,,,,,,,,,,,,,,,
2022-01-05 22:00:00,AU-VIC,832.6388888888889,CA-ON,832.6388888888889,ES,832.6388888888889,US-NW-BPAT,832.6388888888889,IT-NO,832.6388888888889,FR,832.6388888888889,NL,832.6388888888889,SG,166.5277777777785
2022-01-05 23:00:00,ES,685.8333333333334,CA-ON,685.8333333333334,IT-NO,685.8333333333334,NL,685.8333333333334,FR,685.8333333333334,SG,685.8333333333334,GB,685.8333333333334,US-CAL-CISO,137.1666666666663
2022-01-06 00:00:00,CA-ON,175.2777777777778,IE,175.2777777777778,FR,175.2777777777778,ES,175.2777777777778,US-NW-BPAT,175.2777777777778,IT-NO,175.2777777777778,SG,175.2777777777778,US-CAL-CISO,35.05555555555526
2022-01-06 01:00:00,IE,658.3333333333334,CA-ON,658.3333333333334,FR,658.3333333333334,ES,658.3333333333334,US-NW-BPAT,658.3333333333334,IT-NO,658.3333333333334,SG,658.3333333333334,US-CAL-CISO,131.66666666666583
2022-01-06 02:00:00,IE,386.1111111111111,FR,386.1111111111111,ES,386.1111111111111,US-NW-BPAT,386.1111111111111,IT-NO,386.1111111111111,SG,386.1111111111111,GB,386.1111111111111,US-CAL-CISO,77.22222222222217
2022-01-06 03:00:00,IE,669.3055555555555,FR,669.3055555555555,ES,669.3055555555555,US-NW-BPAT,669.3055555555555,IT-NO,669.3055555555555,SG,669.3055555555555,US-CAL-CISO,669.3055555555555,GB,133.86111111111063
2022-01-06 04:00:00,CA-ON,535.2777777777778,IE,535.2777777777778,FR,535.2777777777778,ES,535.2777777777778,US-NW-BPAT,535.2777777777778,IT-NO,535.2777777777778,SG,535.2777777777778,GB,107.0555555555552
2022-01-06 05:00:00,CA-ON,481.9444444444445,IE,481.9444444444445,ES,481.9444444444445,FR,481.9444444444445,US-NW-BPAT,481.9444444444445,IT-NO,481.9444444444445,SG,481.9444444444445,US-CAL-CISO,96.38888888888852
2022-01-06 06:00:00,IE,391.52777777777777,CA-ON,391.52777777777777,ES,391.52777777777777,FR,391.52777777777777,US-NW-BPAT,391.52777777777777,IT-NO,391.52777777777777,US-CAL-CISO,391.52777777777777,SG,78.30555555555532
2022-01-06 07:00:00,,,,,,,,,,,,,,,,
2022-01-06 08:00:00,FR,9.444444444444445,ES,9.444444444444445,US-NW-BPAT,9.444444444444445,IT-NO,9.444444444444445,US-CAL-CISO,9.444444444444445,SG,9.444444444444445,GB,9.444444444444445,CA-ON,1.8888888888888964
2022-01-06 09:00:00,ES,378.33333333333337,US-NW-BPAT,378.33333333333337,FR,378.33333333333337,IT-NO,378.33333333333337,US-CAL-CISO,378.33333333333337,SG,378.33333333333337,CA-ON,378.33333333333337,GB,75.66666666666595
2022-01-06 10:00:00,CA-ON,299.02777777777777,US-NW-BPAT,299.02777777777777,ES,299.02777777777777,IT-NO,299.02777777777777,US-CAL-CISO,299.02777777777777,FR,299.02777777777777,SG,299.02777777777777,GB,59.805555555555316
2022-01-06 11:00:00,CA-ON,244.44444444444443,US-NW-BPAT,244.44444444444443,ES,244.44444444444443,IT-NO,244.44444444444443,US-CAL-CISO,244.44444444444443,FR,244.44444444444443,SG,244.44444444444443,GB,48.88888888888917
2022-01-06 12:00:00,CA-ON,110.41666666666667,US-NW-BPAT,110.41666666666667,ES,110.41666666666667,IT-NO,110.41666666666667,US-CAL-CISO,110.41666666666667,FR,110.41666666666667,SG,110.41666666666667,GB,22.08333333333333
2022-01-06 13:00:00,CA-ON,30.13888888888889,US-NW-BPAT,30.13888888888889,ES,30.13888888888889,IT-NO,30.13888888888889,FR,30.13888888888889,SG,30.13888888888889,US-CAL-CISO,30.13888888888889,IE,6.027777777777796
2022-01-06 14:00:00,US-TEX-ERCO,146.5277777777778,US-NW-BPAT,146.5277777777778,ES,146.5277777777778,IT-NO,146.5277777777778,US-CAL-CISO,146.5277777777778,SG,146.5277777777778,FR,146.5277777777778,GB,29.30555555555526
2022-01-06 15:00:00,US-TEX-ERCO,195.97222222222223,ES,195.97222222222223,US-NW-BPAT,195.97222222222223,IT-NO,195.97222222222223,US-CAL-CISO,195.97222222222223,SG,195.97222222222223,FR,195.97222222222223,GB,39.19444444444463
2022-01-06 16:00:00,US-TEX-ERCO,358.33333333333337,CA-ON,358.33333333333337,ES,358.33333333333337,US-NW-BPAT,358.33333333333337,IT-NO,358.33333333333337,FR,358.33333333333337,US-CAL-CISO,358.33333333333337,SG,71.66666666666595
2022-01-06 17:00:00,US-TEX-ERCO,4.861111111111111,ES,4.861111111111111,US-NW-BPAT,4.861111111111111,IT-NO,4.861111111111111,FR,4.861111111111111,SG,4.861111111111111,US-CAL-CISO,4.861111111111111,CA-ON,0.972222222222225
2022-01-06 18:00:00,US-TEX-ERCO,8.75,CA-ON,8.75,ES,8.75,US-NW-BPAT,8.75,IT-NO,8.75,FR,8.75,SG,8.75,US-CAL-CISO,1.75
2022-01-06 19:00:00,CA-ON,79.44444444444444,ES,79.44444444444444,IT-NO,79.44444444444444,FR,79.44444444444444,SG,79.44444444444444,US-CAL-CISO,79.44444444444444,GB,79.44444444444444,US-NW-BPAT,15.888888888888829
2022-01-06 20:00:00,,,,,,,,,,,,,,,,
2022-01-06 21:00:00,,,,,,,,,,,,,,,,
2022-01-06 22:00:00,,,,,,,,,,,,,,,,
2022-01-06 23:00:00,US-CAL-CISO,165.0,ES,165.0,NL,165.0,IT-NO,165.0,FR,165.0,SG,165.0,GB,165.0,AU-VIC,33.0
2022-01-07 00:00:00,FR,151.38888888888889,ES,151.38888888888889,US-NW-BPAT,151.38888888888889,IT-NO,151.38888888888889,GB,151.38888888888889,SG,151.38888888888889,US-CAL-CISO,151.38888888888889,CA-ON,30.277777777777658
2022-01-07 01:00:00,FR,155.83333333333334,ES,155.83333333333334,US-NW-BPAT,155.83333333333334,IT-NO,155.83333333333334,SG,155.83333333333334,US-CAL-CISO,155.83333333333334,GB,155.83333333333334,CA-ON,31.16666666666646
2022-01-07 02:00:00,FR,20.0,ES,20.0,US-NW-BPAT,20.0,IT-NO,20.0,SG,20.0,US-CAL-CISO,20.0,GB,20.0,NL,4.0
2022-01-07 03:00:00,FR,65.69444444444444,ES,65.69444444444444,US-NW-BPAT,65.69444444444444,IT-NO,65.69444444444444,SG,65.69444444444444,US-CAL-CISO,65.69444444444444,GB,65.69444444444444,NL,13.138888888888829
2022-01-07 04:00:00,FR,17.77777777777778,ES,17.77777777777778,US-NW-BPAT,17.77777777777778,IT-NO,17.77777777777778,SG,17.77777777777778,US-CAL-CISO,17.77777777777778,GB,17.77777777777778,CA-ON,3.5555555555555713
2022-01-07 05:00:00,,,,,,,,,,,,,,,,
2022-01-07 06:00:00,,,,,,,,,,,,,,,,
2022-01-07 07:00:00,,,,,,,,,,,,,,,,
2022-01-07 08:00:00,,,,,,,,,,,,,,,,
2022-01-07 09:00:00,,,,,,,,,,,,,,,,
2022-01-07 10:00:00,US-NW-BPAT,49.583333333333336,ES,49.583333333333336,IT-NO,49.583333333333336,FR,49.583333333333336,US-CAL-CISO,49.583333333333336,SG,49.583333333333336,CA-ON,49.583333333333336,GB,9.916666666666671
2022-01-07 11:00:00,US-NW-BPAT,329.58333333333337,ES,329.58333333333337,IT-NO,329.58333333333337,FR,329.58333333333337,US-CAL-CISO,329.58333333333337,SG,329.58333333333337,GB,329.58333333333337,US-TEX-ERCO,65.91666666666595
2022-01-07 12:00:00,US-NW-BPAT,154.44444444444446,ES,154.44444444444446,IT-NO,154.44444444444446,FR,154.44444444444446,US-CAL-CISO,154.44444444444446,SG,154.44444444444446,GB,154.44444444444446,CA-ON,30.8888888888888
2022-01-07 13:00:00,ES,373.0555555555556,US-NW-BPAT,373.0555555555556,IT-NO,373.0555555555556,FR,373.0555555555556,US-CAL-CISO,373.0555555555556,SG,373.0555555555556,GB,373.0555555555556,CA-ON,74.61111111111052
2022-01-07 14:00:00,US-NW-BPAT,414.3055555555556,ES,414.3055555555556,IT-NO,414.3055555555556,US-CAL-CISO,414.3055555555556,SG,414.3055555555556,FR,414.3055555555556,GB,414.3055555555556,CA-ON,82.86111111111052
2022-01-07 15:00:00,ES,49.30555555555556,IT-NO,49.30555555555556,FR,49.30555555555556,SG,49.30555555555556,US-CAL-CISO,49.30555555555556,US-NW-BPAT,49.30555555555556,GB,49.30555555555556,CA-ON,9.861111111111157
2022-01-07 16:00:00,ES,100.27777777777777,IT-NO,100.27777777777777,FR,100.27777777777777,SG,100.27777777777777,US-CAL-CISO,100.27777777777777,US-NW-BPAT,100.27777777777777,GB,100.27777777777777,CA-ON,20.055555555555486
2022-01-07 17:00:00,,,,,,,,,,,,,,,,
2022-01-07 18:00:00,ES,240.0,IT-NO,240.0,FR,240.0,SG,240.0,US-CAL-CISO,240.0,CA-ON,240.0,GB,240.0,US-NW-BPAT,48.0
2022-01-07 19:00:00,US-NW-BPAT,259.58333333333337,ES,259.58333333333337,IT-NO,259.58333333333337,SG,259.58333333333337,FR,259.58333333333337,US-CAL-CISO,259.58333333333337,CA-ON,259.58333333333337,GB,51.91666666666606
2022-01-07 20:00:00,CA-ON,415.97222222222223,US-NW-BPAT,415.97222222222223,ES,415.97222222222223,IT-NO,415.97222222222223,NL,415.97222222222223,SG,415.97222222222223,FR,415.97222222222223,US-CAL-CISO,83.19444444444468
2022-01-07 21:00:00,CA-ON,115.41666666666667,US-NW-BPAT,115.41666666666667,ES,115.41666666666667,IT-NO,115.41666666666667,FR,115.41666666666667,NL,115.41666666666667,SG,115.41666666666667,US-CAL-CISO,23.08333333333333
2022-01-07 22:00:00,US-MIDW-MISO,225.83333333333334,ES,225.83333333333334,IT-NO,225.83333333333334,NL,225.83333333333334,FR,225.83333333333334,SG,225.83333333333334,US-CAL-CISO,225.83333333333334,GB,45.16666666666666
2022-01-07 23:00:00,ES,264.58333333333337,IT-NO,264.58333333333337,FR,264.58333333333337,NL,264.58333333333337,SG,264.58333333333337,GB,264.58333333333337,US-CAL-CISO,264.58333333333337,CA-ON,52.91666666666606
2022-01-08 00:00:00,US-MIDW-MISO,345.83333333333337,FR,345.83333333333337,ES,345.83333333333337,IT-NO,345.83333333333337,SG,345.83333333333337,GB,345.83333333333337,US-CAL-CISO,345.83333333333337,US-NW-BPAT,69.16666666666595
2022-01-08 01:00:00,US-MIDW-MISO,102.08333333333334,FR,102.08333333333334,ES,102.08333333333334,IT-NO,102.08333333333334,NL,102.08333333333334,SG,102.08333333333334,GB,102.08333333333334,US-CAL-CISO,20.416666666666487
2022-01-08 02:00:00,US-TEX-ERCO,2.777777777777778,US-MIDW-MISO,2.777777777777778,AU-VIC,2.777777777777778,IE,2.777777777777778,FR,2.777777777777778,ES,2.777777777777778,IT-NO,2.777777777777778,NL,0.5555555555555509
2022-01-08 03:00:00,,,,,,,,,,,,,,,,
2022-01-08 04:00:00,US-TEX-ERCO,186.94444444444446,US-MIDW-MISO,186.94444444444446,FR,186.94444444444446,ES,186.94444444444446,IT-NO,186.94444444444446,SG,186.94444444444446,GB,186.94444444444446,US-CAL-CISO,37.388888888888914
2022-01-08 05:00:00,US-TEX-ERCO,162.63888888888889,US-MIDW-MISO,162.63888888888889,FR,162.63888888888889,ES,162.63888888888889,IT-NO,162.63888888888889,SG,162.63888888888889,US-CAL-CISO,162.63888888888889,US-NW-BPAT,32.52777777777766
2022-01-08 06:00:00,US-MIDW-MISO,149.58333333333334,FR,149.58333333333334,ES,149.58333333333334,US-NW-BPAT,149.58333333333334,GB,149.58333333333334,IT-NO,149.58333333333334,US-CAL-CISO,149.58333333333334,IE,29.91666666666646
2022-01-08 07:00:00,FR,223.75,ES,223.75,IT-NO,223.75,IE,223.75,SG,223.75,GB,223.75,US-CAL-CISO,223.75,CA-ON,44.75
2022-01-08 08:00:00,FR,39.72222222222222,ES,39.72222222222222,US-NW-BPAT,39.72222222222222,IT-NO,39.72222222222222,US-CAL-CISO,39.72222222222222,SG,39.72222222222222,GB,39.72222222222222,CA-ON,7.944444444444414
2022-01-08 09:00:00,US-MIDW-MISO,27.63888888888889,US-NW-BPAT,27.63888888888889,ES,27.63888888888889,FR,27.63888888888889,IT-NO,27.63888888888889,SG,27.63888888888889,US-CAL-CISO,27.63888888888889,GB,5.527777777777796
2022-01-08 10:00:00,US-MIDW-MISO,193.05555555555554,US-NW-BPAT,193.05555555555554,ES,193.05555555555554,IT-NO,193.05555555555554,FR,193.05555555555554,US-CAL-CISO,193.05555555555554,SG,193.05555555555554,GB,38.611111111111086
2022-01-08 11:00:00,US-MIDW-MISO,433.1944444444445,US-NW-BPAT,433.1944444444445,ES,433.1944444444445,IT-NO,433.1944444444445,FR,433.1944444444445,SG,433.1944444444445,US-CAL-CISO,433.1944444444445,GB,86.63888888888852
2022-01-08 12:00:00,US-NW-BPAT,470.13888888888886,ES,470.13888888888886,IT-NO,470.13888888888886,FR,470.13888888888886,NL,470.13888888888886,SG,470.13888888888886,US-CAL-CISO,470.13888888888886,GB,94.02777777777811
2022-01-08 13:00:00,CA-ON,628.75,US-MIDW-MISO,628.75,ES,628.75,US-NW-BPAT,628.75,FR,628.75,IT-NO,628.75,SG,628.75,US-CAL-CISO,125.75
2022-01-08 14:00:00,CA-ON,816.1111111111112,US-MIDW-MISO,816.1111111111112,US-NW-BPAT,816.1111111111112,ES,816.1111111111112,IT-NO,816.1111111111112,FR,816.1111111111112,SG,816.1111111111112,NL,163.22222222222103
2022-01-08 15:00:00,US-TEX-ERCO,438.1944444444445,CA-ON,438.1944444444445,US-MIDW-MISO,438.1944444444445,ES,438.1944444444445,IT-NO,438.1944444444445,FR,438.1944444444445,NL,438.1944444444445,SG,87.63888888888852
2022-01-08 16:00:00,,,,,,,,,,,,,,,,
2022-01-08 17:00:00,CA-ON,166.80555555555554,ES,166.80555555555554,IT-NO,166.80555555555554,SG,166.80555555555554,FR,166.80555555555554,GB,166.80555555555554,US-CAL-CISO,166.80555555555554,NL,33.361111111111086
2022-01-08 18:00:00,,,,,,,,,,,,,,,,
2022-01-08 19:00:00,,,,,,,,,,,,,,,,
2022-01-08 20:00:00,CA-ON,109.72222222222221,ES,109.72222222222221,FR,109.72222222222221,SG,109.72222222222221,IT-NO,109.72222222222221,NL,109.72222222222221,US-CAL-CISO,109.72222222222221,GB,21.944444444444528
2022-01-08 21:00:00,ES,277.3611111111111,FR,277.3611111111111,IT-NO,277.3611111111111,NL,277.3611111111111,SG,277.3611111111111,US-CAL-CISO,277.3611111111111,GB,277.3611111111111,US-NW-BPAT,55.4722222222224
2022-01-08 22:00:00,US-CAL-CISO,1055.0,ES,1055.0,FR,1055.0,IT-NO,1055.0,NL,1055.0,SG,1055.0,GB,1055.0,US-NW-BPAT,211.0
2022-01-08 23:00:00,ES,535.9722222222222,FR,535.9722222222222,IT-NO,535.9722222222222,NL,535.9722222222222,SG,535.9722222222222,GB,535.9722222222222,US-CAL-CISO,535.9722222222222,US-NW-BPAT,107.1944444444448
2022-01-09 00:00:00,ES,633.3333333333334,FR,633.3333333333334,IT-NO,633.3333333333334,SG,633.3333333333334,GB,633.3333333333334,US-CAL-CISO,633.3333333333334,US-NW-BPAT,633.3333333333334,CA-ON,126.66666666666583
2022-01-09 01:00:00,AU-VIC,42.361111111111114,FR,42.361111111111114,ES,42.361111111111114,IT-NO,42.361111111111114,SG,42.361111111111114,GB,42.361111111111114,US-CAL-CISO,42.361111111111114,US-NW-BPAT,8.472222222222229
2022-01-09 02:00:00,,,,,,,,,,,,,,,,
2022-01-09 03:00:00,AU-VIC,198.88888888888889,CA-ON,198.88888888888889,ES,198.88888888888889,FR,198.88888888888889,IT-NO,198.88888888888889,SG,198.88888888888889,US-CAL-CISO,198.88888888888889,GB,39.77777777777766
2022-01-09 04:00:00,AU-VIC,160.13888888888889,US-MIDW-MISO,160.13888888888889,ES,160.13888888888889,FR,160.13888888888889,US-NW-BPAT,160.13888888888889,IT-NO,160.13888888888889,SG,160.13888888888889,US-CAL-CISO,32.02777777777766
2022-01-09 05:00:00,AU-VIC,220.0,CA-ON,220.0,US-MIDW-MISO,220.0,FR,220.0,ES,220.0,US-NW-BPAT,220.0,IT-NO,220.0,SG,44.0
2022-01-09 06:00:00,US-MIDW-MISO,145.69444444444446,FR,145.69444444444446,US-NW-BPAT,145.69444444444446,ES,145.69444444444446,IT-NO,145.69444444444446,US-CAL-CISO,145.69444444444446,SG,145.69444444444446,GB,29.1388888888888
2022-01-09 07:00:00,CA-ON,72.08333333333334,US-MIDW-MISO,72.08333333333334,FR,72.08333333333334,ES,72.08333333333334,IT-NO,72.08333333333334,SG,72.08333333333334,US-CAL-CISO,72.08333333333334,GB,14.416666666666515
2022-01-09 08:00:00,CA-ON,82.08333333333334,US-MIDW-MISO,82.08333333333334,FR,82.08333333333334,ES,82.08333333333334,IT-NO,82.08333333333334,SG,82.08333333333334,US-CAL-CISO,82.08333333333334,GB,16.416666666666487
2022-01-09 09:00:00,US-MIDW-MISO,173.61111111111111,FR,173.61111111111111,ES,173.61111111111111,IT-NO,173.61111111111111,SG,173.61111111111111,GB,173.61111111111111,US-CAL-CISO,173.61111111111111,CA-ON,34.72222222222234
2022-01-09 10:00:00,US-TEX-ERCO,415.5555555555556,CA-ON,415.5555555555556,US-MIDW-MISO,415.5555555555556,FR,415.5555555555556,ES,415.5555555555556,US-NW-BPAT,415.5555555555556,IT-NO,415.5555555555556,NL,83.11111111111052
2022-01-09 11:00:00,US-TEX-ERCO,823.8888888888889,CA-ON,823.8888888888889,US-MIDW-MISO,823.8888888888889,ES,823.8888888888889,FR,823.8888888888889,US-NW-BPAT,823.8888888888889,IT-NO,823.8888888888889,NL,164.7777777777785
2022-01-09 12:00:00,CA-ON,391.3888888888889,US-MIDW-MISO,391.3888888888889,US-NW-BPAT,391.3888888888889,ES,391.3888888888889,IT-NO,391.3888888888889,FR,391.3888888888889,US-CAL-CISO,391.3888888888889,NL,78.27777777777783
2022-01-09 13:00:00,US-TEX-ERCO,211.11111111111111,CA-ON,211.11111111111111,FR,211.11111111111111,ES,211.11111111111111,US-NW-BPAT,211.11111111111111,IT-NO,211.11111111111111,US-CAL-CISO,211.11111111111111,SG,42.22222222222234
2022-01-09 14:00:00,US-NW-BPAT,424.02777777777777,ES,424.02777777777777,IT-NO,424.02777777777777,US-CAL-CISO,424.02777777777777,SG,424.02777777777777,FR,424.02777777777777,GB,424.02777777777777,CA-ON,84.80555555555532
2022-01-09 15:00:00,US-TEX-ERCO,3735.277777777778,CA-ON,3735.277777777778,ES,3735.277777777778,IT-NO,3735.277777777778,SG,3735.277777777778,FR,3735.277777777778,US-CAL-CISO,3735.277777777778,GB,747.0555555555579
2022-01-09 16:00:00,US-TEX-ERCO,1622.9166666666667,CA-ON,1622.9166666666667,ES,1622.9166666666667,IT-NO,1622.9166666666667,FR,1622.9166666666667,SG,1622.9166666666667,GB,1622.9166666666667,US-CAL-CISO,324.5833333333335
2022-01-09 17:00:00,US-TEX-ERCO,884.5833333333334,CA-ON,884.5833333333334,ES,884.5833333333334,IT-NO,884.5833333333334,SG,884.5833333333334,FR,884.5833333333334,GB,884.5833333333334,US-CAL-CISO,176.91666666666663
2022-01-09 18:00:00,US-TEX-ERCO,3619.861111111111,CA-ON,3619.861111111111,ES,3619.861111111111,SG,3619.861111111111,FR,3619.861111111111,IT-NO,3619.861111111111,GB,3619.861111111111,US-CAL-CISO,723.9722222222249
2022-01-09 19:00:00,CA-ON,5897.361111111111,ES,5897.361111111111,SG,5897.361111111111,FR,5897.361111111111,IT-NO,5897.361111111111,GB,5897.361111111111,US-CAL-CISO,5897.361111111111,US-NW-BPAT,1179.472222222228
2022-01-09 20:00:00,CA-ON,2226.527777777778,ES,2226.527777777778,FR,2226.527777777778,SG,2226.527777777778,IT-NO,2226.527777777778,NL,2226.527777777778,GB,2226.527777777778,US-CAL-CISO,445.3055555555575
2022-01-09 21:00:00,US-CAL-CISO,886.25,CA-ON,886.25,ES,886.25,FR,886.25,IT-NO,886.25,NL,886.25,SG,886.25,GB,177.25
2022-01-09 22:00:00,US-CAL-CISO,890.9722222222223,CA-ON,890.9722222222223,ES,890.9722222222223,FR,890.9722222222223,IT-NO,890.9722222222223,NL,890.9722222222223,SG,890.9722222222223,GB,178.19444444444377
2022-01-09 23:00:00,US-CAL-CISO,1181.111111111111,CA-ON,1181.111111111111,ES,1181.111111111111,FR,1181.111111111111,IT-NO,1181.111111111111,NL,1181.111111111111,SG,1181.111111111111,GB,236.22222222222126
2022-01-10 00:00:00,CA-ON,2906.8055555555557,FR,2906.8055555555557,ES,2906.8055555555557,IT-NO,2906.8055555555557,SG,2906.8055555555557,GB,2906.8055555555557,US-CAL-CISO,2906.8055555555557,US-NW-BPAT,581.361111111114
2022-01-10 01:00:00,CA-ON,973.3333333333334,FR,973.3333333333334,ES,973.3333333333334,US-NW-BPAT,973.3333333333334,IT-NO,973.3333333333334,SG,973.3333333333334,US-CAL-CISO,973.3333333333334,GB,194.66666666666663
2022-01-10 02:00:00,FR,1055.0,ES,1055.0,US-NW-BPAT,1055.0,IT-NO,1055.0,SG,1055.0,US-CAL-CISO,1055.0,GB,1055.0,CA-ON,211.0
2022-01-10 03:00:00,FR,781.8055555555555,ES,781.8055555555555,US-NW-BPAT,781.8055555555555,IT-NO,781.8055555555555,SG,781.8055555555555,US-CAL-CISO,781.8055555555555,GB,781.8055555555555,CA-ON,156.36111111111063
2022-01-10 04:00:00,CA-ON,271.94444444444446,FR,271.94444444444446,ES,271.94444444444446,US-NW-BPAT,271.94444444444446,IT-NO,271.94444444444446,SG,271.94444444444446,US-CAL-CISO,271.94444444444446,GB,54.38888888888914
2022-01-10 05:00:00,CA-ON,157.91666666666669,ES,157.91666666666669,FR,157.91666666666669,US-NW-BPAT,157.91666666666669,IT-NO,157.91666666666669,SG,157.91666666666669,US-CAL-CISO,157.91666666666669,GB,31.58333333333303
2022-01-10 06:00:00,ES,85.69444444444444,US-NW-BPAT,85.69444444444444,FR,85.69444444444444,IT-NO,85.69444444444444,SG,85.69444444444444,US-CAL-CISO,85.69444444444444,GB,85.69444444444444,CA-ON,17.13888888888883
2022-01-10 07:00:00,ES,158.88888888888889,US-NW-BPAT,158.88888888888889,FR,158.88888888888889,IT-NO,158.88888888888889,US-CAL-CISO,158.88888888888889,SG,158.88888888888889,GB,158.88888888888889,CA-ON,31.777777777777658
2022-01-10 08:00:00,CA-ON,188.88888888888889,ES,188.88888888888889,US-NW-BPAT,188.88888888888889,FR,188.88888888888889,IT-NO,188.88888888888889,US-CAL-CISO,188.88888888888889,SG,188.88888888888889,GB,37.77777777777766
2022-01-10 09:00:00,US-NW-BPAT,57.5,ES,57.5,IT-NO,57.5,FR,57.5,US-CAL-CISO,57.5,SG,57.5,CA-ON,57.5,GB,11.5
2022-01-10 10:00:00,,,,,,,,,,,,,,,,
2022-01-10 11:00:00,CA-ON,73.33333333333334,US-NW-BPAT,73.33333333333334,ES,73.33333333333334,IT-NO,73.33333333333334,US-CAL-CISO,73.33333333333334,SG,73.33333333333334,FR,73.33333333333334,GB,14.666666666666515
2022-01-10 12:00:00,US-NW-BPAT,186.25,ES,186.25,IT-NO,186.25,US-CAL-CISO,186.25,SG,186.25,FR,186.25,GB,186.25,CA-ON,37.25
2022-01-10 13:00:00,US-NW-BPAT,616.3888888888889,ES,616.3888888888889,IT-NO,616.3888888888889,FR,616.3888888888889,US-CAL-CISO,616.3888888888889,SG,616.3888888888889,GB,616.3888888888889,CA-ON,123.27777777777828
2022-01-10 14:00:00,US-NW-BPAT,589.3055555555555,ES,589.3055555555555,IT-NO,589.3055555555555,US-CAL-CISO,589.3055555555555,SG,589.3055555555555,FR,589.3055555555555,GB,589.3055555555555,CA-ON,117.86111111111063
2022-01-10 15:00:00,CA-ON,264.44444444444446,US-NW-BPAT,264.44444444444446,ES,264.44444444444446,IT-NO,264.44444444444446,SG,264.44444444444446,US-CAL-CISO,264.44444444444446,FR,264.44444444444446,GB,52.88888888888914
2022-01-10 16:00:00,US-NW-BPAT,105.55555555555556,ES,105.55555555555556,IT-NO,105.55555555555556,CA-ON,105.55555555555556,SG,105.55555555555556,US-CAL-CISO,105.55555555555556,FR,105.55555555555556,GB,21.11111111111117
2022-01-10 17:00:00,US-NW-BPAT,415.0,ES,415.0,IT-NO,415.0,CA-ON,415.0,SG,415.0,FR,415.0,US-CAL-CISO,415.0,GB,83.0
2022-01-10 18:00:00,ES,141.66666666666669,IT-NO,141.66666666666669,SG,141.66666666666669,FR,141.66666666666669,US-CAL-CISO,141.66666666666669,CA-ON,141.66666666666669,GB,141.66666666666669,US-NW-BPAT,28.33333333333303
2022-01-10 19:00:00,CA-ON,153.05555555555554,ES,153.05555555555554,IT-NO,153.05555555555554,SG,153.05555555555554,FR,153.05555555555554,US-CAL-CISO,153.05555555555554,GB,153.05555555555554,US-NW-BPAT,30.6111111111112
2022-01-10 20:00:00,CA-ON,892.638888888889,ES,892.638888888889,IT-NO,892.638888888889,SG,892.638888888889,FR,892.638888888889,US-CAL-CISO,892.638888888889,GB,892.638888888889,US-NW-BPAT,178.52777777777703
2022-01-10 21:00:00,CA-ON,1196.5277777777778,ES,1196.5277777777778,IT-NO,1196.5277777777778,FR,1196.5277777777778,SG,1196.5277777777778,US-CAL-CISO,1196.5277777777778,GB,1196.5277777777778,US-NW-BPAT,239.30555555555657
2022-01-10 22:00:00,CA-ON,775.8333333333334,ES,775.8333333333334,IT-NO,775.8333333333334,FR,775.8333333333334,NL,775.8333333333334,SG,775.8333333333334,US-CAL-CISO,775.8333333333334,GB,155.1666666666663
2022-01-10 23:00:00,ES,2503.75,IT-NO,2503.75,FR,2503.75,NL,2503.75,SG,2503.75,GB,2503.75,US-CAL-CISO,2503.75,CA-ON,500.75
2022-01-11 00:00:00,AU-VIC,2347.3611111111113,CA-ON,2347.3611111111113,ES,2347.3611111111113,FR,2347.3611111111113,US-NW-BPAT,2347.3611111111113,IT-NO,2347.3611111111113,SG,2347.3611111111113,US-CAL-CISO,469.4722222222208
2022-01-11 01:00:00,AU-VIC,1117.9166666666667,ES,1117.9166666666667,FR,1117.9166666666667,US-NW-BPAT,1117.9166666666667,IT-NO,1117.9166666666667,SG,1117.9166666666667,US-CAL-CISO,1117.9166666666667,GB,223.58333333333167
2022-01-11 02:00:00,CA-ON,431.25,ES,431.25,FR,431.25,US-NW-BPAT,431.25,IT-NO,431.25,SG,431.25,US-CAL-CISO,431.25,GB,86.25
2022-01-11 03:00:00,CA-ON,735.8333333333334,FR,735.8333333333334,ES,735.8333333333334,US-NW-BPAT,735.8333333333334,IT-NO,735.8333333333334,SG,735.8333333333334,US-CAL-CISO,735.8333333333334,GB,147.1666666666663
2022-01-11 04:00:00,FR,546.9444444444445,ES,546.9444444444445,US-NW-BPAT,546.9444444444445,IT-NO,546.9444444444445,SG,546.9444444444445,US-CAL-CISO,546.9444444444445,GB,546.9444444444445,CA-ON,109.38888888888937
2022-01-11 05:00:00,US-MIDW-MISO,552.6388888888889,ES,552.6388888888889,FR,552.6388888888889,US-NW-BPAT,552.6388888888889,IT-NO,552.6388888888889,US-CAL-CISO,552.6388888888889,SG,552.6388888888889,GB,110.52777777777828
2022-01-11 06:00:00,CA-ON,15.694444444444445,US-MIDW-MISO,15.694444444444445,ES,15.694444444444445,US-NW-BPAT,15.694444444444445,FR,15.694444444444445,IT-NO,15.694444444444445,US-CAL-CISO,15.694444444444445,SG,3.138888888888898
2022-01-11 07:00:00,,,,,,,,,,,,,,,,
2022-01-11 08:00:00,US-MIDW-MISO,70.55555555555556,ES,70.55555555555556,US-NW-BPAT,70.55555555555556,FR,70.55555555555556,IT-NO,70.55555555555556,US-CAL-CISO,70.55555555555556,SG,70.55555555555556,CA-ON,14.111111111111171
2022-01-11 09:00:00,ES,24.305555555555557,US-NW-BPAT,24.305555555555557,FR,24.305555555555557,IT-NO,24.305555555555557,US-CAL-CISO,24.305555555555557,SG,24.305555555555557,CA-ON,24.305555555555557,GB,4.861111111111114
2022-01-11 10:00:00,US-MIDW-MISO,187.7777777777778,US-NW-BPAT,187.7777777777778,ES,187.7777777777778,IT-NO,187.7777777777778,FR,187.7777777777778,US-CAL-CISO,187.7777777777778,SG,187.7777777777778,GB,37.55555555555526
2022-01-11 11:00:00,US-MIDW-MISO,178.05555555555554,US-NW-BPAT,178.05555555555554,ES,178.05555555555554,IT-NO,178.05555555555554,FR,178.05555555555554,US-CAL-CISO,178.05555555555554,SG,178.05555555555554,GB,35.611111111111086
2022-01-11 12:00:00,,,,,,,,,,,,,,,,
2022-01-11 13:00:00,ES,395.83333333333337,US-NW-BPAT,395.83333333333337,IT-NO,395.83333333333337,FR,395.83333333333337,US-CAL-CISO,395.83333333333337,SG,395.83333333333337,GB,395.83333333333337,CA-ON,79.16666666666595
2022-01-11 14:00:00,US-NW-BPAT,481.5277777777778,ES,481.5277777777778,IT-NO,481.5277777777778,US-CAL-CISO,481.5277777777778,SG,481.5277777777778,FR,481.5277777777778,GB,481.5277777777778,CA-ON,96.3055555555552
2022-01-11 15:00:00,US-MIDW-MISO,132.36111111111111,US-NW-BPAT,132.36111111111111,ES,132.36111111111111,IT-NO,132.36111111111111,US-CAL-CISO,132.36111111111111,SG,132.36111111111111,FR,132.36111111111111,GB,26.472222222222342
2022-01-11 16:00:00,,,,,,,,,,,,,,,,
2022-01-11 17:00:00,,,,,,,,,,,,,,,,
2022-01-11 18:00:00,US-MIDW-MISO,246.11111111111111,ES,246.11111111111111,IT-NO,246.11111111111111,SG,246.11111111111111,FR,246.11111111111111,US-CAL-CISO,246.11111111111111,CA-ON,246.11111111111111,GB,49.22222222222237
2022-01-11 19:00:00,US-MIDW-MISO,354.1666666666667,ES,354.1666666666667,IT-NO,354.1666666666667,SG,354.1666666666667,FR,354.1666666666667,US-CAL-CISO,354.1666666666667,GB,354.1666666666667,US-NW-BPAT,70.83333333333314
2022-01-11 20:00:00,US-MIDW-MISO,38.611111111111114,ES,38.611111111111114,IT-NO,38.611111111111114,SG,38.611111111111114,FR,38.611111111111114,US-CAL-CISO,38.611111111111114,GB,38.611111111111114,CA-ON,7.7222222222222
2022-01-11 21:00:00,US-CAL-CISO,210.2777777777778,US-MIDW-MISO,210.2777777777778,ES,210.2777777777778,IT-NO,210.2777777777778,SG,210.2777777777778,FR,210.2777777777778,GB,210.2777777777778,CA-ON,42.05555555555526
2022-01-11 22:00:00,US-CAL-CISO,481.25,US-MIDW-MISO,481.25,ES,481.25,IT-NO,481.25,FR,481.25,SG,481.25,NL,481.25,GB,96.25
2022-01-11 23:00:00,US-MIDW-MISO,422.6388888888889,ES,422.6388888888889,IT-NO,422.6388888888889,NL,422.6388888888889,SG,422.6388888888889,FR,422.6388888888889,GB,422.6388888888889,US-CAL-CISO,84.52777777777806
2022-01-12 00:00:00,US-MIDW-MISO,69.16666666666667,ES,69.16666666666667,FR,69.16666666666667,IT-NO,69.16666666666667,GB,69.16666666666667,SG,69.16666666666667,US-CAL-CISO,69.16666666666667,US-NW-BPAT,13.83333333333323
2022-01-12 01:00:00,,,,,,,,,,,,,,,,
2022-01-12 02:00:00,ES,91.80555555555556,FR,91.80555555555556,US-NW-BPAT,91.80555555555556,IT-NO,91.80555555555556,SG,91.80555555555556,US-CAL-CISO,91.80555555555556,GB,91.80555555555556,AU-VIC,18.36111111111117
2022-01-12 03:00:00,CA-ON,107.91666666666667,ES,107.91666666666667,FR,107.91666666666667,US-NW-BPAT,107.91666666666667,IT-NO,107.91666666666667,SG,107.91666666666667,US-CAL-CISO,107.91666666666667,GB,21.58333333333333
2022-01-12 04:00:00,CA-ON,32.77777777777778,ES,32.77777777777778,FR,32.77777777777778,US-NW-BPAT,32.77777777777778,IT-NO,32.77777777777778,SG,32.77777777777778,US-CAL-CISO,32.77777777777778,GB,6.555555555555586
2022-01-12 05:00:00,,,,,,,,,,,,,,,,
2022-01-12 06:00:00,CA-ON,365.1388888888889,ES,365.1388888888889,US-NW-BPAT,365.1388888888889,FR,365.1388888888889,IT-NO,365.1388888888889,US-CAL-CISO,365.1388888888889,SG,365.1388888888889,GB,73.02777777777783
2022-01-12 07:00:00,CA-ON,355.97222222222223,ES,355.97222222222223,US-NW-BPAT,355.97222222222223,FR,355.97222222222223,IT-NO,355.97222222222223,US-CAL-CISO,355.97222222222223,SG,355.97222222222223,GB,71.19444444444468
2022-01-12 08:00:00,,,,,,,,,,,,,,,,
2022-01-12 09:00:00,,,,,,,,,,,,,,,,
2022-01-12 10:00:00,,,,,,,,,,,,,,,,
2022-01-12 11:00:00,CA-ON,31.38888888888889,US-NW-BPAT,31.38888888888889,ES,31.38888888888889,IT-NO,31.38888888888889,FR,31.38888888888889,US-CAL-CISO,31.38888888888889,SG,31.38888888888889,GB,6.277777777777796
2022-01-12 12:00:00,CA-ON,138.05555555555554,US-NW-BPAT,138.05555555555554,ES,138.05555555555554,IT-NO,138.05555555555554,US-CAL-CISO,138.05555555555554,FR,138.05555555555554,SG,138.05555555555554,GB,27.6111111111112
2022-01-12 13:00:00,CA-ON,242.6388888888889,ES,242.6388888888889,US-NW-BPAT,242.6388888888889,IT-NO,242.6388888888889,FR,242.6388888888889,US-CAL-CISO,242.6388888888889,SG,242.6388888888889,US-TEX-ERCO,48.5277777777776
2022-01-12 14:00:00,CA-ON,481.80555555555554,US-NW-BPAT,481.80555555555554,ES,481.80555555555554,IT-NO,481.80555555555554,US-CAL-CISO,481.80555555555554,SG,481.80555555555554,FR,481.80555555555554,GB,96.36111111111063
2022-01-12 15:00:00,ES,1043.3333333333335,IT-NO,1043.3333333333335,SG,1043.3333333333335,FR,1043.3333333333335,US-CAL-CISO,1043.3333333333335,US-NW-BPAT,1043.3333333333335,GB,1043.3333333333335,CA-ON,208.66666666666424
2022-01-12 16:00:00,ES,858.4722222222223,IT-NO,858.4722222222223,SG,858.4722222222223,FR,858.4722222222223,US-CAL-CISO,858.4722222222223,US-NW-BPAT,858.4722222222223,GB,858.4722222222223,CA-ON,171.69444444444377
2022-01-12 17:00:00,AU-VIC,1144.3055555555557,ES,1144.3055555555557,IT-NO,1144.3055555555557,FR,1144.3055555555557,SG,1144.3055555555557,US-CAL-CISO,1144.3055555555557,CA-ON,1144.3055555555557,GB,228.8611111111104
2022-01-12 18:00:00,AU-VIC,635.6944444444445,US-NW-BPAT,635.6944444444445,ES,635.6944444444445,IT-NO,635.6944444444445,FR,635.6944444444445,SG,635.6944444444445,US-CAL-CISO,635.6944444444445,CA-ON,127.13888888888937
2022-01-12 19:00:00,AU-VIC,133.47222222222223,ES,133.47222222222223,IT-NO,133.47222222222223,FR,133.47222222222223,SG,133.47222222222223,US-CAL-CISO,133.47222222222223,CA-ON,133.47222222222223,GB,26.69444444444457
2022-01-12 20:00:00,AU-VIC,315.27777777777777,US-NW-BPAT,315.27777777777777,ES,315.27777777777777,FR,315.27777777777777,IT-NO,315.27777777777777,SG,315.27777777777777,NL,315.27777777777777,US-CAL-CISO,63.055555555555316
2022-01-12 21:00:00,AU-VIC,14.86111111111111,ES,14.86111111111111,US-NW-BPAT,14.86111111111111,FR,14.86111111111111,IT-NO,14.86111111111111,NL,14.86111111111111,SG,14.86111111111111,US-CAL-CISO,2.972222222222207
2022-01-12 22:00:00,,,,,,,,,,,,,,,,
2022-01-12 23:00:00,,,,,,,,,,,,,,,,
2022-01-13 00:00:00,,,,,,,,,,,,,,,,
2022-01-13 01:00:00,,,,,,,,,,,,,,,,
2022-01-13 02:00:00,AU-VIC,26.25,FR,26.25,ES,26.25,US-NW-BPAT,26.25,IT-NO,26.25,SG,26.25,US-CAL-CISO,26.25,GB,5.25
2022-01-13 03:00:00,FR,19.02777777777778,ES,19.02777777777778,US-NW-BPAT,19.02777777777778,IT-NO,19.02777777777778,SG,19.02777777777778,US-CAL-CISO,19.02777777777778,GB,19.02777777777778,CA-ON,3.8055555555555713
2022-01-13 04:00:00,FR,148.19444444444446,ES,148.19444444444446,US-NW-BPAT,148.19444444444446,IT-NO,148.19444444444446,SG,148.19444444444446,US-CAL-CISO,148.19444444444446,GB,148.19444444444446,NL,29.6388888888888
2022-01-13 05:00:00,FR,203.33333333333334,ES,203.33333333333334,US-NW-BPAT,203.33333333333334,IT-NO,203.33333333333334,SG,203.33333333333334,US-CAL-CISO,203.33333333333334,GB,203.33333333333334,CA-ON,40.666666666666686
2022-01-13 06:00:00,ES,249.16666666666669,US-NW-BPAT,249.16666666666669,FR,249.16666666666669,IT-NO,249.16666666666669,US-CAL-CISO,249.16666666666669,SG,249.16666666666669,GB,249.16666666666669,CA-ON,49.83333333333292
2022-01-13 07:00:00,ES,337.08333333333337,FR,337.08333333333337,US-NW-BPAT,337.08333333333337,IT-NO,337.08333333333337,US-CAL-CISO,337.08333333333337,SG,337.08333333333337,GB,337.08333333333337,CA-ON,67.41666666666595
2022-01-13 08:00:00,ES,394.3055555555556,US-NW-BPAT,394.3055555555556,FR,394.3055555555556,IT-NO,394.3055555555556,US-CAL-CISO,394.3055555555556,SG,394.3055555555556,CA-ON,394.3055555555556,GB,78.86111111111052
2022-01-13 09:00:00,ES,734.3055555555555,US-NW-BPAT,734.3055555555555,FR,734.3055555555555,IT-NO,734.3055555555555,US-CAL-CISO,734.3055555555555,SG,734.3055555555555,CA-ON,734.3055555555555,GB,146.86111111111063
2022-01-13 10:00:00,US-NW-BPAT,536.6666666666667,ES,536.6666666666667,IT-NO,536.6666666666667,FR,536.6666666666667,US-CAL-CISO,536.6666666666667,SG,536.6666666666667,CA-ON,536.6666666666667,GB,107.33333333333212
2022-01-13 11:00:00,US-NW-BPAT,375.1388888888889,ES,375.1388888888889,IT-NO,375.1388888888889,FR,375.1388888888889,US-CAL-CISO,375.1388888888889,SG,375.1388888888889,CA-ON,375.1388888888889,GB,75.02777777777783
2022-01-13 12:00:00,US-NW-BPAT,638.75,ES,638.75,IT-NO,638.75,US-CAL-CISO,638.75,FR,638.75,SG,638.75,GB,638.75,CA-ON,127.75
2022-01-13 13:00:00,ES,196.25,US-NW-BPAT,196.25,IT-NO,196.25,FR,196.25,US-CAL-CISO,196.25,SG,196.25,GB,196.25,CA-ON,39.25
2022-01-13 14:00:00,US-NW-BPAT,725.5555555555555,ES,725.5555555555555,IT-NO,725.5555555555555,US-CAL-CISO,725.5555555555555,FR,725.5555555555555,SG,725.5555555555555,GB,725.5555555555555,CA-ON,145.11111111111063
2022-01-13 15:00:00,US-NW-BPAT,617.0833333333334,ES,617.0833333333334,IT-NO,617.0833333333334,FR,617.0833333333334,US-CAL-CISO,617.0833333333334,SG,617.0833333333334,GB,617.0833333333334,CA-ON,123.41666666666583
2022-01-13 16:00:00,ES,459.1666666666667,IT-NO,459.1666666666667,FR,459.1666666666667,SG,459.1666666666667,US-CAL-CISO,459.1666666666667,US-NW-BPAT,459.1666666666667,GB,459.1666666666667,CA-ON,91.83333333333331
2022-01-13 17:00:00,,,,,,,,,,,,,,,,
2022-01-13 18:00:00,,,,,,,,,,,,,,,,
2022-01-13 19:00:00,,,,,,,,,,,,,,,,
2022-01-13 20:00:00,ES,289.3055555555556,FR,289.3055555555556,IT-NO,289.3055555555556,NL,289.3055555555556,SG,289.3055555555556,US-CAL-CISO,289.3055555555556,CA-ON,289.3055555555556,GB,57.86111111111052
2022-01-13 21:00:00,ES,450.97222222222223,FR,450.97222222222223,IT-NO,450.97222222222223,NL,450.97222222222223,SG,450.97222222222223,US-CAL-CISO,450.97222222222223,GB,450.97222222222223,US-NW-BPAT,90.19444444444474
2022-01-13 22:00:00,,,,,,,,,,,,,,,,
2022-01-13 23:00:00,ES,6.666666666666667,IT-NO,6.666666666666667,FR,6.666666666666667,NL,6.666666666666667,SG,6.666666666666667,US-CAL-CISO,6.666666666666667,GB,6.666666666666667,CA-ON,1.333333333333333
2022-01-14 00:00:00,FR,15.694444444444445,ES,15.694444444444445,US-NW-BPAT,15.694444444444445,IT-NO,15.694444444444445,NL,15.694444444444445,SG,15.694444444444445,US-CAL-CISO,15.694444444444445,GB,3.138888888888898
2022-01-14 01:00:00,FR,313.47222222222223,ES,313.47222222222223,US-NW-BPAT,313.47222222222223,IT-NO,313.47222222222223,NL,313.47222222222223,SG,313.47222222222223,US-CAL-CISO,313.47222222222223,GB,62.694444444444684
2022-01-14 02:00:00,FR,221.66666666666669,ES,221.66666666666669,US-NW-BPAT,221.66666666666669,IT-NO,221.66666666666669,NL,221.66666666666669,SG,221.66666666666669,US-CAL-CISO,221.66666666666669,GB,44.33333333333297
2022-01-14 03:00:00,ES,16.944444444444443,FR,16.944444444444443,US-NW-BPAT,16.944444444444443,IT-NO,16.944444444444443,NL,16.944444444444443,SG,16.944444444444443,US-CAL-CISO,16.944444444444443,GB,3.3888888888889
2022-01-14 04:00:00,ES,59.305555555555564,FR,59.305555555555564,US-NW-BPAT,59.305555555555564,IT-NO,59.305555555555564,SG,59.305555555555564,US-CAL-CISO,59.305555555555564,GB,59.305555555555564,NL,11.861111111111065
2022-01-14 05:00:00,FR,75.83333333333334,ES,75.83333333333334,US-NW-BPAT,75.83333333333334,IT-NO,75.83333333333334,SG,75.83333333333334,US-CAL-CISO,75.83333333333334,GB,75.83333333333334,CA-ON,15.166666666666515
2022-01-14 06:00:00,ES,7.083333333333334,US-NW-BPAT,7.083333333333334,FR,7.083333333333334,IT-NO,7.083333333333334,US-CAL-CISO,7.083333333333334,SG,7.083333333333334,GB,7.083333333333334,CA-ON,1.4166666666666554
2022-01-14 07:00:00,,,,,,,,,,,,,,,,
2022-01-14 08:00:00,FR,77.5,ES,77.5,US-NW-BPAT,77.5,IT-NO,77.5,SG,77.5,US-CAL-CISO,77.5,GB,77.5,CA-ON,15.5
2022-01-14 09:00:00,ES,248.33333333333334,US-NW-BPAT,248.33333333333334,FR,248.33333333333334,IT-NO,248.33333333333334,SG,248.33333333333334,US-CAL-CISO,248.33333333333334,CA-ON,248.33333333333334,GB,49.66666666666677
2022-01-14 10:00:00,,,,,,,,,,,,,,,,
2022-01-14 11:00:00,US-NW-BPAT,90.69444444444444,ES,90.69444444444444,IT-NO,90.69444444444444,FR,90.69444444444444,US-CAL-CISO,90.69444444444444,SG,90.69444444444444,GB,90.69444444444444,CA-ON,18.13888888888883
2022-01-14 12:00:00,US-NW-BPAT,437.36111111111114,ES,437.36111111111114,IT-NO,437.36111111111114,FR,437.36111111111114,US-CAL-CISO,437.36111111111114,SG,437.36111111111114,GB,437.36111111111114,CA-ON,87.47222222222189
2022-01-14 13:00:00,ES,441.80555555555554,US-NW-BPAT,441.80555555555554,IT-NO,441.80555555555554,FR,441.80555555555554,US-CAL-CISO,441.80555555555554,SG,441.80555555555554,GB,441.80555555555554,CA-ON,88.36111111111074
2022-01-14 14:00:00,US-NW-BPAT,154.30555555555554,ES,154.30555555555554,IT-NO,154.30555555555554,US-CAL-CISO,154.30555555555554,FR,154.30555555555554,SG,154.30555555555554,GB,154.30555555555554,CA-ON,30.8611111111112
2022-01-14 15:00:00,,,,,,,,,,,,,,,,
2022-01-14 16:00:00,,,,,,,,,,,,,,,,
2022-01-14 17:00:00,ES,80.27777777777777,IT-NO,80.27777777777777,FR,80.27777777777777,SG,80.27777777777777,US-CAL-CISO,80.27777777777777,CA-ON,80.27777777777777,GB,80.27777777777777,US-NW-BPAT,16.0555555555556
2022-01-14 18:00:00,,,,,,,,,,,,,,,,
2022-01-14 19:00:00,US-CAL-CISO,303.19444444444446,CA-ON,303.19444444444446,ES,303.19444444444446,IT-NO,303.19444444444446,FR,303.19444444444446,SG,303.19444444444446,GB,303.19444444444446,US-NW-BPAT,60.63888888888914
2022-01-14 20:00:00,,,,,,,,,,,,,,,,
2022-01-14 21:00:00,US-CAL-CISO,37.91666666666667,ES,37.91666666666667,CA-ON,37.91666666666667,IT-NO,37.91666666666667,FR,37.91666666666667,NL,37.91666666666667,SG,37.91666666666667,GB,7.5833333333332575
2022-01-14 22:00:00,ES,308.6111111111111,IT-NO,308.6111111111111,FR,308.6111111111111,NL,308.6111111111111,SG,308.6111111111111,US-CAL-CISO,308.6111111111111,GB,308.6111111111111,CA-ON,61.7222222222224
2022-01-14 23:00:00,US-MIDW-MISO,278.47222222222223,ES,278.47222222222223,IT-NO,278.47222222222223,FR,278.47222222222223,NL,278.47222222222223,SG,278.47222222222223,GB,278.47222222222223,US-CAL-CISO,55.694444444444684
