2023-01-01 00:00:00,,,,,,,,
2023-01-01 01:00:00,FR,146.969696969697,BR-CS,146.969696969697,GB,146.969696969697,DE,44.09090909090901
2023-01-01 02:00:00,FR,1639.6969696969697,BR-CS,1639.6969696969697,GB,1639.6969696969697,DE,491.9090909090903
2023-01-01 03:00:00,FR,930.6060606060606,BR-CS,930.6060606060606,GB,930.6060606060606,DE,279.18181818181836
2023-01-01 04:00:00,FR,931.2121212121212,BR-CS,931.2121212121212,GB,931.2121212121212,DE,279.3636363636365
2023-01-01 05:00:00,FR,195.15151515151516,BR-CS,195.15151515151516,GB,195.15151515151516,DE,58.54545454545456
2023-01-01 06:00:00,FR,1126.3636363636365,BR-CS,1126.3636363636365,GB,1126.3636363636365,DE,337.90909090909054
2023-01-01 07:00:00,FR,1839.3939393939397,BR-CS,1839.3939393939397,GB,1839.3939393939397,DE,551.8181818181804
2023-01-01 08:00:00,FR,769.6969696969697,BR-CS,769.6969696969697,GB,769.6969696969697,DE,230.90909090909076
2023-01-01 09:00:00,FR,648.7878787878788,BR-CS,648.7878787878788,GB,648.7878787878788,DE,194.63636363636374
2023-01-01 10:00:00,FR,646.6666666666667,BR-CS,646.6666666666667,GB,646.6666666666667,DE,193.99999999999977
2023-01-01 11:00:00,FR,1282.4242424242425,BR-CS,1282.4242424242425,GB,1282.4242424242425,DE,384.7272727272725
2023-01-01 12:00:00,FR,712.4242424242424,BR-CS,712.4242424242424,GB,712.4242424242424,DE,213.72727272727275
2023-01-01 13:00:00,,,,,,,,
2023-01-01 14:00:00,FR,3.3333333333333335,BR-CS,3.3333333333333335,GB,3.3333333333333335,DE,0.9999999999999987
2023-01-01 15:00:00,FR,534.2424242424242,BR-CS,534.2424242424242,GB,534.2424242424242,DE,160.27272727272725
2023-01-01 16:00:00,FR,519.6969696969697,BR-CS,519.6969696969697,GB,519.6969696969697,DE,155.90909090909076
2023-01-01 17:00:00,FR,419.6969696969697,BR-CS,419.6969696969697,GB,419.6969696969697,DE,125.90909090909082
2023-01-01 18:00:00,FR,1198.4848484848485,BR-CS,1198.4848484848485,GB,1198.4848484848485,DE,359.5454545454545
2023-01-01 19:00:00,FR,770.3030303030304,BR-CS,770.3030303030304,GB,770.3030303030304,DE,231.09090909090878
2023-01-01 20:00:00,FR,657.5757575757576,BR-CS,657.5757575757576,GB,657.5757575757576,DE,197.27272727272725
2023-01-01 21:00:00,FR,633.030303030303,BR-CS,633.030303030303,GB,633.030303030303,DE,189.909090909091
2023-01-01 22:00:00,FR,235.45454545454547,BR-CS,235.45454545454547,GB,235.45454545454547,DE,70.63636363636354
2023-01-01 23:00:00,,,,,,,,
2023-01-02 00:00:00,FR,1258.1818181818182,BR-CS,1258.1818181818182,GB,1258.1818181818182,DE,377.4545454545455
2023-01-02 01:00:00,FR,2242.4242424242425,BR-CS,2242.4242424242425,GB,2242.4242424242425,DE,672.727272727273
2023-01-02 02:00:00,FR,1590.3030303030303,BR-CS,1590.3030303030303,GB,1590.3030303030303,DE,477.0909090909097
2023-01-02 03:00:00,FR,2080.3030303030305,BR-CS,2080.3030303030305,GB,2080.3030303030305,DE,624.090909090909
2023-01-02 04:00:00,FR,650.909090909091,BR-CS,650.909090909091,GB,650.909090909091,DE,195.27272727272702
2023-01-02 05:00:00,FR,693.6363636363636,BR-CS,693.6363636363636,GB,693.6363636363636,DE,208.09090909090924
2023-01-02 06:00:00,FR,1546.969696969697,BR-CS,1546.969696969697,GB,1546.969696969697,DE,464.090909090909
2023-01-02 07:00:00,FR,1415.1515151515152,BR-CS,1415.1515151515152,GB,1415.1515151515152,DE,424.5454545454545
2023-01-02 08:00:00,FR,657.2727272727274,BR-CS,657.2727272727274,GB,657.2727272727274,DE,197.1818181818178
2023-01-02 09:00:00,FR,156.36363636363637,BR-CS,156.36363636363637,GB,156.36363636363637,DE,46.90909090909088
2023-01-02 10:00:00,FR,426.06060606060606,BR-CS,426.06060606060606,GB,426.06060606060606,DE,127.81818181818193
2023-01-02 11:00:00,FR,1622.1212121212122,BR-CS,1622.1212121212122,GB,1622.1212121212122,DE,486.63636363636374
2023-01-02 12:00:00,FR,2237.5757575757575,BR-CS,2237.5757575757575,GB,2237.5757575757575,DE,671.272727272727
2023-01-02 13:00:00,FR,1049.3939393939395,BR-CS,1049.3939393939395,GB,1049.3939393939395,DE,314.81818181818153
2023-01-02 14:00:00,FR,688.1818181818182,BR-CS,688.1818181818182,GB,688.1818181818182,US-MIDA-PJM,206.45454545454527
2023-01-02 15:00:00,FR,2463.939393939394,BR-CS,2463.939393939394,GB,2463.939393939394,US-MIDA-PJM,739.181818181818
2023-01-02 16:00:00,FR,1982.1212121212122,BR-CS,1982.1212121212122,GB,1982.1212121212122,IE,594.6363636363637
2023-01-02 17:00:00,FR,3333.030303030303,BR-CS,3333.030303030303,GB,3333.030303030303,IE,999.909090909091
2023-01-02 18:00:00,FR,3098.4848484848485,BR-CS,3098.4848484848485,GB,3098.4848484848485,IE,929.545454545455
2023-01-02 19:00:00,FR,2208.1818181818185,BR-CS,2208.1818181818185,IE,2208.1818181818185,GB,662.454545454545
2023-01-02 20:00:00,FR,972.4242424242425,BR-CS,972.4242424242425,IE,972.4242424242425,GB,291.7272727272725
2023-01-02 21:00:00,FR,736.969696969697,BR-CS,736.969696969697,IE,736.969696969697,GB,221.090909090909
2023-01-02 22:00:00,FR,1737.5757575757575,BR-CS,1737.5757575757575,IE,1737.5757575757575,GB,521.2727272727275
2023-01-02 23:00:00,FR,2127.878787878788,BR-CS,2127.878787878788,GB,2127.878787878788,IE,638.363636363636
2023-01-03 00:00:00,FR,1276.6666666666667,BR-CS,1276.6666666666667,GB,1276.6666666666667,IE,382.99999999999955
2023-01-03 01:00:00,FR,1230.0,BR-CS,1230.0,GB,1230.0,IE,369.0
2023-01-03 02:00:00,FR,779.6969696969697,BR-CS,779.6969696969697,GB,779.6969696969697,IE,233.90909090909076
2023-01-03 03:00:00,FR,826.0606060606061,BR-CS,826.0606060606061,GB,826.0606060606061,IE,247.81818181818187
2023-01-03 04:00:00,FR,914.8484848484849,BR-CS,914.8484848484849,GB,914.8484848484849,IE,274.45454545454515
2023-01-03 05:00:00,FR,1522.1212121212122,BR-CS,1522.1212121212122,GB,1522.1212121212122,IE,456.6363636363635
2023-01-03 06:00:00,FR,1498.1818181818182,BR-CS,1498.1818181818182,GB,1498.1818181818182,IE,449.4545454545455
2023-01-03 07:00:00,FR,1023.6363636363636,BR-CS,1023.6363636363636,GB,1023.6363636363636,IE,307.09090909090935
2023-01-03 08:00:00,FR,1782.4242424242425,BR-CS,1782.4242424242425,GB,1782.4242424242425,IE,534.727272727273
2023-01-03 09:00:00,FR,1993.6363636363637,BR-CS,1993.6363636363637,GB,1993.6363636363637,IE,598.0909090909083
2023-01-03 10:00:00,FR,2451.818181818182,BR-CS,2451.818181818182,GB,2451.818181818182,IE,735.545454545454
2023-01-03 11:00:00,FR,2022.4242424242425,BR-CS,2022.4242424242425,GB,2022.4242424242425,IE,606.727272727273
2023-01-03 12:00:00,FR,1487.5757575757575,BR-CS,1487.5757575757575,GB,1487.5757575757575,IE,446.2727272727275
2023-01-03 13:00:00,FR,2769.0909090909095,BR-CS,2769.0909090909095,GB,2769.0909090909095,IE,830.7272727272712
2023-01-03 14:00:00,FR,1014.2424242424242,BR-CS,1014.2424242424242,GB,1014.2424242424242,IE,304.2727272727275
2023-01-03 15:00:00,FR,1723.6363636363637,BR-CS,1723.6363636363637,GB,1723.6363636363637,IE,517.0909090909083
2023-01-03 16:00:00,FR,3043.636363636364,BR-CS,3043.636363636364,GB,3043.636363636364,IE,913.0909090909081
2023-01-03 17:00:00,FR,1841.5151515151517,BR-CS,1841.5151515151517,GB,1841.5151515151517,IE,552.4545454545444
2023-01-03 18:00:00,FR,7417.878787878789,BR-CS,7417.878787878789,GB,7417.878787878789,IE,2225.363636363635
2023-01-03 19:00:00,FR,3676.969696969697,BR-CS,3676.969696969697,GB,3676.969696969697,IE,1103.09090909091
2023-01-03 20:00:00,FR,2572.727272727273,BR-CS,2572.727272727273,GB,2572.727272727273,IE,771.8181818181811
2023-01-03 21:00:00,FR,2938.4848484848485,BR-CS,2938.4848484848485,GB,2938.4848484848485,IE,881.545454545455
2023-01-03 22:00:00,FR,2136.3636363636365,BR-CS,2136.3636363636365,GB,2136.3636363636365,IE,640.909090909091
2023-01-03 23:00:00,FR,2073.636363636364,BR-CS,2073.636363636364,GB,2073.636363636364,IE,622.0909090909081
2023-01-04 00:00:00,FR,7393.939393939394,BR-CS,7393.939393939394,GB,7393.939393939394,IE,2218.18181818182
2023-01-04 01:00:00,FR,1775.151515151515,BR-CS,1775.151515151515,GB,1775.151515151515,IE,532.545454545455
2023-01-04 02:00:00,FR,1223.939393939394,BR-CS,1223.939393939394,GB,1223.939393939394,IE,367.181818181818
2023-01-04 03:00:00,FR,1081.818181818182,BR-CS,1081.818181818182,GB,1081.818181818182,IE,324.54545454545405
2023-01-04 04:00:00,FR,778.1818181818182,BR-CS,778.1818181818182,GB,778.1818181818182,IE,233.45454545454527
2023-01-04 05:00:00,FR,710.0,BR-CS,710.0,GB,710.0,IE,213.0
2023-01-04 06:00:00,,,,,,,,
2023-01-04 07:00:00,,,,,,,,
2023-01-04 08:00:00,,,,,,,,
2023-01-04 09:00:00,FR,193.03030303030303,BR-CS,193.03030303030303,GB,193.03030303030303,IE,57.909090909090935
2023-01-04 10:00:00,FR,1094.8484848484848,BR-CS,1094.8484848484848,GB,1094.8484848484848,IE,328.4545454545455
2023-01-04 11:00:00,FR,59.09090909090909,BR-CS,59.09090909090909,GB,59.09090909090909,IE,17.72727272727272
2023-01-04 12:00:00,FR,674.2424242424242,BR-CS,674.2424242424242,GB,674.2424242424242,IE,202.27272727272725
2023-01-04 13:00:00,FR,107.27272727272727,BR-CS,107.27272727272727,GB,107.27272727272727,IE,32.18181818181823
2023-01-04 14:00:00,FR,702.1212121212121,BR-CS,702.1212121212121,GB,702.1212121212121,IE,210.63636363636374
2023-01-04 15:00:00,FR,228.1818181818182,BR-CS,228.1818181818182,GB,228.1818181818182,IE,68.45454545454538
2023-01-04 16:00:00,FR,1592.4242424242425,BR-CS,1592.4242424242425,GB,1592.4242424242425,IE,477.7272727272725
2023-01-04 17:00:00,FR,4726.060606060606,BR-CS,4726.060606060606,GB,4726.060606060606,DE,1417.818181818182
2023-01-04 18:00:00,FR,4755.454545454546,BR-CS,4755.454545454546,GB,4755.454545454546,DE,1426.6363636363621
2023-01-04 19:00:00,FR,5218.181818181819,BR-CS,5218.181818181819,GB,5218.181818181819,DE,1565.4545454545423
2023-01-04 20:00:00,FR,2197.5757575757575,BR-CS,2197.5757575757575,GB,2197.5757575757575,DE,659.272727272727
2023-01-04 21:00:00,FR,5270.606060606061,BR-CS,5270.606060606061,GB,5270.606060606061,DE,1581.181818181818
2023-01-04 22:00:00,FR,4939.69696969697,BR-CS,4939.69696969697,GB,4939.69696969697,DE,1481.90909090909
2023-01-04 23:00:00,FR,4848.787878787879,BR-CS,4848.787878787879,GB,4848.787878787879,DE,1454.6363636363621
2023-01-05 00:00:00,FR,1768.7878787878788,BR-CS,1768.7878787878788,GB,1768.7878787878788,DE,530.6363636363633
2023-01-05 01:00:00,FR,1441.5151515151515,BR-CS,1441.5151515151515,GB,1441.5151515151515,DE,432.4545454545455
2023-01-05 02:00:00,FR,263.6363636363637,BR-CS,263.6363636363637,GB,263.6363636363637,DE,79.0909090909089
2023-01-05 03:00:00,FR,5.757575757575758,BR-CS,5.757575757575758,GB,5.757575757575758,IE,1.7272727272727266
2023-01-05 04:00:00,FR,851.2121212121212,BR-CS,851.2121212121212,GB,851.2121212121212,DE,255.36363636363626
2023-01-05 05:00:00,FR,576.969696969697,BR-CS,576.969696969697,GB,576.969696969697,IE,173.090909090909
2023-01-05 06:00:00,FR,775.4545454545455,BR-CS,775.4545454545455,GB,775.4545454545455,IE,232.6363636363635
2023-01-05 07:00:00,FR,1031.5151515151515,BR-CS,1031.5151515151515,GB,1031.5151515151515,IE,309.4545454545455
2023-01-05 08:00:00,FR,826.3636363636364,BR-CS,826.3636363636364,GB,826.3636363636364,IE,247.90909090909065
2023-01-05 09:00:00,FR,1038.4848484848485,BR-CS,1038.4848484848485,IE,1038.4848484848485,GB,311.5454545454545
2023-01-05 10:00:00,FR,538.4848484848485,BR-CS,538.4848484848485,IE,538.4848484848485,GB,161.5454545454545
2023-01-05 11:00:00,FR,224.84848484848484,BR-CS,224.84848484848484,IE,224.84848484848484,GB,67.45454545454541
2023-01-05 12:00:00,FR,661.8181818181818,BR-CS,661.8181818181818,IE,661.8181818181818,GB,198.54545454545473
2023-01-05 13:00:00,BR-CS,523.030303030303,FR,523.030303030303,GB,523.030303030303,IE,156.909090909091
2023-01-05 14:00:00,BR-CS,1385.1515151515152,FR,1385.1515151515152,GB,1385.1515151515152,IE,415.5454545454545
2023-01-05 15:00:00,BR-CS,1204.5454545454547,FR,1204.5454545454547,GB,1204.5454545454547,IE,361.3636363636356
2023-01-05 16:00:00,BR-CS,743.6363636363636,FR,743.6363636363636,GB,743.6363636363636,IE,223.09090909090924
2023-01-05 17:00:00,BR-CS,295.4545454545455,FR,295.4545454545455,GB,295.4545454545455,IE,88.63636363636351
2023-01-05 18:00:00,BR-CS,160.0,FR,160.0,GB,160.0,IE,48.0
2023-01-05 19:00:00,BR-CS,21.81818181818182,FR,21.81818181818182,GB,21.81818181818182,IE,6.54545454545454
2023-01-05 20:00:00,BR-CS,47.27272727272727,FR,47.27272727272727,GB,47.27272727272727,IE,14.181818181818173
2023-01-05 21:00:00,,,,,,,,
2023-01-05 22:00:00,BR-CS,1816.6666666666667,FR,1816.6666666666667,GB,1816.6666666666667,IE,544.9999999999993
2023-01-05 23:00:00,FR,1496.3636363636365,BR-CS,1496.3636363636365,GB,1496.3636363636365,IE,448.90909090909054
2023-01-06 00:00:00,FR,382.42424242424244,BR-CS,382.42424242424244,GB,382.42424242424244,IE,114.72727272727263
2023-01-06 01:00:00,FR,1436.3636363636365,BR-CS,1436.3636363636365,GB,1436.3636363636365,IE,430.90909090909054
2023-01-06 02:00:00,FR,842.4242424242424,BR-CS,842.4242424242424,GB,842.4242424242424,IE,252.72727272727263
2023-01-06 03:00:00,FR,1460.3030303030303,BR-CS,1460.3030303030303,GB,1460.3030303030303,IE,438.09090909090946
2023-01-06 04:00:00,FR,1167.878787878788,BR-CS,1167.878787878788,GB,1167.878787878788,IE,350.36363636363603
2023-01-06 05:00:00,FR,1051.5151515151515,BR-CS,1051.5151515151515,GB,1051.5151515151515,IE,315.4545454545455
2023-01-06 06:00:00,FR,854.2424242424242,BR-CS,854.2424242424242,GB,854.2424242424242,IE,256.27272727272725
2023-01-06 07:00:00,,,,,,,,
2023-01-06 08:00:00,FR,20.606060606060606,BR-CS,20.606060606060606,GB,20.606060606060606,IT-NO,6.18181818181818
2023-01-06 09:00:00,FR,825.4545454545455,BR-CS,825.4545454545455,GB,825.4545454545455,IT-NO,247.6363636363635
2023-01-06 10:00:00,FR,652.4242424242424,BR-CS,652.4242424242424,GB,652.4242424242424,IT-NO,195.72727272727275
2023-01-06 11:00:00,FR,533.3333333333334,BR-CS,533.3333333333334,GB,533.3333333333334,IE,159.99999999999977
2023-01-06 12:00:00,FR,240.9090909090909,BR-CS,240.9090909090909,GB,240.9090909090909,IE,72.27272727272734
2023-01-06 13:00:00,FR,65.75757575757576,BR-CS,65.75757575757576,GB,65.75757575757576,IE,19.72727272727272
2023-01-06 14:00:00,FR,319.6969696969697,BR-CS,319.6969696969697,GB,319.6969696969697,IE,95.90909090909088
2023-01-06 15:00:00,BR-CS,427.5757575757576,FR,427.5757575757576,GB,427.5757575757576,IE,128.27272727272714
2023-01-06 16:00:00,BR-CS,781.8181818181818,FR,781.8181818181818,GB,781.8181818181818,IE,234.54545454545473
2023-01-06 17:00:00,BR-CS,10.606060606060606,FR,10.606060606060606,GB,10.606060606060606,IE,3.1818181818181834
2023-01-06 18:00:00,BR-CS,19.090909090909093,FR,19.090909090909093,GB,19.090909090909093,IE,5.7272727272727195
2023-01-06 19:00:00,BR-CS,173.33333333333334,FR,173.33333333333334,GB,173.33333333333334,IE,51.99999999999994
2023-01-06 20:00:00,,,,,,,,
2023-01-06 21:00:00,,,,,,,,
2023-01-06 22:00:00,,,,,,,,
2023-01-06 23:00:00,FR,360.0,BR-CS,360.0,GB,360.0,IT-NO,108.0
2023-01-07 00:00:00,FR,330.3030303030303,BR-CS,330.3030303030303,GB,330.3030303030303,IT-NO,99.09090909090912
2023-01-07 01:00:00,FR,340.0,BR-CS,340.0,GB,340.0,IT-NO,102.0
2023-01-07 02:00:00,FR,43.63636363636364,BR-CS,43.63636363636364,GB,43.63636363636364,DE,13.09090909090908
2023-01-07 03:00:00,FR,143.33333333333334,BR-CS,143.33333333333334,GB,143.33333333333334,IE,42.99999999999994
2023-01-07 04:00:00,FR,38.78787878787879,BR-CS,38.78787878787879,GB,38.78787878787879,IE,11.63636363636364
2023-01-07 05:00:00,,,,,,,,
2023-01-07 06:00:00,,,,,,,,
2023-01-07 07:00:00,,,,,,,,
2023-01-07 08:00:00,,,,,,,,
2023-01-07 09:00:00,,,,,,,,
2023-01-07 10:00:00,FR,108.18181818181819,BR-CS,108.18181818181819,GB,108.18181818181819,IE,32.45454545454544
2023-01-07 11:00:00,FR,719.0909090909091,BR-CS,719.0909090909091,GB,719.0909090909091,IE,215.72727272727275
2023-01-07 12:00:00,FR,336.969696969697,BR-CS,336.969696969697,GB,336.969696969697,IE,101.09090909090901
2023-01-07 13:00:00,FR,813.939393939394,BR-CS,813.939393939394,GB,813.939393939394,IE,244.18181818181802
2023-01-07 14:00:00,FR,903.939393939394,BR-CS,903.939393939394,GB,903.939393939394,IE,271.181818181818
2023-01-07 15:00:00,FR,107.57575757575758,BR-CS,107.57575757575758,GB,107.57575757575758,IE,32.272727272727295
2023-01-07 16:00:00,FR,218.7878787878788,BR-CS,218.7878787878788,GB,218.7878787878788,IE,65.63636363636357
2023-01-07 17:00:00,,,,,,,,
2023-01-07 18:00:00,FR,523.6363636363636,BR-CS,523.6363636363636,GB,523.6363636363636,IE,157.09090909090924
2023-01-07 19:00:00,FR,566.3636363636364,BR-CS,566.3636363636364,GB,566.3636363636364,IE,169.90909090909076
2023-01-07 20:00:00,FR,907.5757575757575,BR-CS,907.5757575757575,GB,907.5757575757575,IE,272.2727272727275
2023-01-07 21:00:00,FR,251.81818181818184,BR-CS,251.81818181818184,GB,251.81818181818184,IE,75.54545454545442
2023-01-07 22:00:00,FR,492.72727272727275,BR-CS,492.72727272727275,GB,492.72727272727275,IE,147.81818181818176
2023-01-07 23:00:00,FR,577.2727272727274,BR-CS,577.2727272727274,GB,577.2727272727274,IE,173.1818181818178
2023-01-08 00:00:00,FR,754.5454545454546,BR-CS,754.5454545454546,GB,754.5454545454546,DE,226.36363636363626
2023-01-08 01:00:00,FR,222.72727272727272,BR-CS,222.72727272727272,GB,222.72727272727272,DE,66.81818181818178
2023-01-08 02:00:00,FR,6.0606060606060606,BR-CS,6.0606060606060606,GB,6.0606060606060606,DE,1.8181818181818183
2023-01-08 03:00:00,,,,,,,,
2023-01-08 04:00:00,FR,407.8787878787879,BR-CS,407.8787878787879,GB,407.8787878787879,IE,122.36363636363637
2023-01-08 05:00:00,FR,354.8484848484849,BR-CS,354.8484848484849,GB,354.8484848484849,IT-NO,106.45454545454538
2023-01-08 06:00:00,FR,326.3636363636364,BR-CS,326.3636363636364,GB,326.3636363636364,IE,97.90909090909088
2023-01-08 07:00:00,FR,488.18181818181824,BR-CS,488.18181818181824,GB,488.18181818181824,IE,146.45454545454527
2023-01-08 08:00:00,FR,86.66666666666667,BR-CS,86.66666666666667,GB,86.66666666666667,IE,25.99999999999997
2023-01-08 09:00:00,FR,60.303030303030305,BR-CS,60.303030303030305,GB,60.303030303030305,IE,18.090909090909072
2023-01-08 10:00:00,FR,421.2121212121212,GB,421.2121212121212,BR-CS,421.2121212121212,IE,126.36363636363632
2023-01-08 11:00:00,FR,945.1515151515152,GB,945.1515151515152,BR-CS,945.1515151515152,IE,283.5454545454545
2023-01-08 12:00:00,FR,1025.757575757576,BR-CS,1025.757575757576,GB,1025.757575757576,IE,307.72727272727207
2023-01-08 13:00:00,FR,1371.818181818182,GB,1371.818181818182,BR-CS,1371.818181818182,DE,411.54545454545405
2023-01-08 14:00:00,FR,1780.6060606060605,BR-CS,1780.6060606060605,GB,1780.6060606060605,DE,534.1818181818185
2023-01-08 15:00:00,FR,956.0606060606061,BR-CS,956.0606060606061,GB,956.0606060606061,DE,286.81818181818187
2023-01-08 16:00:00,,,,,,,,
2023-01-08 17:00:00,FR,363.939393939394,BR-CS,363.939393939394,GB,363.939393939394,IE,109.18181818181802
2023-01-08 18:00:00,,,,,,,,
2023-01-08 19:00:00,,,,,,,,
2023-01-08 20:00:00,FR,239.39393939393938,BR-CS,239.39393939393938,GB,239.39393939393938,IE,71.81818181818187
2023-01-08 21:00:00,FR,605.1515151515151,BR-CS,605.1515151515151,GB,605.1515151515151,IE,181.54545454545473
2023-01-08 22:00:00,FR,2301.818181818182,BR-CS,2301.818181818182,GB,2301.818181818182,IE,690.545454545454
2023-01-08 23:00:00,FR,1169.3939393939395,BR-CS,1169.3939393939395,GB,1169.3939393939395,IE,350.81818181818153
2023-01-09 00:00:00,FR,1381.818181818182,BR-CS,1381.818181818182,GB,1381.818181818182,IE,414.54545454545405
2023-01-09 01:00:00,FR,92.42424242424242,BR-CS,92.42424242424242,GB,92.42424242424242,IE,27.72727272727272
2023-01-09 02:00:00,,,,,,,,
2023-01-09 03:00:00,FR,433.939393939394,BR-CS,433.939393939394,GB,433.939393939394,IE,130.18181818181802
2023-01-09 04:00:00,FR,349.3939393939394,BR-CS,349.3939393939394,GB,349.3939393939394,IE,104.81818181818187
2023-01-09 05:00:00,FR,480.0,BR-CS,480.0,GB,480.0,IE,144.0
2023-01-09 06:00:00,FR,317.8787878787879,BR-CS,317.8787878787879,GB,317.8787878787879,IE,95.36363636363637
2023-01-09 07:00:00,FR,157.27272727272728,BR-CS,157.27272727272728,GB,157.27272727272728,IE,47.18181818181819
2023-01-09 08:00:00,FR,179.0909090909091,BR-CS,179.0909090909091,GB,179.0909090909091,IE,53.72727272727269
2023-01-09 09:00:00,FR,378.7878787878788,BR-CS,378.7878787878788,GB,378.7878787878788,IE,113.63636363636363
2023-01-09 10:00:00,FR,906.6666666666667,BR-CS,906.6666666666667,GB,906.6666666666667,IE,271.99999999999955
2023-01-09 11:00:00,FR,1797.5757575757575,BR-CS,1797.5757575757575,GB,1797.5757575757575,IE,539.272727272727
2023-01-09 12:00:00,FR,853.939393939394,BR-CS,853.939393939394,GB,853.939393939394,IE,256.181818181818
2023-01-09 13:00:00,FR,460.6060606060606,BR-CS,460.6060606060606,GB,460.6060606060606,IE,138.18181818181824
2023-01-09 14:00:00,FR,925.1515151515152,BR-CS,925.1515151515152,GB,925.1515151515152,IE,277.5454545454545
2023-01-09 15:00:00,FR,8149.69696969697,BR-CS,8149.69696969697,GB,8149.69696969697,IE,2444.909090909092
2023-01-09 16:00:00,FR,3540.909090909091,BR-CS,3540.909090909091,GB,3540.909090909091,IE,1062.272727272727
2023-01-09 17:00:00,FR,1930.0,BR-CS,1930.0,GB,1930.0,IE,579.0
2023-01-09 18:00:00,FR,7897.878787878789,BR-CS,7897.878787878789,GB,7897.878787878789,IT-NO,2369.363636363635
2023-01-09 19:00:00,FR,12866.969696969698,BR-CS,12866.969696969698,GB,12866.969696969698,IT-NO,3860.09090909091
2023-01-09 20:00:00,FR,4857.878787878788,BR-CS,4857.878787878788,GB,4857.878787878788,IT-NO,1457.363636363636
2023-01-09 21:00:00,FR,1933.6363636363637,BR-CS,1933.6363636363637,GB,1933.6363636363637,IT-NO,580.0909090909083
2023-01-09 22:00:00,FR,1943.9393939393938,BR-CS,1943.9393939393938,GB,1943.9393939393938,IE,583.1818181818182
2023-01-09 23:00:00,FR,2576.969696969697,BR-CS,2576.969696969697,GB,2576.969696969697,IE,773.090909090909
2023-01-10 00:00:00,FR,6342.121212121213,BR-CS,6342.121212121213,GB,6342.121212121213,IE,1902.636363636363
2023-01-10 01:00:00,FR,2123.636363636364,BR-CS,2123.636363636364,GB,2123.636363636364,IE,637.0909090909081
2023-01-10 02:00:00,FR,2301.818181818182,BR-CS,2301.818181818182,GB,2301.818181818182,IE,690.545454545454
2023-01-10 03:00:00,FR,1705.757575757576,BR-CS,1705.757575757576,GB,1705.757575757576,IE,511.72727272727207
2023-01-10 04:00:00,FR,593.3333333333334,BR-CS,593.3333333333334,GB,593.3333333333334,IE,177.99999999999977
2023-01-10 05:00:00,FR,344.54545454545456,BR-CS,344.54545454545456,GB,344.54545454545456,IE,103.36363636363637
2023-01-10 06:00:00,FR,186.969696969697,BR-CS,186.969696969697,GB,186.969696969697,IE,56.09090909090901
2023-01-10 07:00:00,FR,346.6666666666667,BR-CS,346.6666666666667,GB,346.6666666666667,IE,103.99999999999989
2023-01-10 08:00:00,FR,412.1212121212121,BR-CS,412.1212121212121,GB,412.1212121212121,IE,123.63636363636363
2023-01-10 09:00:00,FR,125.45454545454545,BR-CS,125.45454545454545,GB,125.45454545454545,IE,37.63636363636367
2023-01-10 10:00:00,,,,,,,,
2023-01-10 11:00:00,FR,160.0,BR-CS,160.0,GB,160.0,IE,48.0
2023-01-10 12:00:00,FR,406.3636363636364,BR-CS,406.3636363636364,GB,406.3636363636364,IE,121.90909090909088
2023-01-10 13:00:00,FR,1344.8484848484848,BR-CS,1344.8484848484848,GB,1344.8484848484848,IE,403.4545454545455
2023-01-10 14:00:00,FR,1285.757575757576,BR-CS,1285.757575757576,GB,1285.757575757576,IE,385.72727272727207
2023-01-10 15:00:00,FR,576.969696969697,BR-CS,576.969696969697,GB,576.969696969697,IE,173.090909090909
2023-01-10 16:00:00,FR,230.3030303030303,BR-CS,230.3030303030303,GB,230.3030303030303,IE,69.09090909090912
2023-01-10 17:00:00,FR,905.4545454545455,BR-CS,905.4545454545455,GB,905.4545454545455,IE,271.6363636363635
2023-01-10 18:00:00,FR,309.0909090909091,BR-CS,309.0909090909091,GB,309.0909090909091,IE,92.72727272727263
2023-01-10 19:00:00,FR,333.939393939394,BR-CS,333.939393939394,GB,333.939393939394,IE,100.18181818181802
2023-01-10 20:00:00,FR,1947.5757575757575,BR-CS,1947.5757575757575,GB,1947.5757575757575,IE,584.272727272727
2023-01-10 21:00:00,FR,2610.6060606060605,BR-CS,2610.6060606060605,GB,2610.6060606060605,IE,783.1818181818189
2023-01-10 22:00:00,FR,1692.7272727272727,BR-CS,1692.7272727272727,GB,1692.7272727272727,IE,507.8181818181813
2023-01-10 23:00:00,FR,5462.727272727273,BR-CS,5462.727272727273,GB,5462.727272727273,IE,1638.818181818182
2023-01-11 00:00:00,FR,5121.515151515152,BR-CS,5121.515151515152,GB,5121.515151515152,IE,1536.4545454545441
2023-01-11 01:00:00,FR,2439.0909090909095,BR-CS,2439.0909090909095,GB,2439.0909090909095,IE,731.7272727272712
2023-01-11 02:00:00,FR,940.9090909090909,BR-CS,940.9090909090909,GB,940.9090909090909,IE,282.27272727272714
2023-01-11 03:00:00,FR,1605.4545454545455,BR-CS,1605.4545454545455,GB,1605.4545454545455,IE,481.6363636363635
2023-01-11 04:00:00,FR,1193.3333333333335,BR-CS,1193.3333333333335,GB,1193.3333333333335,IE,357.99999999999955
2023-01-11 05:00:00,FR,1205.757575757576,BR-CS,1205.757575757576,GB,1205.757575757576,IE,361.72727272727207
2023-01-11 06:00:00,FR,34.24242424242425,BR-CS,34.24242424242425,GB,34.24242424242425,IE,10.272727272727252
2023-01-11 07:00:00,,,,,,,,
2023-01-11 08:00:00,FR,153.93939393939394,BR-CS,153.93939393939394,GB,153.93939393939394,IE,46.18181818181819
2023-01-11 09:00:00,FR,53.03030303030303,BR-CS,53.03030303030303,GB,53.03030303030303,IE,15.909090909090907
2023-01-11 10:00:00,FR,409.6969696969697,BR-CS,409.6969696969697,GB,409.6969696969697,IE,122.90909090909082
2023-01-11 11:00:00,FR,388.4848484848485,BR-CS,388.4848484848485,GB,388.4848484848485,IE,116.5454545454545
2023-01-11 12:00:00,,,,,,,,
2023-01-11 13:00:00,FR,863.6363636363636,BR-CS,863.6363636363636,GB,863.6363636363636,IE,259.09090909090935
2023-01-11 14:00:00,FR,1050.6060606060607,BR-CS,1050.6060606060607,GB,1050.6060606060607,IE,315.18181818181756
2023-01-11 15:00:00,FR,288.7878787878788,BR-CS,288.7878787878788,GB,288.7878787878788,IE,86.63636363636363
2023-01-11 16:00:00,,,,,,,,
2023-01-11 17:00:00,,,,,,,,
2023-01-11 18:00:00,FR,536.969696969697,BR-CS,536.969696969697,GB,536.969696969697,IE,161.090909090909
2023-01-11 19:00:00,FR,772.7272727272727,BR-CS,772.7272727272727,GB,772.7272727272727,IE,231.81818181818176
2023-01-11 20:00:00,FR,84.24242424242425,BR-CS,84.24242424242425,GB,84.24242424242425,IE,25.272727272727252
2023-01-11 21:00:00,FR,458.78787878787875,BR-CS,458.78787878787875,GB,458.78787878787875,IE,137.63636363636374
2023-01-11 22:00:00,FR,1050.0,BR-CS,1050.0,GB,1050.0,IE,315.0
2023-01-11 23:00:00,FR,922.1212121212121,BR-CS,922.1212121212121,GB,922.1212121212121,IE,276.63636363636385
2023-01-12 00:00:00,FR,150.9090909090909,BR-CS,150.9090909090909,GB,150.9090909090909,IE,45.27272727272731
2023-01-12 01:00:00,,,,,,,,
2023-01-12 02:00:00,FR,200.3030303030303,BR-CS,200.3030303030303,GB,200.3030303030303,IE,60.090909090909065
2023-01-12 03:00:00,FR,235.45454545454547,BR-CS,235.45454545454547,GB,235.45454545454547,IE,70.63636363636354
2023-01-12 04:00:00,FR,71.51515151515152,BR-CS,71.51515151515152,GB,71.51515151515152,IE,21.454545454545467
2023-01-12 05:00:00,,,,,,,,
2023-01-12 06:00:00,FR,796.6666666666667,BR-CS,796.6666666666667,GB,796.6666666666667,IE,238.99999999999977
2023-01-12 07:00:00,FR,776.6666666666667,BR-CS,776.6666666666667,GB,776.6666666666667,IE,232.99999999999977
2023-01-12 08:00:00,,,,,,,,
2023-01-12 09:00:00,,,,,,,,
2023-01-12 10:00:00,,,,,,,,
2023-01-12 11:00:00,FR,68.4848484848485,BR-CS,68.4848484848485,GB,68.4848484848485,IE,20.545454545454504
2023-01-12 12:00:00,FR,301.2121212121212,BR-CS,301.2121212121212,GB,301.2121212121212,IE,90.36363636363637
2023-01-12 13:00:00,FR,529.3939393939394,BR-CS,529.3939393939394,GB,529.3939393939394,IE,158.81818181818176
2023-01-12 14:00:00,FR,1051.2121212121212,BR-CS,1051.2121212121212,GB,1051.2121212121212,IE,315.3636363636365
2023-01-12 15:00:00,FR,2276.3636363636365,BR-CS,2276.3636363636365,GB,2276.3636363636365,IE,682.909090909091
2023-01-12 16:00:00,FR,1873.030303030303,BR-CS,1873.030303030303,GB,1873.030303030303,IE,561.909090909091
2023-01-12 17:00:00,FR,2496.666666666667,BR-CS,2496.666666666667,GB,2496.666666666667,IE,748.9999999999991
2023-01-12 18:00:00,FR,1386.969696969697,BR-CS,1386.969696969697,GB,1386.969696969697,IE,416.090909090909
2023-01-12 19:00:00,FR,291.2121212121212,BR-CS,291.2121212121212,GB,291.2121212121212,IE,87.36363636363637
2023-01-12 20:00:00,FR,687.878787878788,BR-CS,687.878787878788,GB,687.878787878788,IE,206.36363636363603
2023-01-12 21:00:00,FR,32.42424242424242,BR-CS,32.42424242424242,GB,32.42424242424242,IE,9.727272727272734
2023-01-12 22:00:00,,,,,,,,
2023-01-12 23:00:00,,,,,,,,
2023-01-13 00:00:00,,,,,,,,
2023-01-13 01:00:00,,,,,,,,
2023-01-13 02:00:00,FR,57.27272727272728,BR-CS,57.27272727272728,GB,57.27272727272728,IE,17.18181818181816
2023-01-13 03:00:00,FR,41.515151515151516,BR-CS,41.515151515151516,GB,41.515151515151516,IE,12.454545454545453
2023-01-13 04:00:00,FR,323.33333333333337,BR-CS,323.33333333333337,GB,323.33333333333337,IE,96.99999999999989
2023-01-13 05:00:00,FR,443.6363636363637,BR-CS,443.6363636363637,GB,443.6363636363637,IE,133.09090909090884
2023-01-13 06:00:00,FR,543.6363636363636,BR-CS,543.6363636363636,GB,543.6363636363636,IE,163.09090909090924
2023-01-13 07:00:00,FR,735.4545454545455,BR-CS,735.4545454545455,GB,735.4545454545455,IE,220.6363636363635
2023-01-13 08:00:00,FR,860.3030303030303,BR-CS,860.3030303030303,GB,860.3030303030303,IE,258.09090909090924
2023-01-13 09:00:00,FR,1602.1212121212122,BR-CS,1602.1212121212122,GB,1602.1212121212122,DE,480.63636363636374
2023-01-13 10:00:00,FR,1170.909090909091,BR-CS,1170.909090909091,GB,1170.909090909091,DE,351.272727272727
2023-01-13 11:00:00,FR,818.4848484848485,BR-CS,818.4848484848485,GB,818.4848484848485,DE,245.5454545454545
2023-01-13 12:00:00,FR,1393.6363636363635,BR-CS,1393.6363636363635,GB,1393.6363636363635,DE,418.09090909090946
2023-01-13 13:00:00,FR,428.18181818181824,BR-CS,428.18181818181824,GB,428.18181818181824,DE,128.45454545454527
2023-01-13 14:00:00,FR,1583.0303030303032,BR-CS,1583.0303030303032,GB,1583.0303030303032,DE,474.90909090909076
2023-01-13 15:00:00,FR,1346.3636363636365,BR-CS,1346.3636363636365,GB,1346.3636363636365,DE,403.90909090909054
2023-01-13 16:00:00,FR,1001.8181818181819,BR-CS,1001.8181818181819,GB,1001.8181818181819,DE,300.54545454545416
2023-01-13 17:00:00,,,,,,,,
2023-01-13 18:00:00,,,,,,,,
2023-01-13 19:00:00,,,,,,,,
2023-01-13 20:00:00,FR,631.2121212121212,BR-CS,631.2121212121212,GB,631.2121212121212,DE,189.36363636363626
2023-01-13 21:00:00,FR,983.939393939394,BR-CS,983.939393939394,GB,983.939393939394,DE,295.181818181818
2023-01-13 22:00:00,,,,,,,,
2023-01-13 23:00:00,FR,14.545454545454545,BR-CS,14.545454545454545,GB,14.545454545454545,DE,4.3636363636363615
2023-01-14 00:00:00,FR,34.24242424242425,BR-CS,34.24242424242425,GB,34.24242424242425,DE,10.272727272727252
2023-01-14 01:00:00,FR,683.939393939394,BR-CS,683.939393939394,GB,683.939393939394,DE,205.18181818181802
2023-01-14 02:00:00,FR,483.6363636363637,BR-CS,483.6363636363637,GB,483.6363636363637,DE,145.09090909090884
2023-01-14 03:00:00,FR,36.969696969696976,BR-CS,36.969696969696976,GB,36.969696969696976,DE,11.09090909090908
2023-01-14 04:00:00,FR,129.3939393939394,BR-CS,129.3939393939394,GB,129.3939393939394,DE,38.81818181818181
2023-01-14 05:00:00,FR,165.45454545454544,BR-CS,165.45454545454544,GB,165.45454545454544,DE,49.63636363636368
2023-01-14 06:00:00,FR,15.454545454545457,BR-CS,15.454545454545457,GB,15.454545454545457,DE,4.636363636363633
2023-01-14 07:00:00,,,,,,,,
2023-01-14 08:00:00,FR,169.0909090909091,BR-CS,169.0909090909091,GB,169.0909090909091,IE,50.72727272727269
2023-01-14 09:00:00,FR,541.8181818181818,BR-CS,541.8181818181818,GB,541.8181818181818,IE,162.54545454545473
2023-01-14 10:00:00,,,,,,,,
2023-01-14 11:00:00,FR,197.8787878787879,BR-CS,197.8787878787879,GB,197.8787878787879,IE,59.363636363636346
2023-01-14 12:00:00,FR,954.2424242424242,BR-CS,954.2424242424242,GB,954.2424242424242,IE,286.2727272727275
2023-01-14 13:00:00,FR,963.939393939394,GB,963.939393939394,BR-CS,963.939393939394,IE,289.181818181818
2023-01-14 14:00:00,FR,336.6666666666667,GB,336.6666666666667,BR-CS,336.6666666666667,DE,100.99999999999989
2023-01-14 15:00:00,,,,,,,,
2023-01-14 16:00:00,,,,,,,,
2023-01-14 17:00:00,FR,175.15151515151516,BR-CS,175.15151515151516,GB,175.15151515151516,DE,52.54545454545456
2023-01-14 18:00:00,,,,,,,,
2023-01-14 19:00:00,FR,661.5151515151516,BR-CS,661.5151515151516,GB,661.5151515151516,DE,198.45454545454527
2023-01-14 20:00:00,,,,,,,,
2023-01-14 21:00:00,FR,82.72727272727272,BR-CS,82.72727272727272,GB,82.72727272727272,DE,24.81818181818184
2023-01-14 22:00:00,FR,673.3333333333334,BR-CS,673.3333333333334,GB,673.3333333333334,DE,201.99999999999977
2023-01-14 23:00:00,FR,607.5757575757576,BR-CS,607.5757575757576,GB,607.5757575757576,DE,182.27272727272725
