2022-01-01 00:00:00,,,,,,,,,,
2022-01-01 01:00:00,BR-CS,101.04166666666667,US-NW-BPAT,101.04166666666667,FR,101.04166666666667,ES,101.04166666666667,IT-NO,80.83333333333327
2022-01-01 02:00:00,BR-CS,1127.2916666666667,US-NW-BPAT,1127.2916666666667,FR,1127.2916666666667,ES,1127.2916666666667,CA-ON,901.8333333333326
2022-01-01 03:00:00,BR-CS,639.7916666666667,US-NW-BPAT,639.7916666666667,FR,639.7916666666667,ES,639.7916666666667,CA-ON,511.8333333333328
2022-01-01 04:00:00,BR-CS,640.2083333333334,US-NW-BPAT,640.2083333333334,FR,640.2083333333334,ES,640.2083333333334,CA-ON,512.1666666666662
2022-01-01 05:00:00,BR-CS,134.16666666666669,US-NW-BPAT,134.16666666666669,FR,134.16666666666669,ES,134.16666666666669,CA-ON,107.33333333333326
2022-01-01 06:00:00,BR-CS,774.375,US-NW-BPAT,774.375,FR,774.375,ES,774.375,CA-ON,619.5
2022-01-01 07:00:00,BR-CS,1264.5833333333335,US-NW-BPAT,1264.5833333333335,FR,1264.5833333333335,ES,1264.5833333333335,CA-ON,1011.6666666666656
2022-01-01 08:00:00,BR-CS,529.1666666666667,US-NW-BPAT,529.1666666666667,FR,529.1666666666667,AU-VIC,529.1666666666667,ES,423.33333333333303
2022-01-01 09:00:00,BR-CS,446.0416666666667,AU-VIC,446.0416666666667,US-NW-BPAT,446.0416666666667,FR,446.0416666666667,ES,356.8333333333331
2022-01-01 10:00:00,BR-CS,444.58333333333337,AU-VIC,444.58333333333337,US-NW-BPAT,444.58333333333337,FR,444.58333333333337,ES,355.6666666666663
2022-01-01 11:00:00,BR-CS,881.6666666666667,AU-VIC,881.6666666666667,US-NW-BPAT,881.6666666666667,FR,881.6666666666667,ES,705.3333333333326
2022-01-01 12:00:00,BR-CS,489.7916666666667,AU-VIC,489.7916666666667,US-NW-BPAT,489.7916666666667,FR,489.7916666666667,ES,391.8333333333331
2022-01-01 13:00:00,,,,,,,,,,
2022-01-01 14:00:00,BR-CS,2.291666666666667,AU-VIC,2.291666666666667,US-NW-BPAT,2.291666666666667,FR,2.291666666666667,ES,1.8333333333333313
2022-01-01 15:00:00,BR-CS,367.2916666666667,AU-VIC,367.2916666666667,US-NW-BPAT,367.2916666666667,FR,367.2916666666667,ES,293.8333333333331
2022-01-01 16:00:00,BR-CS,357.2916666666667,AU-VIC,357.2916666666667,US-NW-BPAT,357.2916666666667,FR,357.2916666666667,ES,285.8333333333331
2022-01-01 17:00:00,BR-CS,288.5416666666667,AU-VIC,288.5416666666667,US-NW-BPAT,288.5416666666667,FR,288.5416666666667,ES,230.8333333333331
2022-01-01 18:00:00,BR-CS,823.9583333333334,AU-VIC,823.9583333333334,US-NW-BPAT,823.9583333333334,FR,823.9583333333334,ES,659.1666666666662
2022-01-01 19:00:00,BR-CS,529.5833333333334,AU-VIC,529.5833333333334,US-NW-BPAT,529.5833333333334,FR,529.5833333333334,ES,423.6666666666663
2022-01-01 20:00:00,BR-CS,452.08333333333337,US-NW-BPAT,452.08333333333337,FR,452.08333333333337,ES,452.08333333333337,AU-VIC,361.6666666666663
2022-01-01 21:00:00,BR-CS,435.20833333333337,US-NW-BPAT,435.20833333333337,FR,435.20833333333337,ES,435.20833333333337,IT-NO,348.1666666666663
2022-01-01 22:00:00,BR-CS,161.875,US-NW-BPAT,161.875,FR,161.875,ES,161.875,IT-NO,129.5
2022-01-01 23:00:00,,,,,,,,,,
2022-01-02 00:00:00,BR-CS,865.0,US-NW-BPAT,865.0,FR,865.0,ES,865.0,CA-ON,692.0
2022-01-02 01:00:00,BR-CS,1541.6666666666667,US-NW-BPAT,1541.6666666666667,FR,1541.6666666666667,ES,1541.6666666666667,CA-ON,1233.3333333333323
2022-01-02 02:00:00,BR-CS,1093.3333333333335,US-NW-BPAT,1093.3333333333335,FR,1093.3333333333335,ES,1093.3333333333335,CA-ON,874.6666666666656
2022-01-02 03:00:00,BR-CS,1430.2083333333335,US-NW-BPAT,1430.2083333333335,FR,1430.2083333333335,ES,1430.2083333333335,CA-ON,1144.1666666666656
2022-01-02 04:00:00,BR-CS,447.5,US-NW-BPAT,447.5,FR,447.5,ES,447.5,CA-ON,358.0
2022-01-02 05:00:00,BR-CS,476.875,US-NW-BPAT,476.875,FR,476.875,ES,476.875,IT-NO,381.5
2022-01-02 06:00:00,BR-CS,1063.5416666666667,US-NW-BPAT,1063.5416666666667,FR,1063.5416666666667,ES,1063.5416666666667,IT-NO,850.8333333333326
2022-01-02 07:00:00,BR-CS,972.9166666666667,US-NW-BPAT,972.9166666666667,FR,972.9166666666667,ES,972.9166666666667,IT-NO,778.3333333333326
2022-01-02 08:00:00,BR-CS,451.875,US-NW-BPAT,451.875,FR,451.875,ES,451.875,IT-NO,361.5
2022-01-02 09:00:00,BR-CS,107.5,US-NW-BPAT,107.5,FR,107.5,ES,107.5,AU-VIC,86.0
2022-01-02 10:00:00,BR-CS,292.9166666666667,US-NW-BPAT,292.9166666666667,FR,292.9166666666667,ES,292.9166666666667,AU-VIC,234.3333333333331
2022-01-02 11:00:00,BR-CS,1115.2083333333335,US-NW-BPAT,1115.2083333333335,FR,1115.2083333333335,ES,1115.2083333333335,AU-VIC,892.1666666666656
2022-01-02 12:00:00,BR-CS,1538.3333333333335,US-NW-BPAT,1538.3333333333335,FR,1538.3333333333335,ES,1538.3333333333335,AU-VIC,1230.6666666666652
2022-01-02 13:00:00,BR-CS,721.4583333333334,US-NW-BPAT,721.4583333333334,FR,721.4583333333334,ES,721.4583333333334,AU-VIC,577.1666666666662
2022-01-02 14:00:00,BR-CS,473.125,US-NW-BPAT,473.125,FR,473.125,ES,473.125,AU-VIC,378.5
2022-01-02 15:00:00,BR-CS,1693.9583333333335,US-NW-BPAT,1693.9583333333335,FR,1693.9583333333335,AU-VIC,1693.9583333333335,ES,1355.1666666666652
2022-01-02 16:00:00,BR-CS,1362.7083333333335,US-NW-BPAT,1362.7083333333335,FR,1362.7083333333335,AU-VIC,1362.7083333333335,ES,1090.1666666666656
2022-01-02 17:00:00,BR-CS,2291.4583333333335,US-NW-BPAT,2291.4583333333335,FR,2291.4583333333335,AU-VIC,2291.4583333333335,ES,1833.1666666666647
2022-01-02 18:00:00,BR-CS,2130.2083333333335,US-NW-BPAT,2130.2083333333335,FR,2130.2083333333335,AU-VIC,2130.2083333333335,ES,1704.1666666666652
2022-01-02 19:00:00,BR-CS,1518.125,US-NW-BPAT,1518.125,FR,1518.125,ES,1518.125,AU-VIC,1214.5
2022-01-02 20:00:00,BR-CS,668.5416666666667,US-NW-BPAT,668.5416666666667,FR,668.5416666666667,ES,668.5416666666667,IT-NO,534.8333333333328
2022-01-02 21:00:00,BR-CS,506.6666666666667,US-NW-BPAT,506.6666666666667,FR,506.6666666666667,ES,506.6666666666667,CA-ON,405.3333333333331
2022-01-02 22:00:00,BR-CS,1194.5833333333335,US-NW-BPAT,1194.5833333333335,FR,1194.5833333333335,ES,1194.5833333333335,IT-NO,955.6666666666656
2022-01-02 23:00:00,BR-CS,1462.9166666666667,US-NW-BPAT,1462.9166666666667,FR,1462.9166666666667,ES,1462.9166666666667,CA-ON,1170.3333333333323
2022-01-03 00:00:00,BR-CS,877.7083333333334,US-NW-BPAT,877.7083333333334,FR,877.7083333333334,ES,877.7083333333334,CA-ON,702.1666666666662
2022-01-03 01:00:00,BR-CS,845.625,US-NW-BPAT,845.625,FR,845.625,ES,845.625,CA-ON,676.5
2022-01-03 02:00:00,BR-CS,536.0416666666667,US-NW-BPAT,536.0416666666667,FR,536.0416666666667,ES,536.0416666666667,CA-ON,428.83333333333303
2022-01-03 03:00:00,BR-CS,567.9166666666667,US-NW-BPAT,567.9166666666667,FR,567.9166666666667,ES,567.9166666666667,CA-ON,454.3333333333328
2022-01-03 04:00:00,BR-CS,628.9583333333334,US-NW-BPAT,628.9583333333334,FR,628.9583333333334,ES,628.9583333333334,CA-ON,503.1666666666662
2022-01-03 05:00:00,BR-CS,1046.4583333333335,US-NW-BPAT,1046.4583333333335,FR,1046.4583333333335,ES,1046.4583333333335,CA-ON,837.1666666666661
2022-01-03 06:00:00,BR-CS,1030.0,US-NW-BPAT,1030.0,FR,1030.0,ES,1030.0,CA-ON,824.0
2022-01-03 07:00:00,BR-CS,703.75,US-NW-BPAT,703.75,FR,703.75,ES,703.75,IT-NO,563.0
2022-01-03 08:00:00,BR-CS,1225.4166666666667,US-NW-BPAT,1225.4166666666667,FR,1225.4166666666667,ES,1225.4166666666667,IT-NO,980.3333333333323
2022-01-03 09:00:00,BR-CS,1370.625,US-NW-BPAT,1370.625,FR,1370.625,ES,1370.625,IT-NO,1096.5
2022-01-03 10:00:00,BR-CS,1685.625,US-NW-BPAT,1685.625,FR,1685.625,ES,1685.625,IT-NO,1348.5
2022-01-03 11:00:00,BR-CS,1390.4166666666667,US-NW-BPAT,1390.4166666666667,FR,1390.4166666666667,ES,1390.4166666666667,AU-VIC,1112.3333333333323
2022-01-03 12:00:00,BR-CS,1022.7083333333334,US-NW-BPAT,1022.7083333333334,FR,1022.7083333333334,ES,1022.7083333333334,AU-VIC,818.1666666666662
2022-01-03 13:00:00,BR-CS,1903.75,US-NW-BPAT,1903.75,FR,1903.75,ES,1903.75,AU-VIC,1523.0
2022-01-03 14:00:00,BR-CS,697.2916666666667,US-NW-BPAT,697.2916666666667,FR,697.2916666666667,ES,697.2916666666667,AU-VIC,557.8333333333328
2022-01-03 15:00:00,BR-CS,1185.0,US-NW-BPAT,1185.0,FR,1185.0,ES,1185.0,AU-VIC,948.0
2022-01-03 16:00:00,BR-CS,2092.5,US-NW-BPAT,2092.5,FR,2092.5,ES,2092.5,IT-NO,1674.0
2022-01-03 17:00:00,BR-CS,1266.0416666666667,US-NW-BPAT,1266.0416666666667,FR,1266.0416666666667,ES,1266.0416666666667,IT-NO,1012.8333333333323
2022-01-03 18:00:00,BR-CS,5099.791666666667,US-NW-BPAT,5099.791666666667,FR,5099.791666666667,ES,5099.791666666667,AU-VIC,4079.8333333333294
2022-01-03 19:00:00,BR-CS,2527.916666666667,US-NW-BPAT,2527.916666666667,FR,2527.916666666667,ES,2527.916666666667,AU-VIC,2022.3333333333312
2022-01-03 20:00:00,BR-CS,1768.75,US-NW-BPAT,1768.75,FR,1768.75,ES,1768.75,IT-NO,1415.0
2022-01-03 21:00:00,BR-CS,2020.2083333333335,US-NW-BPAT,2020.2083333333335,FR,2020.2083333333335,ES,2020.2083333333335,IT-NO,1616.1666666666652
2022-01-03 22:00:00,BR-CS,1468.75,US-NW-BPAT,1468.75,FR,1468.75,ES,1468.75,IT-NO,1175.0
2022-01-03 23:00:00,BR-CS,1425.625,US-NW-BPAT,1425.625,FR,1425.625,ES,1425.625,CA-ON,1140.5
2022-01-04 00:00:00,BR-CS,5083.333333333334,US-NW-BPAT,5083.333333333334,FR,5083.333333333334,ES,5083.333333333334,CA-ON,4066.6666666666624
2022-01-04 01:00:00,BR-CS,1220.4166666666667,US-NW-BPAT,1220.4166666666667,FR,1220.4166666666667,ES,1220.4166666666667,CA-ON,976.3333333333323
2022-01-04 02:00:00,BR-CS,841.4583333333334,US-NW-BPAT,841.4583333333334,FR,841.4583333333334,ES,841.4583333333334,CA-ON,673.1666666666662
2022-01-04 03:00:00,BR-CS,743.75,US-NW-BPAT,743.75,FR,743.75,ES,743.75,CA-ON,595.0
2022-01-04 04:00:00,BR-CS,535.0,US-NW-BPAT,535.0,FR,535.0,ES,535.0,CA-ON,428.0
2022-01-04 05:00:00,BR-CS,488.125,US-NW-BPAT,488.125,FR,488.125,ES,488.125,CA-ON,390.5
2022-01-04 06:00:00,,,,,,,,,,
2022-01-04 07:00:00,,,,,,,,,,
2022-01-04 08:00:00,,,,,,,,,,
2022-01-04 09:00:00,BR-CS,132.70833333333334,US-NW-BPAT,132.70833333333334,FR,132.70833333333334,ES,132.70833333333334,IT-NO,106.16666666666657
2022-01-04 10:00:00,BR-CS,752.7083333333334,US-NW-BPAT,752.7083333333334,FR,752.7083333333334,ES,752.7083333333334,IT-NO,602.1666666666662
2022-01-04 11:00:00,BR-CS,40.625,US-NW-BPAT,40.625,FR,40.625,ES,40.625,IT-NO,32.5
2022-01-04 12:00:00,BR-CS,463.5416666666667,US-NW-BPAT,463.5416666666667,FR,463.5416666666667,ES,463.5416666666667,IT-NO,370.8333333333331
2022-01-04 13:00:00,BR-CS,73.75,US-NW-BPAT,73.75,FR,73.75,ES,73.75,IT-NO,59.0
2022-01-04 14:00:00,BR-CS,482.70833333333337,US-NW-BPAT,482.70833333333337,FR,482.70833333333337,ES,482.70833333333337,IT-NO,386.1666666666663
2022-01-04 15:00:00,BR-CS,156.875,US-NW-BPAT,156.875,FR,156.875,ES,156.875,IT-NO,125.5
2022-01-04 16:00:00,BR-CS,1094.7916666666667,US-NW-BPAT,1094.7916666666667,FR,1094.7916666666667,ES,1094.7916666666667,IT-NO,875.8333333333326
2022-01-04 17:00:00,BR-CS,3249.166666666667,US-NW-BPAT,3249.166666666667,FR,3249.166666666667,ES,3249.166666666667,IT-NO,2599.3333333333303
2022-01-04 18:00:00,BR-CS,3269.375,US-NW-BPAT,3269.375,FR,3269.375,ES,3269.375,IT-NO,2615.5
2022-01-04 19:00:00,BR-CS,3587.5,US-NW-BPAT,3587.5,FR,3587.5,ES,3587.5,IT-NO,2870.0
2022-01-04 20:00:00,BR-CS,1510.8333333333335,US-NW-BPAT,1510.8333333333335,FR,1510.8333333333335,ES,1510.8333333333335,CA-ON,1208.6666666666652
2022-01-04 21:00:00,BR-CS,3623.541666666667,US-NW-BPAT,3623.541666666667,FR,3623.541666666667,ES,3623.541666666667,CA-ON,2898.8333333333303
2022-01-04 22:00:00,BR-CS,3396.041666666667,US-NW-BPAT,3396.041666666667,FR,3396.041666666667,ES,3396.041666666667,CA-ON,2716.8333333333303
2022-01-04 23:00:00,BR-CS,3333.541666666667,US-NW-BPAT,3333.541666666667,FR,3333.541666666667,ES,3333.541666666667,CA-ON,2666.8333333333303
2022-01-05 00:00:00,BR-CS,1216.0416666666667,US-NW-BPAT,1216.0416666666667,ES,1216.0416666666667,FR,1216.0416666666667,CA-ON,972.8333333333323
2022-01-05 01:00:00,BR-CS,991.0416666666667,US-NW-BPAT,991.0416666666667,ES,991.0416666666667,FR,991.0416666666667,CA-ON,792.8333333333326
2022-01-05 02:00:00,BR-CS,181.25,US-NW-BPAT,181.25,ES,181.25,FR,181.25,CA-ON,145.0
2022-01-05 03:00:00,BR-CS,3.9583333333333335,US-NW-BPAT,3.9583333333333335,ES,3.9583333333333335,FR,3.9583333333333335,CA-ON,3.1666666666666647
2022-01-05 04:00:00,BR-CS,585.2083333333334,US-NW-BPAT,585.2083333333334,FR,585.2083333333334,ES,585.2083333333334,CA-ON,468.1666666666662
2022-01-05 05:00:00,BR-CS,396.6666666666667,US-NW-BPAT,396.6666666666667,FR,396.6666666666667,ES,396.6666666666667,CA-ON,317.3333333333331
2022-01-05 06:00:00,BR-CS,533.125,US-NW-BPAT,533.125,FR,533.125,ES,533.125,CA-ON,426.5
2022-01-05 07:00:00,BR-CS,709.1666666666667,US-NW-BPAT,709.1666666666667,FR,709.1666666666667,ES,709.1666666666667,CA-ON,567.3333333333328
2022-01-05 08:00:00,BR-CS,568.125,US-NW-BPAT,568.125,FR,568.125,ES,568.125,CA-ON,454.5
2022-01-05 09:00:00,BR-CS,713.9583333333334,US-NW-BPAT,713.9583333333334,FR,713.9583333333334,ES,713.9583333333334,CA-ON,571.1666666666662
2022-01-05 10:00:00,BR-CS,370.20833333333337,US-NW-BPAT,370.20833333333337,FR,370.20833333333337,ES,370.20833333333337,CA-ON,296.1666666666663
2022-01-05 11:00:00,BR-CS,154.58333333333334,US-NW-BPAT,154.58333333333334,FR,154.58333333333334,ES,154.58333333333334,CA-ON,123.66666666666654
2022-01-05 12:00:00,BR-CS,455.0,US-NW-BPAT,455.0,FR,455.0,ES,455.0,CA-ON,364.0
2022-01-05 13:00:00,BR-CS,359.58333333333337,US-NW-BPAT,359.58333333333337,FR,359.58333333333337,ES,359.58333333333337,CA-ON,287.6666666666664
2022-01-05 14:00:00,BR-CS,952.2916666666667,US-NW-BPAT,952.2916666666667,FR,952.2916666666667,ES,952.2916666666667,CA-ON,761.8333333333326
2022-01-05 15:00:00,BR-CS,828.125,US-NW-BPAT,828.125,FR,828.125,ES,828.125,IT-NO,662.5
2022-01-05 16:00:00,BR-CS,511.25,US-NW-BPAT,511.25,FR,511.25,ES,511.25,IT-NO,409.0
2022-01-05 17:00:00,BR-CS,203.125,US-NW-BPAT,203.125,FR,203.125,ES,203.125,CA-ON,162.5
2022-01-05 18:00:00,BR-CS,110.0,US-NW-BPAT,110.0,FR,110.0,ES,110.0,CA-ON,88.0
2022-01-05 19:00:00,BR-CS,15.0,US-NW-BPAT,15.0,FR,15.0,ES,15.0,CA-ON,12.0
2022-01-05 20:00:00,BR-CS,32.5,US-NW-BPAT,32.5,FR,32.5,ES,32.5,CA-ON,26.0
2022-01-05 21:00:00,,,,,,,,,,
2022-01-05 22:00:00,BR-CS,1248.9583333333335,US-NW-BPAT,1248.9583333333335,FR,1248.9583333333335,ES,1248.9583333333335,CA-ON,999.1666666666656
2022-01-05 23:00:00,BR-CS,1028.75,US-NW-BPAT,1028.75,FR,1028.75,ES,1028.75,CA-ON,823.0
2022-01-06 00:00:00,BR-CS,262.9166666666667,US-NW-BPAT,262.9166666666667,FR,262.9166666666667,ES,262.9166666666667,CA-ON,210.33333333333314
2022-01-06 01:00:00,BR-CS,987.5,US-NW-BPAT,987.5,FR,987.5,ES,987.5,CA-ON,790.0
2022-01-06 02:00:00,BR-CS,579.1666666666667,US-NW-BPAT,579.1666666666667,FR,579.1666666666667,ES,579.1666666666667,CA-ON,463.3333333333328
2022-01-06 03:00:00,BR-CS,1003.9583333333334,US-NW-BPAT,1003.9583333333334,FR,1003.9583333333334,ES,1003.9583333333334,CA-ON,803.1666666666662
2022-01-06 04:00:00,BR-CS,802.9166666666667,US-NW-BPAT,802.9166666666667,FR,802.9166666666667,ES,802.9166666666667,CA-ON,642.3333333333326
2022-01-06 05:00:00,BR-CS,722.9166666666667,US-NW-BPAT,722.9166666666667,FR,722.9166666666667,ES,722.9166666666667,CA-ON,578.3333333333328
2022-01-06 06:00:00,BR-CS,587.2916666666667,US-NW-BPAT,587.2916666666667,FR,587.2916666666667,ES,587.2916666666667,CA-ON,469.8333333333328
2022-01-06 07:00:00,,,,,,,,,,
2022-01-06 08:00:00,BR-CS,14.166666666666668,US-NW-BPAT,14.166666666666668,FR,14.166666666666668,ES,14.166666666666668,CA-ON,11.333333333333321
2022-01-06 09:00:00,BR-CS,567.5,US-NW-BPAT,567.5,FR,567.5,ES,567.5,CA-ON,454.0
2022-01-06 10:00:00,BR-CS,448.5416666666667,US-NW-BPAT,448.5416666666667,FR,448.5416666666667,ES,448.5416666666667,CA-ON,358.8333333333331
2022-01-06 11:00:00,BR-CS,366.6666666666667,US-NW-BPAT,366.6666666666667,FR,366.6666666666667,ES,366.6666666666667,CA-ON,293.3333333333331
2022-01-06 12:00:00,BR-CS,165.625,US-NW-BPAT,165.625,FR,165.625,ES,165.625,AU-VIC,132.5
2022-01-06 13:00:00,BR-CS,45.208333333333336,US-NW-BPAT,45.208333333333336,FR,45.208333333333336,ES,45.208333333333336,AU-VIC,36.166666666666636
2022-01-06 14:00:00,BR-CS,219.79166666666669,US-NW-BPAT,219.79166666666669,FR,219.79166666666669,ES,219.79166666666669,AU-VIC,175.83333333333314
2022-01-06 15:00:00,BR-CS,293.95833333333337,US-NW-BPAT,293.95833333333337,FR,293.95833333333337,ES,293.95833333333337,AU-VIC,235.1666666666664
2022-01-06 16:00:00,BR-CS,537.5,US-NW-BPAT,537.5,FR,537.5,ES,537.5,AU-VIC,430.0
2022-01-06 17:00:00,BR-CS,7.291666666666667,US-NW-BPAT,7.291666666666667,FR,7.291666666666667,ES,7.291666666666667,AU-VIC,5.8333333333333295
2022-01-06 18:00:00,BR-CS,13.125,US-NW-BPAT,13.125,FR,13.125,ES,13.125,AU-VIC,10.5
2022-01-06 19:00:00,BR-CS,119.16666666666667,US-NW-BPAT,119.16666666666667,FR,119.16666666666667,ES,119.16666666666667,AU-VIC,95.33333333333327
2022-01-06 20:00:00,,,,,,,,,,
2022-01-06 21:00:00,,,,,,,,,,
2022-01-06 22:00:00,,,,,,,,,,
2022-01-06 23:00:00,BR-CS,247.5,US-NW-BPAT,247.5,FR,247.5,ES,247.5,CA-ON,198.0
2022-01-07 00:00:00,BR-CS,227.08333333333334,US-NW-BPAT,227.08333333333334,FR,227.08333333333334,ES,227.08333333333334,CA-ON,181.66666666666654
2022-01-07 01:00:00,BR-CS,233.75,US-NW-BPAT,233.75,FR,233.75,ES,233.75,CA-ON,187.0
2022-01-07 02:00:00,BR-CS,30.0,US-NW-BPAT,30.0,FR,30.0,ES,30.0,CA-ON,24.0
2022-01-07 03:00:00,BR-CS,98.54166666666667,US-NW-BPAT,98.54166666666667,FR,98.54166666666667,ES,98.54166666666667,CA-ON,78.83333333333327
2022-01-07 04:00:00,BR-CS,26.666666666666668,US-NW-BPAT,26.666666666666668,FR,26.666666666666668,ES,26.666666666666668,CA-ON,21.333333333333318
2022-01-07 05:00:00,,,,,,,,,,
2022-01-07 06:00:00,,,,,,,,,,
2022-01-07 07:00:00,,,,,,,,,,
2022-01-07 08:00:00,,,,,,,,,,
2022-01-07 09:00:00,,,,,,,,,,
2022-01-07 10:00:00,BR-CS,74.375,US-NW-BPAT,74.375,FR,74.375,ES,74.375,AU-VIC,59.5
2022-01-07 11:00:00,BR-CS,494.375,US-NW-BPAT,494.375,FR,494.375,AU-VIC,494.375,ES,395.5
2022-01-07 12:00:00,BR-CS,231.66666666666669,US-NW-BPAT,231.66666666666669,FR,231.66666666666669,AU-VIC,231.66666666666669,ES,185.33333333333314
2022-01-07 13:00:00,BR-CS,559.5833333333334,US-NW-BPAT,559.5833333333334,AU-VIC,559.5833333333334,FR,559.5833333333334,ES,447.6666666666663
2022-01-07 14:00:00,BR-CS,621.4583333333334,US-NW-BPAT,621.4583333333334,AU-VIC,621.4583333333334,FR,621.4583333333334,ES,497.1666666666662
2022-01-07 15:00:00,BR-CS,73.95833333333334,US-NW-BPAT,73.95833333333334,AU-VIC,73.95833333333334,FR,73.95833333333334,ES,59.1666666666666
2022-01-07 16:00:00,BR-CS,150.41666666666669,US-NW-BPAT,150.41666666666669,FR,150.41666666666669,AU-VIC,150.41666666666669,ES,120.3333333333332
2022-01-07 17:00:00,,,,,,,,,,
2022-01-07 18:00:00,BR-CS,360.0,US-NW-BPAT,360.0,FR,360.0,AU-VIC,360.0,ES,288.0
2022-01-07 19:00:00,BR-CS,389.375,US-NW-BPAT,389.375,FR,389.375,ES,389.375,AU-VIC,311.5
2022-01-07 20:00:00,BR-CS,623.9583333333334,US-NW-BPAT,623.9583333333334,FR,623.9583333333334,ES,623.9583333333334,CA-ON,499.1666666666662
2022-01-07 21:00:00,BR-CS,173.125,US-NW-BPAT,173.125,FR,173.125,ES,173.125,CA-ON,138.5
2022-01-07 22:00:00,BR-CS,338.75,US-NW-BPAT,338.75,FR,338.75,ES,338.75,CA-ON,271.0
2022-01-07 23:00:00,BR-CS,396.875,US-NW-BPAT,396.875,FR,396.875,ES,396.875,CA-ON,317.5
2022-01-08 00:00:00,BR-CS,518.75,US-NW-BPAT,518.75,FR,518.75,ES,518.75,CA-ON,415.0
2022-01-08 01:00:00,BR-CS,153.125,US-NW-BPAT,153.125,FR,153.125,ES,153.125,CA-ON,122.5
2022-01-08 02:00:00,BR-CS,4.166666666666667,US-NW-BPAT,4.166666666666667,FR,4.166666666666667,ES,4.166666666666667,CA-ON,3.3333333333333304
2022-01-08 03:00:00,,,,,,,,,,
2022-01-08 04:00:00,BR-CS,280.4166666666667,US-NW-BPAT,280.4166666666667,FR,280.4166666666667,ES,280.4166666666667,CA-ON,224.33333333333314
2022-01-08 05:00:00,BR-CS,243.95833333333334,US-NW-BPAT,243.95833333333334,FR,243.95833333333334,ES,243.95833333333334,CA-ON,195.16666666666654
2022-01-08 06:00:00,BR-CS,224.375,US-NW-BPAT,224.375,FR,224.375,ES,224.375,CA-ON,179.5
2022-01-08 07:00:00,BR-CS,335.625,US-NW-BPAT,335.625,FR,335.625,ES,335.625,CA-ON,268.5
2022-01-08 08:00:00,BR-CS,59.583333333333336,US-NW-BPAT,59.583333333333336,FR,59.583333333333336,ES,59.583333333333336,CA-ON,47.666666666666636
2022-01-08 09:00:00,BR-CS,41.458333333333336,US-NW-BPAT,41.458333333333336,FR,41.458333333333336,ES,41.458333333333336,AU-VIC,33.166666666666636
2022-01-08 10:00:00,BR-CS,289.58333333333337,US-NW-BPAT,289.58333333333337,FR,289.58333333333337,ES,289.58333333333337,AU-VIC,231.6666666666664
2022-01-08 11:00:00,BR-CS,649.7916666666667,US-NW-BPAT,649.7916666666667,FR,649.7916666666667,AU-VIC,649.7916666666667,ES,519.8333333333328
2022-01-08 12:00:00,BR-CS,705.2083333333334,US-NW-BPAT,705.2083333333334,FR,705.2083333333334,AU-VIC,705.2083333333334,ES,564.1666666666662
2022-01-08 13:00:00,BR-CS,943.125,US-NW-BPAT,943.125,AU-VIC,943.125,FR,943.125,ES,754.5
2022-01-08 14:00:00,BR-CS,1224.1666666666667,US-NW-BPAT,1224.1666666666667,AU-VIC,1224.1666666666667,FR,1224.1666666666667,ES,979.3333333333323
2022-01-08 15:00:00,BR-CS,657.2916666666667,US-NW-BPAT,657.2916666666667,AU-VIC,657.2916666666667,FR,657.2916666666667,ES,525.8333333333328
2022-01-08 16:00:00,,,,,,,,,,
2022-01-08 17:00:00,BR-CS,250.20833333333334,US-NW-BPAT,250.20833333333334,AU-VIC,250.20833333333334,FR,250.20833333333334,ES,200.16666666666654
2022-01-08 18:00:00,,,,,,,,,,
2022-01-08 19:00:00,,,,,,,,,,
2022-01-08 20:00:00,BR-CS,164.58333333333334,US-NW-BPAT,164.58333333333334,FR,164.58333333333334,ES,164.58333333333334,IT-NO,131.66666666666654
2022-01-08 21:00:00,BR-CS,416.0416666666667,US-NW-BPAT,416.0416666666667,FR,416.0416666666667,ES,416.0416666666667,IT-NO,332.8333333333331
2022-01-08 22:00:00,BR-CS,1582.5,US-NW-BPAT,1582.5,FR,1582.5,ES,1582.5,IT-NO,1266.0
2022-01-08 23:00:00,BR-CS,803.9583333333334,US-NW-BPAT,803.9583333333334,FR,803.9583333333334,ES,803.9583333333334,IT-NO,643.1666666666662
2022-01-09 00:00:00,BR-CS,950.0,US-NW-BPAT,950.0,ES,950.0,FR,950.0,CA-ON,760.0
2022-01-09 01:00:00,BR-CS,63.54166666666667,US-NW-BPAT,63.54166666666667,ES,63.54166666666667,FR,63.54166666666667,CA-ON,50.833333333333286
2022-01-09 02:00:00,,,,,,,,,,
2022-01-09 03:00:00,BR-CS,298.33333333333337,US-NW-BPAT,298.33333333333337,ES,298.33333333333337,FR,298.33333333333337,CA-ON,238.6666666666664
2022-01-09 04:00:00,BR-CS,240.20833333333334,US-NW-BPAT,240.20833333333334,ES,240.20833333333334,FR,240.20833333333334,CA-ON,192.16666666666654
2022-01-09 05:00:00,BR-CS,330.0,US-NW-BPAT,330.0,ES,330.0,FR,330.0,CA-ON,264.0
2022-01-09 06:00:00,BR-CS,218.54166666666669,US-NW-BPAT,218.54166666666669,ES,218.54166666666669,FR,218.54166666666669,CA-ON,174.83333333333314
2022-01-09 07:00:00,BR-CS,108.125,US-NW-BPAT,108.125,ES,108.125,FR,108.125,CA-ON,86.5
2022-01-09 08:00:00,BR-CS,123.125,US-NW-BPAT,123.125,ES,123.125,FR,123.125,CA-ON,98.5
2022-01-09 09:00:00,BR-CS,260.4166666666667,US-NW-BPAT,260.4166666666667,AU-VIC,260.4166666666667,ES,260.4166666666667,FR,208.33333333333314
2022-01-09 10:00:00,BR-CS,623.3333333333334,US-NW-BPAT,623.3333333333334,AU-VIC,623.3333333333334,ES,623.3333333333334,FR,498.6666666666662
2022-01-09 11:00:00,BR-CS,1235.8333333333335,US-NW-BPAT,1235.8333333333335,AU-VIC,1235.8333333333335,ES,1235.8333333333335,FR,988.6666666666656
2022-01-09 12:00:00,BR-CS,587.0833333333334,US-NW-BPAT,587.0833333333334,AU-VIC,587.0833333333334,ES,587.0833333333334,FR,469.6666666666662
2022-01-09 13:00:00,BR-CS,316.6666666666667,US-NW-BPAT,316.6666666666667,AU-VIC,316.6666666666667,ES,316.6666666666667,FR,253.3333333333331
2022-01-09 14:00:00,BR-CS,636.0416666666667,US-NW-BPAT,636.0416666666667,AU-VIC,636.0416666666667,ES,636.0416666666667,FR,508.8333333333328
2022-01-09 15:00:00,BR-CS,5602.916666666667,US-NW-BPAT,5602.916666666667,AU-VIC,5602.916666666667,ES,5602.916666666667,FR,4482.333333333329
2022-01-09 16:00:00,BR-CS,2434.375,US-NW-BPAT,2434.375,AU-VIC,2434.375,ES,2434.375,FR,1947.5
2022-01-09 17:00:00,BR-CS,1326.875,AU-VIC,1326.875,US-NW-BPAT,1326.875,ES,1326.875,FR,1061.5
2022-01-09 18:00:00,BR-CS,5429.791666666667,AU-VIC,5429.791666666667,US-NW-BPAT,5429.791666666667,FR,5429.791666666667,ES,4343.833333333329
2022-01-09 19:00:00,BR-CS,8846.041666666668,US-NW-BPAT,8846.041666666668,AU-VIC,8846.041666666668,FR,8846.041666666668,ES,7076.833333333325
2022-01-09 20:00:00,BR-CS,3339.791666666667,US-NW-BPAT,3339.791666666667,FR,3339.791666666667,ES,3339.791666666667,CA-ON,2671.8333333333303
2022-01-09 21:00:00,BR-CS,1329.375,US-NW-BPAT,1329.375,FR,1329.375,ES,1329.375,CA-ON,1063.5
2022-01-09 22:00:00,BR-CS,1336.4583333333335,US-NW-BPAT,1336.4583333333335,ES,1336.4583333333335,FR,1336.4583333333335,CA-ON,1069.1666666666656
2022-01-09 23:00:00,BR-CS,1771.6666666666667,US-NW-BPAT,1771.6666666666667,ES,1771.6666666666667,FR,1771.6666666666667,CA-ON,1417.3333333333323
2022-01-10 00:00:00,BR-CS,4360.208333333334,US-NW-BPAT,4360.208333333334,ES,4360.208333333334,FR,4360.208333333334,CA-ON,3488.1666666666624
2022-01-10 01:00:00,BR-CS,1460.0,US-NW-BPAT,1460.0,ES,1460.0,FR,1460.0,CA-ON,1168.0
2022-01-10 02:00:00,BR-CS,1582.5,US-NW-BPAT,1582.5,ES,1582.5,FR,1582.5,CA-ON,1266.0
2022-01-10 03:00:00,BR-CS,1172.7083333333335,US-NW-BPAT,1172.7083333333335,ES,1172.7083333333335,FR,1172.7083333333335,CA-ON,938.1666666666656
2022-01-10 04:00:00,BR-CS,407.9166666666667,US-NW-BPAT,407.9166666666667,ES,407.9166666666667,FR,407.9166666666667,CA-ON,326.3333333333331
2022-01-10 05:00:00,BR-CS,236.875,US-NW-BPAT,236.875,FR,236.875,ES,236.875,CA-ON,189.5
2022-01-10 06:00:00,BR-CS,128.54166666666669,US-NW-BPAT,128.54166666666669,FR,128.54166666666669,ES,128.54166666666669,CA-ON,102.83333333333326
2022-01-10 07:00:00,BR-CS,238.33333333333334,US-NW-BPAT,238.33333333333334,FR,238.33333333333334,ES,238.33333333333334,IT-NO,190.66666666666654
2022-01-10 08:00:00,BR-CS,283.33333333333337,US-NW-BPAT,283.33333333333337,FR,283.33333333333337,ES,283.33333333333337,IT-NO,226.6666666666664
2022-01-10 09:00:00,BR-CS,86.25,US-NW-BPAT,86.25,FR,86.25,ES,86.25,AU-VIC,69.0
2022-01-10 10:00:00,,,,,,,,,,
2022-01-10 11:00:00,BR-CS,110.0,US-NW-BPAT,110.0,FR,110.0,ES,110.0,AU-VIC,88.0
2022-01-10 12:00:00,BR-CS,279.375,US-NW-BPAT,279.375,FR,279.375,ES,279.375,AU-VIC,223.5
2022-01-10 13:00:00,BR-CS,924.5833333333334,US-NW-BPAT,924.5833333333334,FR,924.5833333333334,ES,924.5833333333334,AU-VIC,739.6666666666662
2022-01-10 14:00:00,BR-CS,883.9583333333334,US-NW-BPAT,883.9583333333334,FR,883.9583333333334,AU-VIC,883.9583333333334,ES,707.1666666666662
2022-01-10 15:00:00,BR-CS,396.6666666666667,US-NW-BPAT,396.6666666666667,FR,396.6666666666667,AU-VIC,396.6666666666667,ES,317.3333333333331
2022-01-10 16:00:00,BR-CS,158.33333333333334,US-NW-BPAT,158.33333333333334,FR,158.33333333333334,AU-VIC,158.33333333333334,ES,126.66666666666654
2022-01-10 17:00:00,BR-CS,622.5,US-NW-BPAT,622.5,FR,622.5,AU-VIC,622.5,ES,498.0
2022-01-10 18:00:00,BR-CS,212.5,US-NW-BPAT,212.5,FR,212.5,AU-VIC,212.5,ES,170.0
2022-01-10 19:00:00,BR-CS,229.58333333333334,US-NW-BPAT,229.58333333333334,FR,229.58333333333334,ES,229.58333333333334,AU-VIC,183.66666666666654
2022-01-10 20:00:00,BR-CS,1338.9583333333335,US-NW-BPAT,1338.9583333333335,FR,1338.9583333333335,ES,1338.9583333333335,CA-ON,1071.1666666666656
2022-01-10 21:00:00,BR-CS,1794.7916666666667,US-NW-BPAT,1794.7916666666667,FR,1794.7916666666667,ES,1794.7916666666667,CA-ON,1435.8333333333323
2022-01-10 22:00:00,BR-CS,1163.75,US-NW-BPAT,1163.75,FR,1163.75,ES,1163.75,CA-ON,931.0
2022-01-10 23:00:00,BR-CS,3755.625,US-NW-BPAT,3755.625,FR,3755.625,ES,3755.625,CA-ON,3004.5
2022-01-11 00:00:00,BR-CS,3521.041666666667,US-NW-BPAT,3521.041666666667,FR,3521.041666666667,ES,3521.041666666667,CA-ON,2816.8333333333303
2022-01-11 01:00:00,BR-CS,1676.875,US-NW-BPAT,1676.875,FR,1676.875,ES,1676.875,CA-ON,1341.5
2022-01-11 02:00:00,BR-CS,646.875,US-NW-BPAT,646.875,FR,646.875,ES,646.875,CA-ON,517.5
2022-01-11 03:00:00,BR-CS,1103.75,US-NW-BPAT,1103.75,FR,1103.75,ES,1103.75,CA-ON,883.0
2022-01-11 04:00:00,BR-CS,820.4166666666667,US-NW-BPAT,820.4166666666667,FR,820.4166666666667,ES,820.4166666666667,CA-ON,656.3333333333326
2022-01-11 05:00:00,BR-CS,828.9583333333334,US-NW-BPAT,828.9583333333334,FR,828.9583333333334,ES,828.9583333333334,CA-ON,663.1666666666662
2022-01-11 06:00:00,BR-CS,23.541666666666668,US-NW-BPAT,23.541666666666668,FR,23.541666666666668,ES,23.541666666666668,CA-ON,18.833333333333318
2022-01-11 07:00:00,,,,,,,,,,
2022-01-11 08:00:00,BR-CS,105.83333333333334,US-NW-BPAT,105.83333333333334,FR,105.83333333333334,ES,105.83333333333334,IT-NO,84.66666666666657
2022-01-11 09:00:00,BR-CS,36.458333333333336,US-NW-BPAT,36.458333333333336,FR,36.458333333333336,ES,36.458333333333336,CA-ON,29.166666666666636
2022-01-11 10:00:00,BR-CS,281.6666666666667,US-NW-BPAT,281.6666666666667,FR,281.6666666666667,ES,281.6666666666667,IT-NO,225.33333333333314
2022-01-11 11:00:00,BR-CS,267.08333333333337,US-NW-BPAT,267.08333333333337,FR,267.08333333333337,ES,267.08333333333337,AU-VIC,213.66666666666652
2022-01-11 12:00:00,,,,,,,,,,
2022-01-11 13:00:00,BR-CS,593.75,US-NW-BPAT,593.75,FR,593.75,ES,593.75,AU-VIC,475.0
2022-01-11 14:00:00,BR-CS,722.2916666666667,US-NW-BPAT,722.2916666666667,FR,722.2916666666667,ES,722.2916666666667,AU-VIC,577.8333333333328
2022-01-11 15:00:00,BR-CS,198.54166666666669,US-NW-BPAT,198.54166666666669,FR,198.54166666666669,ES,198.54166666666669,AU-VIC,158.83333333333314
2022-01-11 16:00:00,,,,,,,,,,
2022-01-11 17:00:00,,,,,,,,,,
2022-01-11 18:00:00,BR-CS,369.1666666666667,US-NW-BPAT,369.1666666666667,FR,369.1666666666667,ES,369.1666666666667,AU-VIC,295.3333333333331
2022-01-11 19:00:00,BR-CS,531.25,US-NW-BPAT,531.25,FR,531.25,ES,531.25,IT-NO,425.0
2022-01-11 20:00:00,BR-CS,57.91666666666667,US-NW-BPAT,57.91666666666667,FR,57.91666666666667,ES,57.91666666666667,IT-NO,46.333333333333286
2022-01-11 21:00:00,BR-CS,315.4166666666667,US-NW-BPAT,315.4166666666667,FR,315.4166666666667,ES,315.4166666666667,CA-ON,252.3333333333331
2022-01-11 22:00:00,BR-CS,721.875,US-NW-BPAT,721.875,FR,721.875,ES,721.875,CA-ON,577.5
2022-01-11 23:00:00,BR-CS,633.9583333333334,US-NW-BPAT,633.9583333333334,FR,633.9583333333334,ES,633.9583333333334,CA-ON,507.1666666666662
2022-01-12 00:00:00,BR-CS,103.75,US-NW-BPAT,103.75,FR,103.75,ES,103.75,CA-ON,83.0
2022-01-12 01:00:00,,,,,,,,,,
2022-01-12 02:00:00,BR-CS,137.70833333333334,US-NW-BPAT,137.70833333333334,FR,137.70833333333334,ES,137.70833333333334,CA-ON,110.16666666666657
2022-01-12 03:00:00,BR-CS,161.875,US-NW-BPAT,161.875,FR,161.875,ES,161.875,CA-ON,129.5
2022-01-12 04:00:00,BR-CS,49.16666666666667,US-NW-BPAT,49.16666666666667,FR,49.16666666666667,ES,49.16666666666667,CA-ON,39.333333333333286
2022-01-12 05:00:00,,,,,,,,,,
2022-01-12 06:00:00,BR-CS,547.7083333333334,US-NW-BPAT,547.7083333333334,FR,547.7083333333334,ES,547.7083333333334,CA-ON,438.1666666666663
2022-01-12 07:00:00,BR-CS,533.9583333333334,US-NW-BPAT,533.9583333333334,FR,533.9583333333334,ES,533.9583333333334,IT-NO,427.1666666666663
2022-01-12 08:00:00,,,,,,,,,,
2022-01-12 09:00:00,,,,,,,,,,
2022-01-12 10:00:00,,,,,,,,,,
2022-01-12 11:00:00,BR-CS,47.083333333333336,US-NW-BPAT,47.083333333333336,FR,47.083333333333336,ES,47.083333333333336,CA-ON,37.666666666666636
2022-01-12 12:00:00,BR-CS,207.08333333333334,US-NW-BPAT,207.08333333333334,FR,207.08333333333334,ES,207.08333333333334,CA-ON,165.66666666666654
2022-01-12 13:00:00,BR-CS,363.95833333333337,US-NW-BPAT,363.95833333333337,FR,363.95833333333337,ES,363.95833333333337,IT-NO,291.1666666666664
2022-01-12 14:00:00,BR-CS,722.7083333333334,US-NW-BPAT,722.7083333333334,FR,722.7083333333334,ES,722.7083333333334,IT-NO,578.1666666666662
2022-01-12 15:00:00,BR-CS,1565.0,US-NW-BPAT,1565.0,FR,1565.0,ES,1565.0,IT-NO,1252.0
2022-01-12 16:00:00,BR-CS,1287.7083333333335,US-NW-BPAT,1287.7083333333335,FR,1287.7083333333335,ES,1287.7083333333335,IT-NO,1030.1666666666656
2022-01-12 17:00:00,BR-CS,1716.4583333333335,US-NW-BPAT,1716.4583333333335,FR,1716.4583333333335,ES,1716.4583333333335,IT-NO,1373.1666666666652
2022-01-12 18:00:00,BR-CS,953.5416666666667,US-NW-BPAT,953.5416666666667,FR,953.5416666666667,ES,953.5416666666667,IT-NO,762.8333333333326
2022-01-12 19:00:00,BR-CS,200.20833333333334,US-NW-BPAT,200.20833333333334,FR,200.20833333333334,ES,200.20833333333334,IT-NO,160.16666666666654
2022-01-12 20:00:00,BR-CS,472.9166666666667,US-NW-BPAT,472.9166666666667,FR,472.9166666666667,ES,472.9166666666667,IT-NO,378.3333333333331
2022-01-12 21:00:00,BR-CS,22.291666666666668,US-NW-BPAT,22.291666666666668,FR,22.291666666666668,ES,22.291666666666668,IT-NO,17.833333333333318
2022-01-12 22:00:00,,,,,,,,,,
2022-01-12 23:00:00,,,,,,,,,,
2022-01-13 00:00:00,,,,,,,,,,
2022-01-13 01:00:00,,,,,,,,,,
2022-01-13 02:00:00,BR-CS,39.375,US-NW-BPAT,39.375,FR,39.375,ES,39.375,CA-ON,31.5
2022-01-13 03:00:00,BR-CS,28.541666666666668,US-NW-BPAT,28.541666666666668,FR,28.541666666666668,ES,28.541666666666668,CA-ON,22.833333333333318
2022-01-13 04:00:00,BR-CS,222.29166666666669,US-NW-BPAT,222.29166666666669,FR,222.29166666666669,ES,222.29166666666669,CA-ON,177.83333333333314
2022-01-13 05:00:00,BR-CS,305.0,US-NW-BPAT,305.0,FR,305.0,ES,305.0,IT-NO,244.0
2022-01-13 06:00:00,BR-CS,373.75,US-NW-BPAT,373.75,FR,373.75,ES,373.75,IT-NO,299.0
2022-01-13 07:00:00,BR-CS,505.625,US-NW-BPAT,505.625,FR,505.625,ES,505.625,IT-NO,404.5
2022-01-13 08:00:00,BR-CS,591.4583333333334,US-NW-BPAT,591.4583333333334,FR,591.4583333333334,IT-NO,591.4583333333334,ES,473.1666666666662
2022-01-13 09:00:00,BR-CS,1101.4583333333335,US-NW-BPAT,1101.4583333333335,FR,1101.4583333333335,IT-NO,1101.4583333333335,ES,881.1666666666656
2022-01-13 10:00:00,BR-CS,805.0,US-NW-BPAT,805.0,FR,805.0,ES,805.0,IT-NO,644.0
2022-01-13 11:00:00,BR-CS,562.7083333333334,US-NW-BPAT,562.7083333333334,FR,562.7083333333334,ES,562.7083333333334,IT-NO,450.1666666666663
2022-01-13 12:00:00,BR-CS,958.125,US-NW-BPAT,958.125,FR,958.125,ES,958.125,IT-NO,766.5
2022-01-13 13:00:00,BR-CS,294.375,US-NW-BPAT,294.375,FR,294.375,ES,294.375,IT-NO,235.5
2022-01-13 14:00:00,BR-CS,1088.3333333333335,US-NW-BPAT,1088.3333333333335,FR,1088.3333333333335,ES,1088.3333333333335,AU-VIC,870.6666666666656
2022-01-13 15:00:00,BR-CS,925.625,US-NW-BPAT,925.625,FR,925.625,IT-NO,925.625,AU-VIC,740.5
2022-01-13 16:00:00,BR-CS,688.75,US-NW-BPAT,688.75,FR,688.75,AU-VIC,688.75,IT-NO,551.0
2022-01-13 17:00:00,,,,,,,,,,
2022-01-13 18:00:00,,,,,,,,,,
2022-01-13 19:00:00,,,,,,,,,,
2022-01-13 20:00:00,BR-CS,433.95833333333337,US-NW-BPAT,433.95833333333337,FR,433.95833333333337,ES,433.95833333333337,IT-NO,347.1666666666663
2022-01-13 21:00:00,BR-CS,676.4583333333334,US-NW-BPAT,676.4583333333334,FR,676.4583333333334,ES,676.4583333333334,IT-NO,541.1666666666662
2022-01-13 22:00:00,,,,,,,,,,
2022-01-13 23:00:00,BR-CS,10.0,US-NW-BPAT,10.0,FR,10.0,ES,10.0,IT-NO,8.0
2022-01-14 00:00:00,BR-CS,23.541666666666668,US-NW-BPAT,23.541666666666668,FR,23.541666666666668,ES,23.541666666666668,IT-NO,18.833333333333318
2022-01-14 01:00:00,BR-CS,470.20833333333337,US-NW-BPAT,470.20833333333337,FR,470.20833333333337,ES,470.20833333333337,IT-NO,376.1666666666663
2022-01-14 02:00:00,BR-CS,332.5,US-NW-BPAT,332.5,FR,332.5,ES,332.5,IT-NO,266.0
2022-01-14 03:00:00,BR-CS,25.416666666666668,US-NW-BPAT,25.416666666666668,FR,25.416666666666668,ES,25.416666666666668,IT-NO,20.333333333333318
2022-01-14 04:00:00,BR-CS,88.95833333333334,US-NW-BPAT,88.95833333333334,FR,88.95833333333334,ES,88.95833333333334,IT-NO,71.1666666666666
2022-01-14 05:00:00,BR-CS,113.75,US-NW-BPAT,113.75,FR,113.75,ES,113.75,IT-NO,91.0
2022-01-14 06:00:00,BR-CS,10.625,US-NW-BPAT,10.625,FR,10.625,ES,10.625,IT-NO,8.5
2022-01-14 07:00:00,,,,,,,,,,
2022-01-14 08:00:00,BR-CS,116.25,US-NW-BPAT,116.25,FR,116.25,IT-NO,116.25,ES,93.0
2022-01-14 09:00:00,BR-CS,372.5,US-NW-BPAT,372.5,AU-VIC,372.5,FR,372.5,ES,298.0
2022-01-14 10:00:00,,,,,,,,,,
2022-01-14 11:00:00,BR-CS,136.04166666666669,AU-VIC,136.04166666666669,US-NW-BPAT,136.04166666666669,FR,136.04166666666669,ES,108.8333333333332
2022-01-14 12:00:00,BR-CS,656.0416666666667,AU-VIC,656.0416666666667,US-NW-BPAT,656.0416666666667,FR,656.0416666666667,ES,524.8333333333328
2022-01-14 13:00:00,BR-CS,662.7083333333334,AU-VIC,662.7083333333334,US-NW-BPAT,662.7083333333334,FR,662.7083333333334,IT-NO,530.1666666666662
2022-01-14 14:00:00,BR-CS,231.45833333333334,AU-VIC,231.45833333333334,US-NW-BPAT,231.45833333333334,FR,231.45833333333334,IT-NO,185.16666666666654
2022-01-14 15:00:00,,,,,,,,,,
2022-01-14 16:00:00,,,,,,,,,,
2022-01-14 17:00:00,BR-CS,120.41666666666667,AU-VIC,120.41666666666667,US-NW-BPAT,120.41666666666667,FR,120.41666666666667,IT-NO,96.33333333333327
2022-01-14 18:00:00,,,,,,,,,,
2022-01-14 19:00:00,BR-CS,454.7916666666667,US-NW-BPAT,454.7916666666667,AU-VIC,454.7916666666667,FR,454.7916666666667,IT-NO,363.8333333333331
2022-01-14 20:00:00,,,,,,,,,,
2022-01-14 21:00:00,BR-CS,56.875,US-NW-BPAT,56.875,FR,56.875,ES,56.875,CA-ON,45.5
2022-01-14 22:00:00,BR-CS,462.9166666666667,US-NW-BPAT,462.9166666666667,FR,462.9166666666667,ES,462.9166666666667,CA-ON,370.3333333333331
2022-01-14 23:00:00,BR-CS,417.70833333333337,US-NW-BPAT,417.70833333333337,FR,417.70833333333337,ES,417.70833333333337,CA-ON,334.1666666666663
