2022-01-01 00:00:00,2368,2082055.1090370375
2022-01-01 01:00:00,2766,2365782.628857906
2022-01-01 02:00:00,3061,2527128.9016414713
2022-01-01 03:00:00,3209,2394217.435063212
2022-01-01 04:00:00,3312,2864242.296102565
2022-01-01 05:00:00,3489,3043353.9243725957
2022-01-01 06:00:00,3565,3018598.973772258
2022-01-01 07:00:00,3653,3085972.9678912032
2022-01-01 08:00:00,3795,3190687.6240144228
2022-01-01 09:00:00,3964,2995819.178916666
2022-01-01 10:00:00,4250,3709343.845664174
2022-01-01 11:00:00,4489,3920498.40319026
2022-01-01 12:00:00,4720,3793530.1266452996
2022-01-01 13:00:00,4784,3597491.759685186
2022-01-01 14:00:00,4701,3394858.0145427343
2022-01-01 15:00:00,4395,3794983.9118389417
2022-01-01 16:00:00,3957,2892476.994807958
2022-01-01 17:00:00,3370,2441076.190081018
2022-01-01 18:00:00,2746,1991687.180882479
2022-01-01 19:00:00,2329,1992897.8678967238
2022-01-01 20:00:00,2033,1047090.1359653667
2022-01-01 21:00:00,1883,1202108.58240901
2022-01-01 22:00:00,1879,1164162.956865741
2022-01-01 23:00:00,2119,1287323.7627962956
2022-01-02 00:00:00,2368,1659679.933811966
2022-01-02 01:00:00,2766,1983672.0246538464
2022-01-02 02:00:00,3061,2188256.5261591882
2022-01-02 03:00:00,3209,2298588.0882571223
2022-01-02 04:00:00,3312,2385220.6040384616
2022-01-02 05:00:00,3489,2519130.7896973817
2022-01-02 06:00:00,3565,3024791.3686155626
2022-01-02 07:00:00,3653,3086964.4132962953
2022-01-02 08:00:00,3795,3177091.8216266027
2022-01-02 09:00:00,3964,3425299.540987891
2022-01-02 10:00:00,4250,3533554.3058671653
2022-01-02 11:00:00,4489,3311206.240153668
2022-01-02 12:00:00,4720,3564737.2044088314
2022-01-02 13:00:00,4784,3435710.4505370376
2022-01-02 14:00:00,4701,3443851.7561837602
2022-01-02 15:00:00,4395,3649935.964744925
2022-01-02 16:00:00,3957,2936186.872537392
2022-01-02 17:00:00,3370,2715558.9225338316
2022-01-02 18:00:00,2746,2106982.049495905
2022-01-02 19:00:00,2329,1939295.438564815
2022-01-02 20:00:00,2033,1634281.6428918268
2022-01-02 21:00:00,1883,1262208.900958155
2022-01-02 22:00:00,1879,1210519.3668793628
2022-01-02 23:00:00,2119,961006.9726736107
2022-01-03 00:00:00,2368,1053624.25785755
2022-01-03 01:00:00,2766,1236341.7565101495
2022-01-03 02:00:00,3061,1369446.4911620377
2022-01-03 03:00:00,3209,1427211.3899010862
2022-01-03 04:00:00,3312,1543314.586423077
2022-01-03 05:00:00,3489,2507010.023577724
2022-01-03 06:00:00,3565,2546719.135478544
2022-01-03 07:00:00,3653,2592233.156155092
2022-01-03 08:00:00,3795,3187494.6704233442
2022-01-03 09:00:00,3964,3392055.695326567
2022-01-03 10:00:00,4250,3378065.920272436
2022-01-03 11:00:00,4489,3774175.6901714737
2022-01-03 12:00:00,4720,3981458.0196581194
2022-01-03 13:00:00,4784,4022459.8374074083
2022-01-03 14:00:00,4701,3961730.9158736635
2022-01-03 15:00:00,4395,3706953.1676322115
2022-01-03 16:00:00,3957,3320124.9877283648
2022-01-03 17:00:00,3370,2953364.688737535
2022-01-03 18:00:00,2746,2402038.536141382
2022-01-03 19:00:00,2329,1955793.3560832443
2022-01-03 20:00:00,2033,1777355.0856150284
2022-01-03 21:00:00,1883,1442509.856605591
2022-01-03 22:00:00,1879,1467443.01225739
2022-01-03 23:00:00,2119,1837472.9369791662
2022-01-04 00:00:00,2368,1990086.3208831912
2022-01-04 01:00:00,2766,2352344.947491987
2022-01-04 02:00:00,3061,2599489.24462874
2022-01-04 03:00:00,3209,1788564.9052913107
2022-01-04 04:00:00,3312,1619271.3005897435
2022-01-04 05:00:00,3489,2048788.248163461
2022-01-04 06:00:00,3565,2109090.981161859
2022-01-04 07:00:00,3653,2250184.491398148
2022-01-04 08:00:00,3795,2740069.1736605237
2022-01-04 09:00:00,3964,2883177.410607906
2022-01-04 10:00:00,4250,3095695.320913462
2022-01-04 11:00:00,4489,3281722.3962314813
2022-01-04 12:00:00,4720,3431381.419387465
2022-01-04 13:00:00,4784,3474402.930574075
2022-01-04 14:00:00,4701,3453803.6099545932
2022-01-04 15:00:00,4395,3244851.4019724885
2022-01-04 16:00:00,3957,2909338.0532932687
2022-01-04 17:00:00,3370,2542692.4232549854
2022-01-04 18:00:00,2746,2069270.8642868593
2022-01-04 19:00:00,2329,1756933.400094819
2022-01-04 20:00:00,2033,1293289.0181215277
2022-01-04 21:00:00,1883,1393755.0063539883
2022-01-04 22:00:00,1879,1318021.360618323
2022-01-04 23:00:00,2119,1856739.0851446753
2022-01-05 00:00:00,2368,2004868.166638177
2022-01-05 01:00:00,2766,2359101.323597756
2022-01-05 02:00:00,3061,2585781.4873464215
2022-01-05 03:00:00,3209,2709933.630119747
2022-01-05 04:00:00,3312,2379557.5590769234
2022-01-05 05:00:00,3489,2148027.020768162
2022-01-05 06:00:00,3565,2634960.7619956383
2022-01-05 07:00:00,3653,2744915.748539351
2022-01-05 08:00:00,3795,2816288.065834669
2022-01-05 09:00:00,3964,2952677.489239672
2022-01-05 10:00:00,4250,3269177.9113693023
2022-01-05 11:00:00,4489,3396246.4180779913
2022-01-05 12:00:00,4720,3599068.9530982906
2022-01-05 13:00:00,4784,3638781.050462964
2022-01-05 14:00:00,4701,3594150.265697114
2022-01-05 15:00:00,4395,3881463.9789797007
2022-01-05 16:00:00,3957,3476922.0921140485
2022-01-05 17:00:00,3370,2969645.2373468657
2022-01-05 18:00:00,2746,2085219.8635649933
2022-01-05 19:00:00,2329,1982278.518689459
2022-01-05 20:00:00,2033,1571049.029948985
2022-01-05 21:00:00,1883,1457074.9848254093
2022-01-05 22:00:00,1879,1238720.7912330844
2022-01-05 23:00:00,2119,1810730.3731076384
2022-01-06 00:00:00,2368,1719642.8124615387
2022-01-06 01:00:00,2766,2021732.943383013
2022-01-06 02:00:00,3061,2445131.5898981486
2022-01-06 03:00:00,3209,2542277.4437793805
2022-01-06 04:00:00,3312,2278611.535397436
2022-01-06 05:00:00,3489,2408339.411884882
2022-01-06 06:00:00,3565,2278220.7653196226
2022-01-06 07:00:00,3653,2417441.331237268
2022-01-06 08:00:00,3795,3280193.3230675748
2022-01-06 09:00:00,3964,3427020.9051645296
2022-01-06 10:00:00,4250,3215541.339187144
2022-01-06 11:00:00,4489,3393566.0686305203
2022-01-06 12:00:00,4720,3582287.3893732196
2022-01-06 13:00:00,4784,3612812.943055556
2022-01-06 14:00:00,4701,3457503.658151441
2022-01-06 15:00:00,4395,3210259.375116185
2022-01-06 16:00:00,3957,2627425.451229967
2022-01-06 17:00:00,3370,2473179.9685185184
2022-01-06 18:00:00,2746,1837786.7906518877
2022-01-06 19:00:00,2329,2032657.2170120191
2022-01-06 20:00:00,2033,1813440.7128965454
2022-01-06 21:00:00,1883,1663797.5941207262
2022-01-06 22:00:00,1879,1427512.2432357552
2022-01-06 23:00:00,2119,1595984.709674768
2022-01-07 00:00:00,2368,2002940.09980057
2022-01-07 01:00:00,2766,2353095.655948184
2022-01-07 02:00:00,3061,2602064.6414514785
2022-01-07 03:00:00,3209,2729442.713621172
2022-01-07 04:00:00,3312,2801858.911923077
2022-01-07 05:00:00,3489,2932657.2400454055
2022-01-07 06:00:00,3565,3029919.4455951746
2022-01-07 07:00:00,3653,3131777.745606481
2022-01-07 08:00:00,3795,3272056.44133547
2022-01-07 09:00:00,3964,3157627.4115206543
2022-01-07 10:00:00,4250,3691234.293336004
2022-01-07 11:00:00,4489,3910873.511992521
2022-01-07 12:00:00,4720,4133260.714423077
2022-01-07 13:00:00,4784,4165933.6308333343
2022-01-07 14:00:00,4701,4124915.8001415585
2022-01-07 15:00:00,4395,3929177.119471153
2022-01-07 16:00:00,3957,3541359.2582999463
2022-01-07 17:00:00,3370,3111779.9145316947
2022-01-07 18:00:00,2746,2533431.460100962
2022-01-07 19:00:00,2329,2046310.6659927887
2022-01-07 20:00:00,2033,1605368.9996265136
2022-01-07 21:00:00,1883,1501025.8980501243
2022-01-07 22:00:00,1879,1492074.6360600074
2022-01-07 23:00:00,2119,1857889.3029456013
2022-01-08 00:00:00,2368,1854286.146621083
2022-01-08 01:00:00,2766,2143572.925823718
2022-01-08 02:00:00,3061,1718288.1446678245
2022-01-08 03:00:00,3209,2115254.959817397
2022-01-08 04:00:00,3312,2159687.5912051285
2022-01-08 05:00:00,3489,2320274.470546741
2022-01-08 06:00:00,3565,2683822.6275560902
2022-01-08 07:00:00,3653,3145757.125818287
2022-01-08 08:00:00,3795,3212832.302146101
2022-01-08 09:00:00,3964,3090279.0381096858
2022-01-08 10:00:00,4250,3295361.78639156
2022-01-08 11:00:00,4489,3565717.603597667
2022-01-08 12:00:00,4720,3999776.825861823
2022-01-08 13:00:00,4784,3193947.370574075
2022-01-08 14:00:00,4701,3207176.259454326
2022-01-08 15:00:00,4395,2480486.8912994117
2022-01-08 16:00:00,3957,3292846.587376335
2022-01-08 17:00:00,3370,2706046.691885683
2022-01-08 18:00:00,2746,2206327.918831197
2022-01-08 19:00:00,2329,1862621.208871884
2022-01-08 20:00:00,2033,1620156.3820599178
2022-01-08 21:00:00,1883,1655058.5171888354
2022-01-08 22:00:00,1879,1428277.2004967062
2022-01-08 23:00:00,2119,1845927.0378159715
2022-01-09 00:00:00,2368,2098700.752735043
2022-01-09 01:00:00,2766,2068802.3635865385
2022-01-09 02:00:00,3061,1860848.8204039354
2022-01-09 03:00:00,3209,2256173.250466079
2022-01-09 04:00:00,3312,2123102.5229615388
2022-01-09 05:00:00,3489,2012236.562833867
2022-01-09 06:00:00,3565,2732781.2492859685
2022-01-09 07:00:00,3653,2591539.1443715272
2022-01-09 08:00:00,3795,2698045.7844618056
2022-01-09 09:00:00,3964,3115023.6481488603
2022-01-09 10:00:00,4250,2331518.351651531
2022-01-09 11:00:00,4489,2628813.6376405805
2022-01-09 12:00:00,4720,3368482.5813034186
2022-01-09 13:00:00,4784,2945302.742148149
2022-01-09 14:00:00,4701,4097611.996206195
2022-01-09 15:00:00,4395,2867440.4606850957
2022-01-09 16:00:00,3957,2829006.38611485
2022-01-09 17:00:00,3370,2229246.130647257
2022-01-09 18:00:00,2746,1811031.2264423082
2022-01-09 19:00:00,2329,1837463.4649165776
2022-01-09 20:00:00,2033,1548150.6578972577
2022-01-09 21:00:00,1883,1223113.0304733794
2022-01-09 22:00:00,1879,1229439.309800214
2022-01-09 23:00:00,2119,1383194.416503472
2022-01-10 00:00:00,2368,1845802.652535613
2022-01-10 01:00:00,2766,2070604.0638814105
2022-01-10 02:00:00,3061,2599156.93536129
2022-01-10 03:00:00,3209,2717162.4423100073
2022-01-10 04:00:00,3312,2673047.1114487187
2022-01-10 05:00:00,3489,2846012.700986912
2022-01-10 06:00:00,3565,3062526.274691952
2022-01-10 07:00:00,3653,3172129.5735937497
2022-01-10 08:00:00,3795,3097164.983346688
2022-01-10 09:00:00,3964,3449721.395243945
2022-01-10 10:00:00,4250,3721224.6347711897
2022-01-10 11:00:00,4489,3421709.7378289704
2022-01-10 12:00:00,4720,4157600.3870014246
2022-01-10 13:00:00,4784,4182163.6979629644
2022-01-10 14:00:00,4701,4126829.618174411
2022-01-10 15:00:00,4395,3520156.222608172
2022-01-10 16:00:00,3957,3399275.3068600423
2022-01-10 17:00:00,3370,2896291.3048486463
2022-01-10 18:00:00,2746,2543939.9128963677
2022-01-10 19:00:00,2329,1887083.6382957622
2022-01-10 20:00:00,2033,1643496.1685126424
2022-01-10 21:00:00,1883,1528367.4545329413
2022-01-10 22:00:00,1879,1612325.9174814816
2022-01-10 23:00:00,2119,1861627.5107986107
2022-01-11 00:00:00,2368,1646054.9281595442
2022-01-11 01:00:00,2766,1999436.9022339745
2022-01-11 02:00:00,3061,2301823.2183102746
2022-01-11 03:00:00,3209,2401184.9648851496
2022-01-11 04:00:00,3312,2810398.424166667
2022-01-11 05:00:00,3489,2692135.7873584395
2022-01-11 06:00:00,3565,2394811.9494787217
2022-01-11 07:00:00,3653,2464832.421600694
2022-01-11 08:00:00,3795,2940092.2663661856
2022-01-11 09:00:00,3964,3442513.1827542726
2022-01-11 10:00:00,4250,3318431.2798032407
2022-01-11 11:00:00,4489,3495297.5135686435
2022-01-11 12:00:00,4720,3657484.1672863252
2022-01-11 13:00:00,4784,4163336.820092594
2022-01-11 14:00:00,4701,4135122.829650106
2022-01-11 15:00:00,4395,3497492.4808747326
2022-01-11 16:00:00,3957,2743841.9314724887
2022-01-11 17:00:00,3370,3001017.3057345087
2022-01-11 18:00:00,2746,2304481.3396223295
2022-01-11 19:00:00,2329,1932215.8724266384
2022-01-11 20:00:00,2033,1685651.2438078707
2022-01-11 21:00:00,1883,1334881.2249180912
2022-01-11 22:00:00,1879,1288443.0131948898
2022-01-11 23:00:00,2119,1686966.9377280085
2022-01-12 00:00:00,2368,1899724.2550940171
2022-01-12 01:00:00,2766,2136966.6914091883
2022-01-12 02:00:00,3061,2616021.6306843846
2022-01-12 03:00:00,3209,2479134.2047680733
2022-01-12 04:00:00,3312,2526886.6176794874
2022-01-12 05:00:00,3489,2948944.5195186962
2022-01-12 06:00:00,3565,2624511.0956975613
2022-01-12 07:00:00,3653,2723996.2504918976
2022-01-12 08:00:00,3795,2831016.851754808
2022-01-12 09:00:00,3964,2932021.1191200144
2022-01-12 10:00:00,4250,3175631.1155849355
2022-01-12 11:00:00,4489,3368224.5829453347
2022-01-12 12:00:00,4720,3544624.9486467233
2022-01-12 13:00:00,4784,3699546.4217962977
2022-01-12 14:00:00,4701,3661516.6604535244
2022-01-12 15:00:00,4395,3956015.760997595
2022-01-12 16:00:00,3957,3560153.431770833
2022-01-12 17:00:00,3370,2615314.6457033474
2022-01-12 18:00:00,2746,2025299.3242209759
2022-01-12 19:00:00,2329,1801243.8988703706
2022-01-12 20:00:00,2033,1475096.5745322295
2022-01-12 21:00:00,1883,1360382.9757310362
2022-01-12 22:00:00,1879,1357085.1780775466
2022-01-12 23:00:00,2119,1521968.1941851845
2022-01-13 00:00:00,2368,1699076.7661937326
2022-01-13 01:00:00,2766,1984647.9456469018
2022-01-13 02:00:00,3061,2208776.623424235
2022-01-13 03:00:00,3209,2727787.925288462
2022-01-13 04:00:00,3312,2798802.665435898
2022-01-13 05:00:00,3489,2973375.438728632
2022-01-13 06:00:00,3565,3045303.67653401
2022-01-13 07:00:00,3653,3148929.751114583
2022-01-13 08:00:00,3795,3290596.1718643163
2022-01-13 09:00:00,3964,3443051.1090594726
2022-01-13 10:00:00,4250,3716264.693687678
2022-01-13 11:00:00,4489,3923056.9185719374
2022-01-13 12:00:00,4720,4148633.1392094013
2022-01-13 13:00:00,4784,4182163.697962964
2022-01-13 14:00:00,4701,4112157.0132558756
2022-01-13 15:00:00,4395,3845082.7093549664
2022-01-13 16:00:00,3957,3549413.904073183
2022-01-13 17:00:00,3370,2956382.992693197
2022-01-13 18:00:00,2746,2407553.61065812
2022-01-13 19:00:00,2329,2144729.2773958333
2022-01-13 20:00:00,2033,1822489.708116987
2022-01-13 21:00:00,1883,1683626.6107849
2022-01-13 22:00:00,1879,1668422.7832845445
2022-01-13 23:00:00,2119,1879743.441163194
2022-01-14 00:00:00,2368,1988608.1363076926
2022-01-14 01:00:00,2766,2324568.734612714
2022-01-14 02:00:00,3061,2580132.229799769
2022-01-14 03:00:00,3209,2702008.0649472936
2022-01-14 04:00:00,3312,2807072.5088717956
2022-01-14 05:00:00,3489,2953016.3393870187
2022-01-14 06:00:00,3565,3038530.7446741452
2022-01-14 07:00:00,3653,3156464.7361932867
2022-01-14 08:00:00,3795,3323143.698792735
2022-01-14 09:00:00,3964,3459188.8982154555
2022-01-14 10:00:00,4250,3714649.82914886
2022-01-14 11:00:00,4489,3928295.783401086
2022-01-14 12:00:00,4720,4142227.9622150995
2022-01-14 13:00:00,4784,4137368.7126851864
2022-01-14 14:00:00,4701,4099398.226370191
2022-01-14 15:00:00,4395,3975101.0171941766
2022-01-14 16:00:00,3957,3535989.4944511214
2022-01-14 17:00:00,3370,3117816.5224430193
2022-01-14 18:00:00,2746,2421415.824983975
2022-01-14 19:00:00,2329,1762811.9684059832
2022-01-14 20:00:00,2033,1381958.1359218303
2022-01-14 21:00:00,1883,1406735.8574691948
2022-01-14 22:00:00,1879,1676021.3587433232
2022-01-14 23:00:00,2119,1708821.0759456013
2022-01-15 00:00:00,2368,2100307.4750997154
2022-01-15 01:00:00,2766,2378920.0268413466
2022-01-15 02:00:00,3061,2223647.4631426283
2022-01-15 03:00:00,3209,2374359.9750706907
2022-01-15 04:00:00,3312,2346927.633346154
2022-01-15 05:00:00,3489,3048656.7595499456
2022-01-15 06:00:00,3565,2294959.5826304313
2022-01-15 07:00:00,3653,2413872.127778935
2022-01-15 08:00:00,3795,2482881.9118242525
2022-01-15 09:00:00,3964,3183555.4594312673
2022-01-15 10:00:00,4250,2758188.6323005697
2022-01-15 11:00:00,4489,3472149.0410677525
2022-01-15 12:00:00,4720,3154421.566153846
2022-01-15 13:00:00,4784,3481024.797962964
2022-01-15 14:00:00,4701,3449338.0345446034
2022-01-15 15:00:00,4395,3338249.874484508
2022-01-15 16:00:00,3957,3035527.503740651
2022-01-15 17:00:00,3370,2605802.415055199
2022-01-15 18:00:00,2746,2113987.684692842
2022-01-15 19:00:00,2329,1790118.8663675215
2022-01-15 20:00:00,2033,1498381.1841848288
2022-01-15 21:00:00,1883,1384044.9208741095
2022-01-15 22:00:00,1879,1146670.9341653315
2022-01-15 23:00:00,2119,1285828.479655092
2022-01-16 00:00:00,2368,1776970.6664330487
2022-01-16 01:00:00,2766,2487847.8238354702
2022-01-16 02:00:00,3061,2621920.120181625
2022-01-16 03:00:00,3209,2830384.801916489
2022-01-16 04:00:00,3312,2940288.899871795
2022-01-16 05:00:00,3489,2976689.7107144757
2022-01-16 06:00:00,3565,3022178.952041044
2022-01-16 07:00:00,3653,3212382.257040509
2022-01-16 08:00:00,3795,3351365.2885977565
2022-01-16 09:00:00,3964,3409484.507615028
2022-01-16 10:00:00,4250,3687197.131988961
2022-01-16 11:00:00,4489,3886019.3625705126
2022-01-16 12:00:00,4720,4110842.594943019
2022-01-16 13:00:00,4784,4157493.9959259266
2022-01-16 14:00:00,4701,4105139.680468749
2022-01-16 15:00:00,4395,3990011.3735977556
2022-01-16 16:00:00,3957,3661964.154344551
2022-01-16 17:00:00,3370,3096596.930997151
2022-01-16 18:00:00,2746,2548337.066902956
2022-01-16 19:00:00,2329,2135626.978075321
2022-01-16 20:00:00,2033,1805605.6072788457
2022-01-16 21:00:00,1883,1662877.6912857906
2022-01-16 22:00:00,1879,1640527.341835203
2022-01-16 23:00:00,2119,1846962.2338368052
2022-01-17 00:00:00,2368,2017079.256609687
2022-01-17 01:00:00,2766,2141470.9421463674
2022-01-17 02:00:00,3061,2375263.5664167562
2022-01-17 03:00:00,3209,2489585.499500979
2022-01-17 04:00:00,3312,2144855.8067820515
2022-01-17 05:00:00,3489,2701226.3619481833
2022-01-17 06:00:00,3565,2817249.385195424
2022-01-17 07:00:00,3653,3166775.76840625
2022-01-17 08:00:00,3795,2834003.8083400102
2022-01-17 09:00:00,3964,2964189.1121709393
2022-01-17 10:00:00,4250,3210235.355702457
2022-01-17 11:00:00,4489,3392469.5620383727
2022-01-17 12:00:00,4720,3583696.528311966
2022-01-17 13:00:00,4784,3599958.72988889
2022-01-17 14:00:00,4701,3982527.738497328
2022-01-17 15:00:00,4395,3742976.5887032575
2022-01-17 16:00:00,3957,3486050.690657051
2022-01-17 17:00:00,3370,2813333.677946047
2022-01-17 18:00:00,2746,2276458.79883458
2022-01-17 19:00:00,2329,1934491.4472567665
2022-01-17 20:00:00,2033,1574304.4611563387
2022-01-17 21:00:00,1883,1571194.0420705127
2022-01-17 22:00:00,1879,1351016.5171406697
2022-01-17 23:00:00,2119,1709108.6303958327
2022-01-18 00:00:00,2368,1534676.933840456
2022-01-18 01:00:00,2766,2002815.090286859
2022-01-18 02:00:00,3061,1832851.764621261
2022-01-18 03:00:00,3209,1578668.0694054486
2022-01-18 04:00:00,3312,1614956.599666667
2022-01-18 05:00:00,3489,1705903.13785657
2022-01-18 06:00:00,3565,1757479.0614654562
2022-01-18 07:00:00,3653,2255637.441126157
2022-01-18 08:00:00,3795,2346099.8999225427
2022-01-18 09:00:00,3964,2868438.229845441
2022-01-18 10:00:00,4250,2646762.9791221507
2022-01-18 11:00:00,4489,2900625.43842735
2022-01-18 12:00:00,4720,3913819.3505982906
2022-01-18 13:00:00,4784,3700974.6677037044
2022-01-18 14:00:00,4701,4131295.1935844007
2022-01-18 15:00:00,4395,3568465.7773557683
2022-01-18 16:00:00,3957,2715704.368904647
2022-01-18 17:00:00,3370,2500619.0953881764
2022-01-18 18:00:00,2746,2078959.5087081555
2022-01-18 19:00:00,2329,1813443.5083763357
2022-01-18 20:00:00,2033,1542632.9778847934
2022-01-18 21:00:00,1883,1169911.9831862533
2022-01-18 22:00:00,1879,1079354.6952016563
2022-01-18 23:00:00,2119,1166263.339248842
2022-01-19 00:00:00,2368,1686480.0628547012
2022-01-19 01:00:00,2766,1787962.3301233978
2022-01-19 02:00:00,3061,1988954.0430059657
2022-01-19 03:00:00,3209,2067091.9099232552
2022-01-19 04:00:00,3312,2033033.141192308
2022-01-19 05:00:00,3489,1866029.8215154908
2022-01-19 06:00:00,3565,2305796.2736062147
2022-01-19 07:00:00,3653,2464534.987979166
2022-01-19 08:00:00,3795,2451158.372919338
2022-01-19 09:00:00,3964,3051440.7588742874
2022-01-19 10:00:00,4250,2826705.0277332626
2022-01-19 11:00:00,4489,3073386.143723468
2022-01-19 12:00:00,4720,3276376.136125356
2022-01-19 13:00:00,4784,3710193.3458333337
2022-01-19 14:00:00,4701,3635233.5594690163
2022-01-19 15:00:00,4395,3425684.2044350957
2022-01-19 16:00:00,3957,3142707.990163194
2022-01-19 17:00:00,3370,1835951.9788488245
2022-01-19 18:00:00,2746,2208265.6477154563
2022-01-19 19:00:00,2329,1849726.284834491
2022-01-19 20:00:00,2033,1431175.8416330128
2022-01-19 21:00:00,1883,1241868.8271634611
2022-01-19 22:00:00,1879,1149220.7917018344
2022-01-19 23:00:00,2119,889693.4690162033
2022-01-20 00:00:00,2368,1443350.8346324787
2022-01-20 01:00:00,2766,1640898.5435544874
2022-01-20 02:00:00,3061,2197893.494915243
2022-01-20 03:00:00,3209,2316094.0069347406
2022-01-20 04:00:00,3312,2376770.9813974365
2022-01-20 05:00:00,3489,2988999.8638047534
2022-01-20 06:00:00,3565,2340822.0069386577
2022-01-20 07:00:00,3653,2651323.3022986106
2022-01-20 08:00:00,3795,2756857.929639423
2022-01-20 09:00:00,3964,2877152.635989672
2022-01-20 10:00:00,4250,3727684.092926461
2022-01-20 11:00:00,4489,3826686.1725287563
2022-01-20 12:00:00,4720,4006310.1063960115
2022-01-20 13:00:00,4784,4070760.517185186
2022-01-20 14:00:00,4701,4147881.6165357903
2022-01-20 15:00:00,4395,3859873.782907318
2022-01-20 16:00:00,3957,3539211.352760416
2022-01-20 17:00:00,3370,3120926.2901549144
2022-01-20 18:00:00,2746,2460393.98677119
2022-01-20 19:00:00,2329,2076525.2429039353
2022-01-20 20:00:00,2033,1823317.360118857
2022-01-20 21:00:00,1883,1515795.449122151
2022-01-20 22:00:00,1879,1210570.364030093
2022-01-20 23:00:00,2119,1322175.3621643514
2022-01-21 00:00:00,2368,1687893.9785356126
2022-01-21 01:00:00,2766,1967681.9345368592
2022-01-21 02:00:00,3061,2544990.5247669164
2022-01-21 03:00:00,3209,2720646.207220976
2022-01-21 04:00:00,3312,2784240.549820513
2022-01-21 05:00:00,3489,2947808.1976949777
2022-01-21 06:00:00,3565,3054592.2687989674
2022-01-21 07:00:00,3653,3171633.8508912036
2022-01-21 08:00:00,3795,3300587.0266493056
2022-01-21 09:00:00,3964,3460264.7508258545
2022-01-21 10:00:00,4250,3728722.2201299863
2022-01-21 11:00:00,4489,3913919.363637375
2022-01-21 12:00:00,4720,4128136.5728276353
2022-01-21 13:00:00,4784,4173724.0630555567
2022-01-21 14:00:00,4701,4068777.13784455
2022-01-21 15:00:00,4395,3832558.009975961
2022-01-21 16:00:00,3957,3559616.4553859504
2022-01-21 17:00:00,3370,3005499.0297898855
2022-01-21 18:00:00,2746,2446010.0762072653
2022-01-21 19:00:00,2329,1988662.7702962076
2022-01-21 20:00:00,2033,1823538.0673193554
2022-01-21 21:00:00,1883,1682911.1308021718
2022-01-21 22:00:00,1879,1411652.1293587075
2022-01-21 23:00:00,2119,1571197.5160648143
2022-01-22 00:00:00,2368,1718485.9723589746
2022-01-22 01:00:00,2766,2049208.8728798078
2022-01-22 02:00:00,3061,2279226.188123665
2022-01-22 03:00:00,3209,2839965.1554216533
2022-01-22 04:00:00,3312,2952423.996217949
2022-01-22 05:00:00,3489,3090321.8930862704
2022-01-22 06:00:00,3565,3152025.731411592
2022-01-22 07:00:00,3653,3106892.465938657
2022-01-22 08:00:00,3795,3227458.0895633018
2022-01-22 09:00:00,3964,3437456.6754853986
2022-01-22 10:00:00,4250,3690196.166132479
2022-01-22 11:00:00,4489,3897715.432886752
2022-01-22 12:00:00,4720,4119169.3250356126
2022-01-22 13:00:00,4784,3730967.83175926
2022-01-22 14:00:00,4701,4313618.258180821
2022-01-22 15:00:00,4395,4001939.658720618
2022-01-22 16:00:00,3957,3304230.4867358436
2022-01-22 17:00:00,3370,3111596.98701923
2022-01-22 18:00:00,2746,2448991.197567664
2022-01-22 19:00:00,2329,2075513.876312767
2022-01-22 20:00:00,2033,1803564.0656742342
2022-01-22 21:00:00,1883,1475064.1958197115
2022-01-22 22:00:00,1879,1374934.1808330663
2022-01-22 23:00:00,2119,1854553.6713229162
2022-01-23 00:00:00,2368,2117981.421111111
2022-01-23 01:00:00,2766,2475160.8509257482
2022-01-23 02:00:00,3061,2605304.656809117
2022-01-23 03:00:00,3209,2860432.274273594
2022-01-23 04:00:00,3312,2942985.587948718
2022-01-23 05:00:00,3489,2280692.593687232
2022-01-23 06:00:00,3565,2391231.9712099363
2022-01-23 07:00:00,3653,2671548.788562499
2022-01-23 08:00:00,3795,2965326.899586004
2022-01-23 09:00:00,3964,3069084.741684829
2022-01-23 10:00:00,4250,3324660.0430243947
2022-01-23 11:00:00,4489,3549757.3409786327
2022-01-23 12:00:00,4720,3647492.091175214
2022-01-23 13:00:00,4784,4158662.5607592603
2022-01-23 14:00:00,4701,4122364.042764422
2022-01-23 15:00:00,4395,4076968.572143428
2022-01-23 16:00:00,3957,3631571.290960202
2022-01-23 17:00:00,3370,2689308.824495192
2022-01-23 18:00:00,2746,2545355.945542557
2022-01-23 19:00:00,2329,1938220.8615616986
2022-01-23 20:00:00,2033,1621535.8020630341
2022-01-23 21:00:00,1883,1671054.6053741095
2022-01-23 22:00:00,1879,1434345.8614335828
2022-01-23 23:00:00,2119,1602425.9293599534
2022-01-24 00:00:00,2368,2113161.254017094
2022-01-24 01:00:00,2766,2370361.9504407053
2022-01-24 02:00:00,3061,2617766.2543384978
2022-01-24 03:00:00,3209,2742593.9261600785
2022-01-24 04:00:00,3312,2816241.2483333335
2022-01-24 05:00:00,3489,2988999.8638047534
2022-01-24 06:00:00,3565,3066686.789977297
2022-01-24 07:00:00,3653,3193544.79434375
2022-01-24 08:00:00,3795,3325100.6703485576
2022-01-24 09:00:00,3964,3480705.950423433
2022-01-24 10:00:00,4250,3750522.891404024
2022-01-24 11:00:00,4489,3970206.702034277
2022-01-24 12:00:00,4720,4172332.294088319
2022-01-24 13:00:00,4784,4182163.697962964
2022-01-24 14:00:00,4701,4125553.7394858426
2022-01-24 15:00:00,4395,3459799.099886484
2022-01-24 16:00:00,3957,3586465.274630074
2022-01-24 17:00:00,3370,2842236.2249154197
2022-01-24 18:00:00,2746,2163548.8273094734
2022-01-24 19:00:00,2329,2062745.3730992703
2022-01-24 20:00:00,2033,1878438.9834433757
2022-01-24 21:00:00,1883,1734221.2667063747
2022-01-24 22:00:00,1879,1672706.5439458694
2022-01-24 23:00:00,2119,1644523.9008738422
2022-01-25 00:00:00,2368,2107055.7090313393
2022-01-25 01:00:00,2766,2367359.1166159194
2022-01-25 02:00:00,3061,2625243.212856126
2022-01-25 03:00:00,3209,2746077.6910710474
2022-01-25 04:00:00,3312,2827477.4486538465
2022-01-25 05:00:00,3489,2980003.98270032
2022-01-25 06:00:00,3565,2702496.5682554315
2022-01-25 07:00:00,3653,2723103.949627314
2022-01-25 08:00:00,3795,2841625.6975574256
2022-01-25 09:00:00,3964,2959455.360685185
2022-01-25 10:00:00,4250,3189472.8116319445
2022-01-25 11:00:00,4489,3445589.214724626
2022-01-25 12:00:00,4720,4153757.280804843
2022-01-25 13:00:00,4784,4199692.170462964
2022-01-25 14:00:00,4701,4143416.0411258
2022-01-25 15:00:00,4395,3901145.649432425
2022-01-25 16:00:00,3957,3588076.203784722
2022-01-25 17:00:00,3370,3139127.5776451207
2022-01-25 18:00:00,2746,2452792.127302173
2022-01-25 19:00:00,2329,2171404.071237892
2022-01-25 20:00:00,2033,1889308.8130679308
2022-01-25 21:00:00,1883,1757729.8947102916
2022-01-25 22:00:00,1879,1475857.5421278495
2022-01-25 23:00:00,2119,1645674.1186747681
2022-01-26 00:00:00,2368,2112518.565071225
2022-01-26 01:00:00,2766,2371112.658896902
2022-01-26 02:00:00,3061,2627735.532362002
2022-01-26 03:00:00,3209,2750867.8678236296
2022-01-26 04:00:00,3312,2827477.4486538465
2022-01-26 05:00:00,3489,2980477.4501268687
2022-01-26 06:00:00,3565,3069105.694212963
2022-01-26 07:00:00,3653,3190570.4581284723
2022-01-26 08:00:00,3795,3329735.6029807692
2022-01-26 09:00:00,3964,3474035.66423896
2022-01-26 10:00:00,4250,3757097.697026354
2022-01-26 11:00:00,4489,3967526.3525868054
2022-01-26 12:00:00,4720,4129801.9188461537
2022-01-26 13:00:00,4784,4170478.049629631
2022-01-26 14:00:00,4701,4106415.559157318
2022-01-26 15:00:00,4395,3871324.936625266
2022-01-26 16:00:00,3957,3583780.3927056617
2022-01-26 17:00:00,3370,2981535.5256570503
2022-01-26 18:00:00,2746,2544834.2493044874
2022-01-26 19:00:00,2329,2138218.604965189
2022-01-26 20:00:00,2033,1817413.4425055198
2022-01-26 21:00:00,1883,1460090.2218954773
2022-01-26 22:00:00,1879,1431745.00674635
2022-01-26 23:00:00,2119,1583274.8029745365
2022-01-27 00:00:00,2368,2099022.0972079774
2022-01-27 01:00:00,2766,2365482.3454754273
2022-01-27 02:00:00,3061,2614277.0070302715
2022-01-27 03:00:00,3209,2746513.1616849187
2022-01-27 04:00:00,3312,2507560.3531282055
2022-01-27 05:00:00,3489,2170658.763757211
2022-01-27 06:00:00,3565,2631767.808404559
2022-01-27 07:00:00,3653,2698912.6817430547
2022-01-27 08:00:00,3795,2806091.214043803
2022-01-27 09:00:00,3964,2939767.257914886
2022-01-27 10:00:00,4250,3167095.4030226143
2022-01-27 11:00:00,4489,3337400.5642994125
2022-01-27 12:00:00,4720,3604577.4053133903
2022-01-27 13:00:00,4784,3354300.4338148157
2022-01-27 14:00:00,4701,4107053.4985016016
2022-01-27 15:00:00,4395,3851046.8519163984
2022-01-27 16:00:00,3957,3564986.219234775
2022-01-27 17:00:00,3370,2531808.236263354
2022-01-27 18:00:00,2746,2036553.0573564817
2022-01-27 19:00:00,2329,1530071.2316134265
2022-01-27 20:00:00,2033,1299579.173335737
2022-01-27 21:00:00,1883,1063356.5714728453
2022-01-27 22:00:00,1879,1539247.0004853103
2022-01-27 23:00:00,2119,1454968.0072812496
2022-01-28 00:00:00,2368,1958401.755851852
2022-01-28 01:00:00,2766,1721074.2066762822
2022-01-28 02:00:00,3061,2398608.2924551284
2022-01-28 03:00:00,3209,2595404.8586716526
2022-01-28 04:00:00,3312,2431873.307769231
2022-01-28 05:00:00,3489,2298305.5819548606
2022-01-28 06:00:00,3565,2555620.7030657944
2022-01-28 07:00:00,3653,2534927.6117407405
2022-01-28 08:00:00,3795,2659524.344362981
2022-01-28 09:00:00,3964,2796463.690209757
2022-01-28 10:00:00,4250,3169402.352363782
2022-01-28 11:00:00,4489,3335694.887378294
2022-01-28 12:00:00,4720,3617643.966381767
2022-01-28 13:00:00,4784,4168530.441574075
2022-01-28 14:00:00,4701,4096208.5296487706
2022-01-28 15:00:00,4395,3839714.9810496783
2022-01-28 16:00:00,3957,3546729.0221487707
2022-01-28 17:00:00,3370,3114981.1459998214
2022-01-28 18:00:00,2746,2523966.3997816956
2022-01-28 19:00:00,2329,2054970.4924296655
2022-01-28 20:00:00,2033,1670643.1541739672
2022-01-28 21:00:00,1883,1677033.9738011928
2022-01-28 22:00:00,1879,1658937.313248754
2022-01-28 23:00:00,2119,1768057.2926932864
2022-01-29 00:00:00,2368,1709488.3271168093
2022-01-29 01:00:00,2766,2139594.1710058763
2022-01-29 02:00:00,3061,2184684.2015340994
2022-01-29 03:00:00,3209,2293623.723258992
2022-01-29 04:00:00,3312,2380726.1239102567
2022-01-29 05:00:00,3489,2965799.9599038456
2022-01-29 06:00:00,3565,2984250.533625801
2022-01-29 07:00:00,3653,3091921.6403217586
2022-01-29 08:00:00,3795,3125077.5776428957
2022-01-29 09:00:00,3964,3449613.809982905
2022-01-29 10:00:00,4250,3558238.6638176637
2022-01-29 11:00:00,4489,3783313.2451060363
2022-01-29 12:00:00,4720,4055758.072792023
2022-01-29 13:00:00,4784,4083484.8898148155
2022-01-29 14:00:00,4701,4054104.5329260137
2022-01-29 15:00:00,4395,3988818.545085469
2022-01-29 16:00:00,3957,3606870.377255609
2022-01-29 17:00:00,3370,3086627.3815678414
2022-01-29 18:00:00,2746,2512190.97040812
2022-01-29 19:00:00,2329,2155095.7849553064
2022-01-29 20:00:00,2033,1800418.9880671296
2022-01-29 21:00:00,1883,1733250.2581583867
2022-01-29 22:00:00,1879,1636243.5811738789
2022-01-29 23:00:00,2119,1784735.4508067125
2022-01-30 00:00:00,2368,2103456.650934473
2022-01-30 01:00:00,2766,2459320.9025000003
2022-01-30 02:00:00,3061,2430509.9821303426
2022-01-30 03:00:00,3209,2457796.1446883907
2022-01-30 04:00:00,3312,2537943.0387948724
2022-01-30 05:00:00,3489,2699332.492241987
2022-01-30 06:00:00,3565,2259740.3369591353
2022-01-30 07:00:00,3653,2362713.5448761573
2022-01-30 08:00:00,3795,2485765.8699065167
2022-01-30 09:00:00,3964,3161608.0661791307
2022-01-30 10:00:00,4250,3347152.799100784
2022-01-30 11:00:00,4489,3563280.922281784
2022-01-30 12:00:00,4720,3288674.075954416
2022-01-30 13:00:00,4784,4066605.620000001
2022-01-30 14:00:00,4701,3617626.433566773
2022-01-30 15:00:00,4395,3856176.01451923
2022-01-30 16:00:00,3957,3312070.341955128
2022-01-30 17:00:00,3370,2952907.369956374
2022-01-30 18:00:00,2746,2533431.460100962
2022-01-30 19:00:00,2329,2152820.210125178
2022-01-30 20:00:00,2033,1802294.9992713674
2022-01-30 21:00:00,1883,1343415.878997774
2022-01-30 22:00:00,1879,1393905.1209046475
2022-01-30 23:00:00,2119,1445996.3084340275
2022-01-31 00:00:00,2368,1896767.8859430202
2022-01-31 01:00:00,2766,2350618.318042735
2022-01-31 02:00:00,3061,2569166.023973914
2022-01-31 03:00:00,3209,2693037.3703015493
2022-01-31 04:00:00,3312,2808600.6321153846
2022-01-31 05:00:00,3489,2622346.688685096
2022-01-31 06:00:00,3565,2424903.118170406
2022-01-31 07:00:00,3653,2822744.21283912
2022-01-31 08:00:00,3795,2607304.1033733976
2022-01-31 09:00:00,3964,3077368.8067849
2022-01-31 10:00:00,4250,3373221.326655983
2022-01-31 11:00:00,4489,3553777.8651498393
2022-01-31 12:00:00,4720,3751255.958482906
2022-01-31 13:00:00,4784,3738498.5829074085
2022-01-31 14:00:00,4701,4075156.5312873917
2022-01-31 15:00:00,4395,3860589.4800146893
2022-01-31 16:00:00,3957,3589150.1565544866
2022-01-31 17:00:00,3370,3123121.420304487
2022-01-31 18:00:00,2746,2417763.951317486
2022-01-31 19:00:00,2329,2144223.5941002495
2022-01-31 20:00:00,2033,1722012.7550900106
2022-01-31 21:00:00,1883,1596338.052892094
2022-01-31 22:00:00,1879,1640731.3304381236
2022-01-31 23:00:00,2119,1787841.0388692126
