datetime,requests,emissions
2022-06-01 00:00:00,2368,463927.73749863787
2022-06-01 01:00:00,2766,529518.9272690578
2022-06-01 02:00:00,3061,576951.8456305256
2022-06-01 03:00:00,3209,594811.5492851472
2022-06-01 04:00:00,3312,600883.0511318236
2022-06-01 05:00:00,3489,622738.1499324061
2022-06-01 06:00:00,3565,611640.646333217
2022-06-01 07:00:00,3653,627802.5089033606
2022-06-01 08:00:00,3795,655112.2248378472
2022-06-01 09:00:00,3964,667188.0876052688
2022-06-01 10:00:00,4250,707412.4673774517
2022-06-01 11:00:00,4489,741402.7005070557
2022-06-01 12:00:00,4720,767472.7746280617
2022-06-01 13:00:00,4784,766517.6269116963
2022-06-01 14:00:00,4701,744773.8872067939
2022-06-01 15:00:00,4395,697545.8020865029
2022-06-01 16:00:00,3957,632274.0270390757
2022-06-01 17:00:00,3370,550194.4520811056
2022-06-01 18:00:00,2746,444227.28453240544
2022-06-01 19:00:00,2329,379718.49848039175
2022-06-01 20:00:00,2033,332288.68830014725
2022-06-01 21:00:00,1883,318154.1202808679
2022-06-01 22:00:00,1879,342645.7298209534
2022-06-01 23:00:00,2119,420165.8091848839
2022-06-02 00:00:00,2368,463908.82989287627
2022-06-02 01:00:00,2766,536913.2553331314
2022-06-02 02:00:00,3061,583536.2515293537
2022-06-02 03:00:00,3209,608652.876019198
2022-06-02 04:00:00,3312,619225.7677672764
2022-06-02 05:00:00,3489,659779.6966728815
2022-06-02 06:00:00,3565,609938.3633591278
2022-06-02 07:00:00,3653,573706.7137832756
2022-06-02 08:00:00,3795,587077.5423747128
2022-06-02 09:00:00,3964,604067.0584043697
2022-06-02 10:00:00,4250,644048.0758337729
2022-06-02 11:00:00,4489,703841.0002796028
2022-06-02 12:00:00,4720,765373.6359969267
2022-06-02 13:00:00,4784,782590.3357044428
2022-06-02 14:00:00,4701,783043.0307733777
2022-06-02 15:00:00,4395,743365.015446784
2022-06-02 16:00:00,3957,673220.5789069778
2022-06-02 17:00:00,3370,589758.2376224523
2022-06-02 18:00:00,2746,484972.5361751189
2022-06-02 19:00:00,2329,420032.69774103287
2022-06-02 20:00:00,2033,376032.0691472628
2022-06-02 21:00:00,1883,352180.6388206061
2022-06-02 22:00:00,1879,366184.6456755847
2022-06-02 23:00:00,2119,413554.6281740777
2022-06-03 00:00:00,2368,459688.2551211517
2022-06-03 01:00:00,2766,531269.4740531502
2022-06-03 02:00:00,3061,585981.4853859778
2022-06-03 03:00:00,3209,610145.3429962319
2022-06-03 04:00:00,3312,621149.835334311
2022-06-03 05:00:00,3489,642193.6439693208
2022-06-03 06:00:00,3565,633968.8015422322
2022-06-03 07:00:00,3653,652615.2464286141
2022-06-03 08:00:00,3795,682637.9099260576
2022-06-03 09:00:00,3964,707335.0331968813
2022-06-03 10:00:00,4250,757625.4069689183
2022-06-03 11:00:00,4489,791439.2428316169
2022-06-03 12:00:00,4720,827139.7687657978
2022-06-03 13:00:00,4784,828431.8106320971
2022-06-03 14:00:00,4701,837507.5916781677
2022-06-03 15:00:00,4395,792053.6391439763
2022-06-03 16:00:00,3957,713570.7427477652
2022-06-03 17:00:00,3370,609961.3370077526
2022-06-03 18:00:00,2746,497717.5026223393
2022-06-03 19:00:00,2329,434241.6152504103
2022-06-03 20:00:00,2033,390243.482084265
2022-06-03 21:00:00,1883,365512.73178259
2022-06-03 22:00:00,1879,364016.83780636
2022-06-03 23:00:00,2119,413290.294164741
2022-06-04 00:00:00,2368,457477.013994902
2022-06-04 01:00:00,2766,532874.8465035668
2022-06-04 02:00:00,3061,581745.0736189716
2022-06-04 03:00:00,3209,604825.1420788842
2022-06-04 04:00:00,3312,631121.6750951002
2022-06-04 05:00:00,3489,667985.5860969825
2022-06-04 06:00:00,3565,682499.8253023817
2022-06-04 07:00:00,3653,684254.4933985425
2022-06-04 08:00:00,3795,707010.1317194245
2022-06-04 09:00:00,3964,727333.9489115144
2022-06-04 10:00:00,4250,771275.9374338924
2022-06-04 11:00:00,4489,803842.681693704
2022-06-04 12:00:00,4720,857027.5761580705
2022-06-04 13:00:00,4784,869343.849264698
2022-06-04 14:00:00,4701,853694.1704172146
2022-06-04 15:00:00,4395,806385.8240423813
2022-06-04 16:00:00,3957,714787.2035907762
2022-06-04 17:00:00,3370,607217.2418473898
2022-06-04 18:00:00,2746,499999.74847648095
2022-06-04 19:00:00,2329,421826.2241591935
2022-06-04 20:00:00,2033,378654.1043817812
2022-06-04 21:00:00,1883,357394.8790845185
2022-06-04 22:00:00,1879,352358.5390626953
2022-06-04 23:00:00,2119,400493.7696335823
2022-06-05 00:00:00,2368,443942.004086002
2022-06-05 01:00:00,2766,518959.30748762883
2022-06-05 02:00:00,3061,573335.0592700447
2022-06-05 03:00:00,3209,588262.3965646388
2022-06-05 04:00:00,3312,616549.1964521385
2022-06-05 05:00:00,3489,653775.6812273406
2022-06-05 06:00:00,3565,677438.762119168
2022-06-05 07:00:00,3653,699682.9736322358
2022-06-05 08:00:00,3795,720377.3927594415
2022-06-05 09:00:00,3964,744380.9419166838
2022-06-05 10:00:00,4250,781014.8118948198
2022-06-05 11:00:00,4489,826964.9524786313
2022-06-05 12:00:00,4720,877712.8397056697
2022-06-05 13:00:00,4784,893917.7420969213
2022-06-05 14:00:00,4701,868992.6464073104
2022-06-05 15:00:00,4395,823304.7635810612
2022-06-05 16:00:00,3957,740724.7049406026
2022-06-05 17:00:00,3370,637208.521588099
2022-06-05 18:00:00,2746,511209.92041677516
2022-06-05 19:00:00,2329,433296.5890946675
2022-06-05 20:00:00,2033,381382.75270966085
2022-06-05 21:00:00,1883,356888.5410419159
2022-06-05 22:00:00,1879,359780.9203747698
2022-06-05 23:00:00,2119,407063.43663148873
2022-06-06 00:00:00,2368,456159.36802517006
2022-06-06 01:00:00,2766,526718.4909848671
2022-06-06 02:00:00,3061,575080.6158370575
2022-06-06 03:00:00,3209,603890.9068754356
2022-06-06 04:00:00,3312,612251.4371801843
2022-06-06 05:00:00,3489,635176.6461832875
2022-06-06 06:00:00,3565,630959.416036704
2022-06-06 07:00:00,3653,638465.84932369
2022-06-06 08:00:00,3795,667624.7770049032
2022-06-06 09:00:00,3964,695768.682863132
2022-06-06 10:00:00,4250,753688.7069198121
2022-06-06 11:00:00,4489,790271.0640403392
2022-06-06 12:00:00,4720,813043.2557141139
2022-06-06 13:00:00,4784,824196.7590850876
2022-06-06 14:00:00,4701,818335.3091680781
2022-06-06 15:00:00,4395,766794.4997415846
2022-06-06 16:00:00,3957,702357.5235520595
2022-06-06 17:00:00,3370,589631.876868948
2022-06-06 18:00:00,2746,497189.69082207925
2022-06-06 19:00:00,2329,427562.64709238353
2022-06-06 20:00:00,2033,380752.8809576493
2022-06-06 21:00:00,1883,365669.4422606963
2022-06-06 22:00:00,1879,367963.18394159153
2022-06-06 23:00:00,2119,417907.2834558287
2022-06-07 00:00:00,2368,458459.32928319636
2022-06-07 01:00:00,2766,532050.7927884179
2022-06-07 02:00:00,3061,576075.3995958489
2022-06-07 03:00:00,3209,596589.7959067106
2022-06-07 04:00:00,3312,600729.4473944094
2022-06-07 05:00:00,3489,609268.0332840101
2022-06-07 06:00:00,3565,615494.6700642456
2022-06-07 07:00:00,3653,630899.8542262801
2022-06-07 08:00:00,3795,658098.2781289497
2022-06-07 09:00:00,3964,683273.1381523275
2022-06-07 10:00:00,4250,720818.8197564845
2022-06-07 11:00:00,4489,760506.8914399783
2022-06-07 12:00:00,4720,789277.0484633715
2022-06-07 13:00:00,4784,813716.7650299363
2022-06-07 14:00:00,4701,807986.5655339543
2022-06-07 15:00:00,4395,759163.7633042072
2022-06-07 16:00:00,3957,697808.2597776068
2022-06-07 17:00:00,3370,602941.7196453322
2022-06-07 18:00:00,2746,481657.5312667836
2022-06-07 19:00:00,2329,421675.26666363317
2022-06-07 20:00:00,2033,388771.20346164866
2022-06-07 21:00:00,1883,364114.5996732968
2022-06-07 22:00:00,1879,366871.1734014918
2022-06-07 23:00:00,2119,417200.55345355347
2022-06-08 00:00:00,2368,456521.170157989
2022-06-08 01:00:00,2766,522701.1629654017
2022-06-08 02:00:00,3061,564687.6641567497
2022-06-08 03:00:00,3209,582049.9468520948
2022-06-08 04:00:00,3312,595667.1208554123
2022-06-08 05:00:00,3489,604933.3819879378
2022-06-08 06:00:00,3565,604048.5479092014
2022-06-08 07:00:00,3653,628282.5423983237
2022-06-08 08:00:00,3795,660352.5443192422
2022-06-08 09:00:00,3964,694360.9804080692
2022-06-08 10:00:00,4250,747312.8340332804
2022-06-08 11:00:00,4489,767833.6676785634
2022-06-08 12:00:00,4720,790906.7547702916
2022-06-08 13:00:00,4784,796397.4212861279
2022-06-08 14:00:00,4701,773363.5529550969
2022-06-08 15:00:00,4395,726394.8929988056
2022-06-08 16:00:00,3957,681043.8002408254
2022-06-08 17:00:00,3370,588028.9444463812
2022-06-08 18:00:00,2746,482498.6504418398
2022-06-08 19:00:00,2329,418789.3835506898
2022-06-08 20:00:00,2033,374936.54830497777
2022-06-08 21:00:00,1883,347896.18236202345
2022-06-08 22:00:00,1879,365048.0154668139
2022-06-08 23:00:00,2119,415307.1819330482
2022-06-09 00:00:00,2368,459501.24701343453
2022-06-09 01:00:00,2766,529017.1314732766
2022-06-09 02:00:00,3061,576037.2600276306
2022-06-09 03:00:00,3209,598785.2771804848
2022-06-09 04:00:00,3312,589566.621146482
2022-06-09 05:00:00,3489,608286.7495404837
2022-06-09 06:00:00,3565,615984.7127323608
2022-06-09 07:00:00,3653,630159.6245754837
2022-06-09 08:00:00,3795,666095.4514093591
2022-06-09 09:00:00,3964,707940.818132154
2022-06-09 10:00:00,4250,788545.816461318
2022-06-09 11:00:00,4489,835922.1593846744
2022-06-09 12:00:00,4720,848021.3137738586
2022-06-09 13:00:00,4784,841193.1183170442
2022-06-09 14:00:00,4701,831118.1331271705
2022-06-09 15:00:00,4395,780471.5580307659
2022-06-09 16:00:00,3957,702801.9588510647
2022-06-09 17:00:00,3370,624616.2854551548
2022-06-09 18:00:00,2746,503402.6665852682
2022-06-09 19:00:00,2329,431410.48414570495
2022-06-09 20:00:00,2033,379388.59570805245
2022-06-09 21:00:00,1883,361800.3599136643
2022-06-09 22:00:00,1879,362785.3597367985
2022-06-09 23:00:00,2119,413196.84438365407
2022-06-10 00:00:00,2368,462852.39374670776
2022-06-10 01:00:00,2766,533969.5405166763
2022-06-10 02:00:00,3061,576990.6413368817
2022-06-10 03:00:00,3209,594423.6777372789
2022-06-10 04:00:00,3312,600687.4554209907
2022-06-10 05:00:00,3489,620064.9427860121
2022-06-10 06:00:00,3565,621637.785800661
2022-06-10 07:00:00,3653,642309.9847873877
2022-06-10 08:00:00,3795,671922.3918366916
2022-06-10 09:00:00,3964,696513.2888712067
2022-06-10 10:00:00,4250,741661.0260682955
2022-06-10 11:00:00,4489,795313.7157240636
2022-06-10 12:00:00,4720,845764.2718241649
2022-06-10 13:00:00,4784,860919.4774244297
2022-06-10 14:00:00,4701,845283.1359087037
2022-06-10 15:00:00,4395,780449.1926104267
2022-06-10 16:00:00,3957,721047.7805553075
2022-06-10 17:00:00,3370,605480.588228496
2022-06-10 18:00:00,2746,497769.57120663824
2022-06-10 19:00:00,2329,434265.763140205
2022-06-10 20:00:00,2033,384502.52165292494
2022-06-10 21:00:00,1883,360291.08615098015
2022-06-10 22:00:00,1879,367196.7684156457
2022-06-10 23:00:00,2119,415411.6521516441
2022-06-11 00:00:00,2368,465318.6905875305
2022-06-11 01:00:00,2766,541232.1409827737
2022-06-11 02:00:00,3061,588002.3759540085
2022-06-11 03:00:00,3209,609043.2429644463
2022-06-11 04:00:00,3312,623064.140204494
2022-06-11 05:00:00,3489,648594.7136514267
2022-06-11 06:00:00,3565,642905.9330581498
2022-06-11 07:00:00,3653,646610.8204424194
2022-06-11 08:00:00,3795,663622.0422054083
2022-06-11 09:00:00,3964,703007.7872456525
2022-06-11 10:00:00,4250,741330.8056636547
2022-06-11 11:00:00,4489,782687.6916980891
2022-06-11 12:00:00,4720,830612.0475518905
2022-06-11 13:00:00,4784,853020.3300065548
2022-06-11 14:00:00,4701,851637.7295622891
2022-06-11 15:00:00,4395,823769.3096411006
2022-06-11 16:00:00,3957,742963.7389522452
2022-06-11 17:00:00,3370,640150.7888132995
2022-06-11 18:00:00,2746,523512.37637826527
2022-06-11 19:00:00,2329,448849.1031279702
2022-06-11 20:00:00,2033,394020.7090273851
2022-06-11 21:00:00,1883,366504.4946107749
2022-06-11 22:00:00,1879,369774.5892204236
2022-06-11 23:00:00,2119,415853.71545797354
2022-06-12 00:00:00,2368,461236.55532805284
2022-06-12 01:00:00,2766,535393.9062956346
2022-06-12 02:00:00,3061,589845.7747016429
2022-06-12 03:00:00,3209,616612.1558904576
2022-06-12 04:00:00,3312,630097.7269710813
2022-06-12 05:00:00,3489,663112.7845822437
2022-06-12 06:00:00,3565,679157.2269154749
2022-06-12 07:00:00,3653,677889.4983577443
2022-06-12 08:00:00,3795,684301.0589346597
2022-06-12 09:00:00,3964,697369.9538631657
2022-06-12 10:00:00,4250,749558.0238292745
2022-06-12 11:00:00,4489,774064.6690990762
2022-06-12 12:00:00,4720,798431.7680737338
2022-06-12 13:00:00,4784,820768.5178594004
2022-06-12 14:00:00,4701,804812.2592859796
2022-06-12 15:00:00,4395,763865.072404771
2022-06-12 16:00:00,3957,695108.864143279
2022-06-12 17:00:00,3370,593160.0290620717
2022-06-12 18:00:00,2746,479072.62321900117
2022-06-12 19:00:00,2329,402682.99259501323
2022-06-12 20:00:00,2033,345451.81352816237
2022-06-12 21:00:00,1883,324110.2431262605
2022-06-12 22:00:00,1879,348949.77421514667
2022-06-12 23:00:00,2119,406069.1115529958
2022-06-13 00:00:00,2368,452297.7954093513
2022-06-13 01:00:00,2766,524253.59115700534
2022-06-13 02:00:00,3061,573320.3114814826
2022-06-13 03:00:00,3209,595918.6334656009
2022-06-13 04:00:00,3312,616922.4095634236
2022-06-13 05:00:00,3489,642752.3126828845
2022-06-13 06:00:00,3565,634512.6625012595
2022-06-13 07:00:00,3653,606142.8780238583
2022-06-13 08:00:00,3795,604774.1784618893
2022-06-13 09:00:00,3964,622854.1286707425
2022-06-13 10:00:00,4250,648542.9358930493
2022-06-13 11:00:00,4489,681719.6077769971
2022-06-13 12:00:00,4720,717890.3834267829
2022-06-13 13:00:00,4784,745522.5450500291
2022-06-13 14:00:00,4701,757580.9824313377
2022-06-13 15:00:00,4395,738878.2388541946
2022-06-13 16:00:00,3957,680041.0760964366
2022-06-13 17:00:00,3370,584311.7217937821
2022-06-13 18:00:00,2746,476311.83301128907
2022-06-13 19:00:00,2329,415425.0810168493
2022-06-13 20:00:00,2033,370816.36709515325
2022-06-13 21:00:00,1883,352999.9754480262
2022-06-13 22:00:00,1879,367327.7053819406
2022-06-13 23:00:00,2119,420073.3151105597
2022-06-14 00:00:00,2368,469031.8482239629
2022-06-14 01:00:00,2766,541716.969862919
2022-06-14 02:00:00,3061,590993.0221432317
2022-06-14 03:00:00,3209,615531.4113110582
2022-06-14 04:00:00,3312,628205.0406221513
2022-06-14 05:00:00,3489,652614.8322762465
2022-06-14 06:00:00,3565,636982.272537037
2022-06-14 07:00:00,3653,652402.5064642922
2022-06-14 08:00:00,3795,687382.5437431396
2022-06-14 09:00:00,3964,732185.8702797609
2022-06-14 10:00:00,4250,777398.3271289598
2022-06-14 11:00:00,4489,820346.6266505249
2022-06-14 12:00:00,4720,866617.4155027152
2022-06-14 13:00:00,4784,892901.0606904746
2022-06-14 14:00:00,4701,870539.6811848243
2022-06-14 15:00:00,4395,827434.5773146232
2022-06-14 16:00:00,3957,734341.397028845
2022-06-14 17:00:00,3370,633453.4678732099
2022-06-14 18:00:00,2746,521141.8004187229
2022-06-14 19:00:00,2329,447962.87450628605
2022-06-14 20:00:00,2033,405009.8262256796
2022-06-14 21:00:00,1883,381747.86341327813
2022-06-14 22:00:00,1879,383276.1961134589
2022-06-14 23:00:00,2119,433631.5765663008
2022-06-15 00:00:00,2368,482169.6985264189
2022-06-15 01:00:00,2766,557960.6574218335
2022-06-15 02:00:00,3061,608438.1319345987
2022-06-15 03:00:00,3209,634580.0936265949
2022-06-15 04:00:00,3312,647221.9851644054
2022-06-15 05:00:00,3489,648250.8276419389
2022-06-15 06:00:00,3565,644522.7450675382
2022-06-15 07:00:00,3653,667688.5241616749
2022-06-15 08:00:00,3795,694436.0014242852
2022-06-15 09:00:00,3964,723524.4297119045
2022-06-15 10:00:00,4250,775619.4155523513
2022-06-15 11:00:00,4489,825814.1140185968
2022-06-15 12:00:00,4720,871659.1069012218
2022-06-15 13:00:00,4784,880505.0477703711
2022-06-15 14:00:00,4701,870250.8312378766
2022-06-15 15:00:00,4395,822152.331102669
2022-06-15 16:00:00,3957,730122.021893501
2022-06-15 17:00:00,3370,623766.279158475
2022-06-15 18:00:00,2746,514383.12448513426
2022-06-15 19:00:00,2329,432082.8477176512
2022-06-15 20:00:00,2033,381248.8369367685
2022-06-15 21:00:00,1883,359543.7167834071
2022-06-15 22:00:00,1879,373652.9279987397
2022-06-15 23:00:00,2119,426046.8351516417
2022-06-16 00:00:00,2368,477874.49718947854
2022-06-16 01:00:00,2766,552460.727720891
2022-06-16 02:00:00,3061,598248.9398602517
2022-06-16 03:00:00,3209,618843.841178512
2022-06-16 04:00:00,3312,618262.5917602141
2022-06-16 05:00:00,3489,633590.0144947611
2022-06-16 06:00:00,3565,633700.1892139196
2022-06-16 07:00:00,3653,627412.4929222987
2022-06-16 08:00:00,3795,645138.270341596
2022-06-16 09:00:00,3964,692413.7139392463
2022-06-16 10:00:00,4250,728269.9746774404
2022-06-16 11:00:00,4489,763380.4495941568
2022-06-16 12:00:00,4720,794484.27450492
2022-06-16 13:00:00,4784,813759.073413529
2022-06-16 14:00:00,4701,810304.1846536752
2022-06-16 15:00:00,4395,754347.7441656773
2022-06-16 16:00:00,3957,681778.5293266559
2022-06-16 17:00:00,3370,586783.9137650349
2022-06-16 18:00:00,2746,484921.6872449085
2022-06-16 19:00:00,2329,420046.21829051484
2022-06-16 20:00:00,2033,371070.6029651587
2022-06-16 21:00:00,1883,345489.89884445164
2022-06-16 22:00:00,1879,362591.7665593989
2022-06-16 23:00:00,2119,409848.0169757035
2022-06-17 00:00:00,2368,453743.0858158362
2022-06-17 01:00:00,2766,522834.5823180567
2022-06-17 02:00:00,3061,569325.3096045443
2022-06-17 03:00:00,3209,595374.2045087692
2022-06-17 04:00:00,3312,596924.5370114546
2022-06-17 05:00:00,3489,621106.067522354
2022-06-17 06:00:00,3565,619549.9507580536
2022-06-17 07:00:00,3653,584582.713513702
2022-06-17 08:00:00,3795,585667.8282912961
2022-06-17 09:00:00,3964,613293.3020116023
2022-06-17 10:00:00,4250,656568.7154073111
2022-06-17 11:00:00,4489,695829.643308085
2022-06-17 12:00:00,4720,729452.3918598738
2022-06-17 13:00:00,4784,733169.9519430314
2022-06-17 14:00:00,4701,720574.2250111444
2022-06-17 15:00:00,4395,681628.490044757
2022-06-17 16:00:00,3957,615105.6759898878
2022-06-17 17:00:00,3370,537917.3955237503
2022-06-17 18:00:00,2746,438646.80773204204
2022-06-17 19:00:00,2329,378780.77619467303
2022-06-17 20:00:00,2033,336378.9529465732
2022-06-17 21:00:00,1883,317934.6535521367
2022-06-17 22:00:00,1879,350769.35261356446
2022-06-17 23:00:00,2119,402763.60120258166
2022-06-18 00:00:00,2368,448058.81505322823
2022-06-18 01:00:00,2766,516068.44525975466
2022-06-18 02:00:00,3061,566616.1830581722
2022-06-18 03:00:00,3209,593436.3291645772
2022-06-18 04:00:00,3312,617412.4651867806
2022-06-18 05:00:00,3489,648462.3484792166
2022-06-18 06:00:00,3565,625310.4971154908
2022-06-18 07:00:00,3653,576847.5552363707
2022-06-18 08:00:00,3795,593024.1043245471
2022-06-18 09:00:00,3964,624003.2724013817
2022-06-18 10:00:00,4250,672950.7792741065
2022-06-18 11:00:00,4489,717493.6793259317
2022-06-18 12:00:00,4720,763468.8768768361
2022-06-18 13:00:00,4784,791642.8249057594
2022-06-18 14:00:00,4701,793337.6829190182
2022-06-18 15:00:00,4395,755478.2050234807
2022-06-18 16:00:00,3957,685871.1437619628
2022-06-18 17:00:00,3370,595293.4249271819
2022-06-18 18:00:00,2746,492939.78477454116
2022-06-18 19:00:00,2329,421806.4288336295
2022-06-18 20:00:00,2033,372933.7893115858
2022-06-18 21:00:00,1883,351993.4310366575
2022-06-18 22:00:00,1879,347914.7017699484
2022-06-18 23:00:00,2119,389150.812551592
2022-06-19 00:00:00,2368,428710.73707790166
2022-06-19 01:00:00,2766,490367.6004687656
2022-06-19 02:00:00,3061,532686.6937014057
2022-06-19 03:00:00,3209,562904.0186688071
2022-06-19 04:00:00,3312,582311.6298341325
2022-06-19 05:00:00,3489,615540.6307037703
2022-06-19 06:00:00,3565,627463.9139757901
2022-06-19 07:00:00,3653,643337.8010140563
2022-06-19 08:00:00,3795,669535.0366116379
2022-06-19 09:00:00,3964,701109.6874019665
2022-06-19 10:00:00,4250,750510.895957237
2022-06-19 11:00:00,4489,784235.0085795262
2022-06-19 12:00:00,4720,815854.4998399273
2022-06-19 13:00:00,4784,832884.6877613955
2022-06-19 14:00:00,4701,826757.6135338731
2022-06-19 15:00:00,4395,784676.3147473129
2022-06-19 16:00:00,3957,710224.4998789957
2022-06-19 17:00:00,3370,611951.1938353141
2022-06-19 18:00:00,2746,502495.0027460516
2022-06-19 19:00:00,2329,427700.2035814624
2022-06-19 20:00:00,2033,376897.08204007655
2022-06-19 21:00:00,1883,355817.9964737346
2022-06-19 22:00:00,1879,362506.7302441775
2022-06-19 23:00:00,2119,411464.41063253453
2022-06-20 00:00:00,2368,459757.67007710156
2022-06-20 01:00:00,2766,529214.3482341148
2022-06-20 02:00:00,3061,578264.9281671459
2022-06-20 03:00:00,3209,601573.1810343612
2022-06-20 04:00:00,3312,616400.2240991399
2022-06-20 05:00:00,3489,637359.4246106992
2022-06-20 06:00:00,3565,632855.0405502763
2022-06-20 07:00:00,3653,646237.9864760338
2022-06-20 08:00:00,3795,681285.1973758735
2022-06-20 09:00:00,3964,695958.7641692264
2022-06-20 10:00:00,4250,752194.3195029594
2022-06-20 11:00:00,4489,781908.3177696002
2022-06-20 12:00:00,4720,812115.4522389224
2022-06-20 13:00:00,4784,812730.8316484981
2022-06-20 14:00:00,4701,796973.3760609819
2022-06-20 15:00:00,4395,753148.2540776097
2022-06-20 16:00:00,3957,681148.6518318437
2022-06-20 17:00:00,3370,581448.8717156047
2022-06-20 18:00:00,2746,484576.77551508555
2022-06-20 19:00:00,2329,412848.99706117704
2022-06-20 20:00:00,2033,364223.29005882726
2022-06-20 21:00:00,1883,346212.1107230233
2022-06-20 22:00:00,1879,363172.3486715264
2022-06-20 23:00:00,2119,427563.6641657608
2022-06-21 00:00:00,2368,475521.0665826885
2022-06-21 01:00:00,2766,548570.7821138002
2022-06-21 02:00:00,3061,599942.6683988535
2022-06-21 03:00:00,3209,619819.0894045851
2022-06-21 04:00:00,3312,626517.6670431041
2022-06-21 05:00:00,3489,654083.5467286336
2022-06-21 06:00:00,3565,664714.4513949392
2022-06-21 07:00:00,3653,665452.9025483174
2022-06-21 08:00:00,3795,671503.846857771
2022-06-21 09:00:00,3964,683723.4902609847
2022-06-21 10:00:00,4250,717959.6895074749
2022-06-21 11:00:00,4489,749609.7720114561
2022-06-21 12:00:00,4720,776348.9664015019
2022-06-21 13:00:00,4784,790041.6382849691
2022-06-21 14:00:00,4701,787529.6988433686
2022-06-21 15:00:00,4395,728275.6308740511
2022-06-21 16:00:00,3957,654505.7680219878
2022-06-21 17:00:00,3370,569026.9078762691
2022-06-21 18:00:00,2746,463872.29630045715
2022-06-21 19:00:00,2329,396038.3469949526
2022-06-21 20:00:00,2033,345147.4684842385
2022-06-21 21:00:00,1883,327783.36133027275
2022-06-21 22:00:00,1879,348971.23377600324
2022-06-21 23:00:00,2119,415086.736667317
2022-06-22 00:00:00,2368,457400.8830236646
2022-06-22 01:00:00,2766,530318.3173972946
2022-06-22 02:00:00,3061,577619.8560402431
2022-06-22 03:00:00,3209,598608.6756112202
2022-06-22 04:00:00,3312,614742.0350173491
2022-06-22 05:00:00,3489,622491.0716851654
2022-06-22 06:00:00,3565,633151.3168629648
2022-06-22 07:00:00,3653,605153.4545321172
2022-06-22 08:00:00,3795,619095.3860580021
2022-06-22 09:00:00,3964,646640.7324068963
2022-06-22 10:00:00,4250,692202.8004917131
2022-06-22 11:00:00,4489,758014.3760325173
2022-06-22 12:00:00,4720,799155.7721913785
2022-06-22 13:00:00,4784,825318.9461219801
2022-06-22 14:00:00,4701,826054.8799376849
2022-06-22 15:00:00,4395,782504.8843913913
2022-06-22 16:00:00,3957,714724.8543227214
2022-06-22 17:00:00,3370,623863.8043231741
2022-06-22 18:00:00,2746,512584.4495233121
2022-06-22 19:00:00,2329,445935.4661297489
2022-06-22 20:00:00,2033,395509.49271028937
2022-06-22 21:00:00,1883,371267.032380229
2022-06-22 22:00:00,1879,383075.77510226704
2022-06-22 23:00:00,2119,432254.5060151557
2022-06-23 00:00:00,2368,481123.0608364458
2022-06-23 01:00:00,2766,549373.401022586
2022-06-23 02:00:00,3061,594425.5937685362
2022-06-23 03:00:00,3209,617143.4752852203
2022-06-23 04:00:00,3312,619708.7582411467
2022-06-23 05:00:00,3489,647585.2589191999
2022-06-23 06:00:00,3565,656419.667294544
2022-06-23 07:00:00,3653,672376.2517729857
2022-06-23 08:00:00,3795,696727.3320633543
2022-06-23 09:00:00,3964,719315.8348597767
2022-06-23 10:00:00,4250,766902.1230504754
2022-06-23 11:00:00,4489,808768.3808685866
2022-06-23 12:00:00,4720,858678.8459172015
2022-06-23 13:00:00,4784,872441.946707107
2022-06-23 14:00:00,4701,847895.5496692954
2022-06-23 15:00:00,4395,796217.4585765725
2022-06-23 16:00:00,3957,732972.3377405653
2022-06-23 17:00:00,3370,627662.8644917445
2022-06-23 18:00:00,2746,509028.12721459876
2022-06-23 19:00:00,2329,444758.16401404457
2022-06-23 20:00:00,2033,397839.4113248644
2022-06-23 21:00:00,1883,375755.9816598786
2022-06-23 22:00:00,1879,374204.1823931289
2022-06-23 23:00:00,2119,422588.6289699448
2022-06-24 00:00:00,2368,465527.23490642704
2022-06-24 01:00:00,2766,539948.258932706
2022-06-24 02:00:00,3061,590096.8078295088
2022-06-24 03:00:00,3209,615031.2359013768
2022-06-24 04:00:00,3312,617140.4326093937
2022-06-24 05:00:00,3489,627576.1236078528
2022-06-24 06:00:00,3565,629272.9948080732
2022-06-24 07:00:00,3653,652039.210259868
2022-06-24 08:00:00,3795,682505.6075592255
2022-06-24 09:00:00,3964,698087.3097869272
2022-06-24 10:00:00,4250,747008.6513348004
2022-06-24 11:00:00,4489,781232.7312234846
2022-06-24 12:00:00,4720,817753.9053189411
2022-06-24 13:00:00,4784,819760.2418520715
2022-06-24 14:00:00,4701,813658.3004694888
2022-06-24 15:00:00,4395,774382.4739603458
2022-06-24 16:00:00,3957,712497.1781070173
2022-06-24 17:00:00,3370,615181.2993518708
2022-06-24 18:00:00,2746,508132.05647122196
2022-06-24 19:00:00,2329,435058.56048112566
2022-06-24 20:00:00,2033,379857.19214687933
2022-06-24 21:00:00,1883,359819.1858963597
2022-06-24 22:00:00,1879,381062.71824298124
2022-06-24 23:00:00,2119,430528.358836337
2022-06-25 00:00:00,2368,474856.41349017987
2022-06-25 01:00:00,2766,547271.3883700635
2022-06-25 02:00:00,3061,602519.8265002806
2022-06-25 03:00:00,3209,615445.3364622503
2022-06-25 04:00:00,3312,624729.1089111624
2022-06-25 05:00:00,3489,655430.0861204641
2022-06-25 06:00:00,3565,671078.7864586863
2022-06-25 07:00:00,3653,672816.19527149
2022-06-25 08:00:00,3795,685565.131638546
2022-06-25 09:00:00,3964,712570.8220494958
2022-06-25 10:00:00,4250,757099.1420024529
2022-06-25 11:00:00,4489,807172.9152082573
2022-06-25 12:00:00,4720,845340.6224120172
2022-06-25 13:00:00,4784,860883.2105751374
2022-06-25 14:00:00,4701,851141.5842044532
2022-06-25 15:00:00,4395,796121.7421499919
2022-06-25 16:00:00,3957,721643.2495271926
2022-06-25 17:00:00,3370,612113.7977467814
2022-06-25 18:00:00,2746,498266.79254080384
2022-06-25 19:00:00,2329,424074.1633181293
2022-06-25 20:00:00,2033,376786.9024190312
2022-06-25 21:00:00,1883,354281.1838622839
2022-06-25 22:00:00,1879,363385.5630469122
2022-06-25 23:00:00,2119,413900.72121818026
2022-06-26 00:00:00,2368,455183.46242675756
2022-06-26 01:00:00,2766,524863.5451372825
2022-06-26 02:00:00,3061,572367.6649309689
2022-06-26 03:00:00,3209,592941.3011416558
2022-06-26 04:00:00,3312,609501.8168580278
2022-06-26 05:00:00,3489,646498.0433597548
2022-06-26 06:00:00,3565,655558.3360298851
2022-06-26 07:00:00,3653,668773.5345679898
2022-06-26 08:00:00,3795,677142.9581928068
2022-06-26 09:00:00,3964,702750.4538871186
2022-06-26 10:00:00,4250,752906.6475076376
2022-06-26 11:00:00,4489,784918.4932251859
2022-06-26 12:00:00,4720,823387.3836063237
2022-06-26 13:00:00,4784,833192.1837675326
2022-06-26 14:00:00,4701,829424.676994728
2022-06-26 15:00:00,4395,765710.3985654927
2022-06-26 16:00:00,3957,699015.2167404847
2022-06-26 17:00:00,3370,592217.3172515304
2022-06-26 18:00:00,2746,479363.89488041267
2022-06-26 19:00:00,2329,405322.51888249215
2022-06-26 20:00:00,2033,356887.51994828304
2022-06-26 21:00:00,1883,333464.43376498105
2022-06-26 22:00:00,1879,351086.9795907976
2022-06-26 23:00:00,2119,400661.99540581205
2022-06-27 00:00:00,2368,443261.75336725265
2022-06-27 01:00:00,2766,514797.76878695923
2022-06-27 02:00:00,3061,562502.6608739251
2022-06-27 03:00:00,3209,587572.3727918626
2022-06-27 04:00:00,3312,599872.2781519017
2022-06-27 05:00:00,3489,628030.3412841993
2022-06-27 06:00:00,3565,612739.6793294573
2022-06-27 07:00:00,3653,576170.4801830483
2022-06-27 08:00:00,3795,571260.1529226035
2022-06-27 09:00:00,3964,582005.4060747497
2022-06-27 10:00:00,4250,619780.412750024
2022-06-27 11:00:00,4489,650933.7533813433
2022-06-27 12:00:00,4720,676982.3984666794
2022-06-27 13:00:00,4784,679178.6380927074
2022-06-27 14:00:00,4701,676052.4827548615
2022-06-27 15:00:00,4395,633167.2741345958
2022-06-27 16:00:00,3957,589976.6360887904
2022-06-27 17:00:00,3370,511351.2759987331
2022-06-27 18:00:00,2746,426640.4494571167
2022-06-27 19:00:00,2329,364014.0308049361
2022-06-27 20:00:00,2033,327977.9009951174
2022-06-27 21:00:00,1883,321873.22534582944
2022-06-27 22:00:00,1879,350819.1699523303
2022-06-27 23:00:00,2119,411463.6350893738
2022-06-28 00:00:00,2368,460768.4970252725
2022-06-28 01:00:00,2766,535213.4235123
2022-06-28 02:00:00,3061,579741.9410739626
2022-06-28 03:00:00,3209,605213.4203910189
2022-06-28 04:00:00,3312,614047.5302956314
2022-06-28 05:00:00,3489,622978.220626089
2022-06-28 06:00:00,3565,606942.324875445
2022-06-28 07:00:00,3653,557982.8336070898
2022-06-28 08:00:00,3795,574909.0127394248
2022-06-28 09:00:00,3964,598130.5846444361
2022-06-28 10:00:00,4250,644551.2247509671
2022-06-28 11:00:00,4489,691318.8687881811
2022-06-28 12:00:00,4720,733042.2076171922
2022-06-28 13:00:00,4784,746416.2248031587
2022-06-28 14:00:00,4701,738505.8129002091
2022-06-28 15:00:00,4395,688948.793966995
2022-06-28 16:00:00,3957,626878.5198585589
2022-06-28 17:00:00,3370,544269.0430971734
2022-06-28 18:00:00,2746,452274.2166393023
2022-06-28 19:00:00,2329,391223.8519192605
2022-06-28 20:00:00,2033,348680.16498057643
2022-06-28 21:00:00,1883,332489.8306902105
2022-06-28 22:00:00,1879,361708.47725149716
2022-06-28 23:00:00,2119,423742.7472757415
2022-06-29 00:00:00,2368,472229.90161645133
2022-06-29 01:00:00,2766,543354.9533591288
2022-06-29 02:00:00,3061,591323.9352219916
2022-06-29 03:00:00,3209,613857.3862377018
2022-06-29 04:00:00,3312,617356.050545576
2022-06-29 05:00:00,3489,637060.6902533162
2022-06-29 06:00:00,3565,633735.1476057663
2022-06-29 07:00:00,3653,619155.6199797151
2022-06-29 08:00:00,3795,643042.4054358111
2022-06-29 09:00:00,3964,670047.648622746
2022-06-29 10:00:00,4250,707932.1927879143
2022-06-29 11:00:00,4489,741333.7267588737
2022-06-29 12:00:00,4720,769320.6359964204
2022-06-29 13:00:00,4784,774989.7097280961
2022-06-29 14:00:00,4701,768425.4895154969
2022-06-29 15:00:00,4395,718256.5387664075
2022-06-29 16:00:00,3957,650242.3093423763
2022-06-29 17:00:00,3370,556455.7486127645
2022-06-29 18:00:00,2746,448229.1706748869
2022-06-29 19:00:00,2329,381207.28616394283
2022-06-29 20:00:00,2033,333203.8176022828
2022-06-29 21:00:00,1883,310127.53389393113
2022-06-29 22:00:00,1879,333421.44963607227
2022-06-29 23:00:00,2119,404086.62642948376
2022-06-30 00:00:00,2368,457182.21526818606
2022-06-30 01:00:00,2766,527629.5803662016
2022-06-30 02:00:00,3061,576744.3098562208
2022-06-30 03:00:00,3209,601296.253860955
2022-06-30 04:00:00,3312,606738.0384674752
2022-06-30 05:00:00,3489,617807.7738481495
2022-06-30 06:00:00,3565,621028.5991137956
2022-06-30 07:00:00,3653,621009.8260549671
2022-06-30 08:00:00,3795,647876.8155927012
2022-06-30 09:00:00,3964,677596.3349221098
2022-06-30 10:00:00,4250,721393.306652826
2022-06-30 11:00:00,4489,754818.4088161335
2022-06-30 12:00:00,4720,787445.3682371585
2022-06-30 13:00:00,4784,800820.0181959759
2022-06-30 14:00:00,4701,778450.9524469142
2022-06-30 15:00:00,4395,729487.1598629855
2022-06-30 16:00:00,3957,666669.1530043929
2022-06-30 17:00:00,3370,566942.8163596181
2022-06-30 18:00:00,2746,462767.6560713547
2022-06-30 19:00:00,2329,394530.3917399078
2022-06-30 20:00:00,2033,344669.92810605135
2022-06-30 21:00:00,1883,329570.41826048057
2022-06-30 22:00:00,1879,342657.67921705404
2022-06-30 23:00:00,2119,404837.2213246918
