2022-06-01 00:00:00,BR-CS,493.33333333333337,US-NW-BPAT,493.33333333333337,FR,493.33333333333337,ES,493.33333333333337,CA-ON,394.6666666666663
2022-06-01 01:00:00,BR-CS,576.25,US-NW-BPAT,576.25,FR,576.25,ES,576.25,CA-ON,461.0
2022-06-01 02:00:00,BR-CS,637.7083333333334,US-NW-BPAT,637.7083333333334,FR,637.7083333333334,ES,637.7083333333334,CA-ON,510.1666666666662
2022-06-01 03:00:00,BR-CS,668.5416666666667,US-NW-BPAT,668.5416666666667,FR,668.5416666666667,ES,668.5416666666667,CA-ON,534.8333333333328
2022-06-01 04:00:00,BR-CS,690.0,US-NW-BPAT,690.0,FR,690.0,ES,690.0,IT-NO,552.0
2022-06-01 05:00:00,BR-CS,726.875,US-NW-BPAT,726.875,FR,726.875,ES,726.875,IT-NO,581.5
2022-06-01 06:00:00,BR-CS,742.7083333333334,US-NW-BPAT,742.7083333333334,FR,742.7083333333334,ES,742.7083333333334,IT-NO,594.1666666666662
2022-06-01 07:00:00,BR-CS,761.0416666666667,US-NW-BPAT,761.0416666666667,FR,761.0416666666667,ES,761.0416666666667,IT-NO,608.8333333333326
2022-06-01 08:00:00,BR-CS,790.625,US-NW-BPAT,790.625,FR,790.625,ES,790.625,AU-VIC,632.5
2022-06-01 09:00:00,BR-CS,825.8333333333334,US-NW-BPAT,825.8333333333334,FR,825.8333333333334,AU-VIC,825.8333333333334,ES,660.6666666666662
2022-06-01 10:00:00,BR-CS,885.4166666666667,US-NW-BPAT,885.4166666666667,AU-VIC,885.4166666666667,FR,885.4166666666667,ES,708.3333333333326
2022-06-01 11:00:00,BR-CS,935.2083333333334,US-NW-BPAT,935.2083333333334,AU-VIC,935.2083333333334,FR,935.2083333333334,ES,748.1666666666662
2022-06-01 12:00:00,BR-CS,983.3333333333334,US-NW-BPAT,983.3333333333334,AU-VIC,983.3333333333334,FR,983.3333333333334,ES,786.6666666666662
2022-06-01 13:00:00,BR-CS,996.6666666666667,US-NW-BPAT,996.6666666666667,AU-VIC,996.6666666666667,FR,996.6666666666667,ES,797.3333333333326
2022-06-01 14:00:00,BR-CS,979.375,US-NW-BPAT,979.375,AU-VIC,979.375,FR,979.375,ES,783.5
2022-06-01 15:00:00,BR-CS,915.625,US-NW-BPAT,915.625,AU-VIC,915.625,FR,915.625,ES,732.5
2022-06-01 16:00:00,BR-CS,824.375,US-NW-BPAT,824.375,AU-VIC,824.375,FR,824.375,ES,659.5
2022-06-01 17:00:00,BR-CS,702.0833333333334,US-NW-BPAT,702.0833333333334,AU-VIC,702.0833333333334,FR,702.0833333333334,ES,561.6666666666662
2022-06-01 18:00:00,BR-CS,572.0833333333334,AU-VIC,572.0833333333334,US-NW-BPAT,572.0833333333334,FR,572.0833333333334,ES,457.6666666666662
2022-06-01 19:00:00,BR-CS,485.20833333333337,AU-VIC,485.20833333333337,US-NW-BPAT,485.20833333333337,FR,485.20833333333337,ES,388.1666666666663
2022-06-01 20:00:00,BR-CS,423.5416666666667,AU-VIC,423.5416666666667,US-NW-BPAT,423.5416666666667,FR,423.5416666666667,ES,338.8333333333331
2022-06-01 21:00:00,BR-CS,392.2916666666667,AU-VIC,392.2916666666667,US-NW-BPAT,392.2916666666667,FR,392.2916666666667,ES,313.8333333333331
2022-06-01 22:00:00,BR-CS,391.45833333333337,US-NW-BPAT,391.45833333333337,FR,391.45833333333337,AU-VIC,391.45833333333337,ES,313.1666666666663
2022-06-01 23:00:00,BR-CS,441.45833333333337,US-NW-BPAT,441.45833333333337,FR,441.45833333333337,ES,441.45833333333337,IT-NO,353.1666666666663
2022-06-02 00:00:00,BR-CS,493.33333333333337,US-NW-BPAT,493.33333333333337,FR,493.33333333333337,ES,493.33333333333337,IT-NO,394.6666666666663
2022-06-02 01:00:00,BR-CS,576.25,US-NW-BPAT,576.25,FR,576.25,ES,576.25,CA-ON,461.0
2022-06-02 02:00:00,BR-CS,637.7083333333334,US-NW-BPAT,637.7083333333334,FR,637.7083333333334,ES,637.7083333333334,IT-NO,510.1666666666662
2022-06-02 03:00:00,BR-CS,668.5416666666667,US-NW-BPAT,668.5416666666667,FR,668.5416666666667,ES,668.5416666666667,CA-ON,534.8333333333328
2022-06-02 04:00:00,BR-CS,690.0,US-NW-BPAT,690.0,FR,690.0,ES,690.0,IT-NO,552.0
2022-06-02 05:00:00,BR-CS,726.875,US-NW-BPAT,726.875,FR,726.875,ES,726.875,CA-ON,581.5
2022-06-02 06:00:00,BR-CS,742.7083333333334,US-NW-BPAT,742.7083333333334,AU-VIC,742.7083333333334,FR,742.7083333333334,ES,594.1666666666662
2022-06-02 07:00:00,BR-CS,761.0416666666667,US-NW-BPAT,761.0416666666667,AU-VIC,761.0416666666667,FR,761.0416666666667,ES,608.8333333333326
2022-06-02 08:00:00,BR-CS,790.625,US-NW-BPAT,790.625,AU-VIC,790.625,FR,790.625,ES,632.5
2022-06-02 09:00:00,BR-CS,825.8333333333334,US-NW-BPAT,825.8333333333334,AU-VIC,825.8333333333334,FR,825.8333333333334,ES,660.6666666666662
2022-06-02 10:00:00,BR-CS,885.4166666666667,US-NW-BPAT,885.4166666666667,AU-VIC,885.4166666666667,FR,885.4166666666667,ES,708.3333333333326
2022-06-02 11:00:00,BR-CS,935.2083333333334,US-NW-BPAT,935.2083333333334,AU-VIC,935.2083333333334,FR,935.2083333333334,ES,748.1666666666662
2022-06-02 12:00:00,BR-CS,983.3333333333334,US-NW-BPAT,983.3333333333334,AU-VIC,983.3333333333334,ES,983.3333333333334,FR,786.6666666666662
2022-06-02 13:00:00,BR-CS,996.6666666666667,US-NW-BPAT,996.6666666666667,AU-VIC,996.6666666666667,FR,996.6666666666667,ES,797.3333333333326
2022-06-02 14:00:00,BR-CS,979.375,US-NW-BPAT,979.375,AU-VIC,979.375,FR,979.375,ES,783.5
2022-06-02 15:00:00,BR-CS,915.625,US-NW-BPAT,915.625,AU-VIC,915.625,FR,915.625,ES,732.5
2022-06-02 16:00:00,BR-CS,824.375,US-NW-BPAT,824.375,AU-VIC,824.375,FR,824.375,ES,659.5
2022-06-02 17:00:00,BR-CS,702.0833333333334,US-NW-BPAT,702.0833333333334,FR,702.0833333333334,AU-VIC,702.0833333333334,ES,561.6666666666662
2022-06-02 18:00:00,BR-CS,572.0833333333334,US-NW-BPAT,572.0833333333334,FR,572.0833333333334,AU-VIC,572.0833333333334,ES,457.6666666666662
2022-06-02 19:00:00,BR-CS,485.20833333333337,US-NW-BPAT,485.20833333333337,FR,485.20833333333337,AU-VIC,485.20833333333337,ES,388.1666666666663
2022-06-02 20:00:00,BR-CS,423.5416666666667,US-NW-BPAT,423.5416666666667,FR,423.5416666666667,AU-VIC,423.5416666666667,ES,338.8333333333331
2022-06-02 21:00:00,BR-CS,392.2916666666667,US-NW-BPAT,392.2916666666667,FR,392.2916666666667,AU-VIC,392.2916666666667,ES,313.8333333333331
2022-06-02 22:00:00,BR-CS,391.45833333333337,US-NW-BPAT,391.45833333333337,FR,391.45833333333337,ES,391.45833333333337,CA-ON,313.1666666666663
2022-06-02 23:00:00,BR-CS,441.45833333333337,US-NW-BPAT,441.45833333333337,FR,441.45833333333337,ES,441.45833333333337,CA-ON,353.1666666666663
2022-06-03 00:00:00,BR-CS,493.33333333333337,US-NW-BPAT,493.33333333333337,FR,493.33333333333337,ES,493.33333333333337,IT-NO,394.6666666666663
2022-06-03 01:00:00,BR-CS,576.25,US-NW-BPAT,576.25,FR,576.25,ES,576.25,IT-NO,461.0
2022-06-03 02:00:00,BR-CS,637.7083333333334,US-NW-BPAT,637.7083333333334,FR,637.7083333333334,ES,637.7083333333334,CA-ON,510.1666666666662
2022-06-03 03:00:00,BR-CS,668.5416666666667,US-NW-BPAT,668.5416666666667,FR,668.5416666666667,ES,668.5416666666667,CA-ON,534.8333333333328
2022-06-03 04:00:00,BR-CS,690.0,US-NW-BPAT,690.0,FR,690.0,ES,690.0,IT-NO,552.0
2022-06-03 05:00:00,BR-CS,726.875,US-NW-BPAT,726.875,FR,726.875,ES,726.875,IT-NO,581.5
2022-06-03 06:00:00,BR-CS,742.7083333333334,US-NW-BPAT,742.7083333333334,FR,742.7083333333334,ES,742.7083333333334,IT-NO,594.1666666666662
2022-06-03 07:00:00,BR-CS,761.0416666666667,US-NW-BPAT,761.0416666666667,FR,761.0416666666667,ES,761.0416666666667,IT-NO,608.8333333333326
2022-06-03 08:00:00,BR-CS,790.625,US-NW-BPAT,790.625,FR,790.625,ES,790.625,IT-NO,632.5
2022-06-03 09:00:00,BR-CS,825.8333333333334,US-NW-BPAT,825.8333333333334,FR,825.8333333333334,ES,825.8333333333334,AU-VIC,660.6666666666662
2022-06-03 10:00:00,BR-CS,885.4166666666667,US-NW-BPAT,885.4166666666667,FR,885.4166666666667,ES,885.4166666666667,AU-VIC,708.3333333333326
2022-06-03 11:00:00,BR-CS,935.2083333333334,US-NW-BPAT,935.2083333333334,FR,935.2083333333334,ES,935.2083333333334,AU-VIC,748.1666666666662
2022-06-03 12:00:00,BR-CS,983.3333333333334,US-NW-BPAT,983.3333333333334,FR,983.3333333333334,ES,983.3333333333334,IT-NO,786.6666666666662
2022-06-03 13:00:00,BR-CS,996.6666666666667,US-NW-BPAT,996.6666666666667,FR,996.6666666666667,ES,996.6666666666667,IT-NO,797.3333333333326
2022-06-03 14:00:00,BR-CS,979.375,US-NW-BPAT,979.375,FR,979.375,ES,979.375,IT-NO,783.5
2022-06-03 15:00:00,BR-CS,915.625,US-NW-BPAT,915.625,FR,915.625,ES,915.625,IT-NO,732.5
2022-06-03 16:00:00,BR-CS,824.375,US-NW-BPAT,824.375,FR,824.375,ES,824.375,IT-NO,659.5
2022-06-03 17:00:00,BR-CS,702.0833333333334,US-NW-BPAT,702.0833333333334,FR,702.0833333333334,ES,702.0833333333334,IT-NO,561.6666666666662
2022-06-03 18:00:00,BR-CS,572.0833333333334,US-NW-BPAT,572.0833333333334,FR,572.0833333333334,ES,572.0833333333334,IT-NO,457.6666666666662
2022-06-03 19:00:00,BR-CS,485.20833333333337,US-NW-BPAT,485.20833333333337,FR,485.20833333333337,ES,485.20833333333337,IT-NO,388.1666666666663
2022-06-03 20:00:00,BR-CS,423.5416666666667,US-NW-BPAT,423.5416666666667,FR,423.5416666666667,ES,423.5416666666667,IT-NO,338.8333333333331
2022-06-03 21:00:00,BR-CS,392.2916666666667,US-NW-BPAT,392.2916666666667,FR,392.2916666666667,ES,392.2916666666667,CA-ON,313.8333333333331
2022-06-03 22:00:00,BR-CS,391.45833333333337,US-NW-BPAT,391.45833333333337,FR,391.45833333333337,ES,391.45833333333337,IT-NO,313.1666666666663
2022-06-03 23:00:00,BR-CS,441.45833333333337,US-NW-BPAT,441.45833333333337,FR,441.45833333333337,ES,441.45833333333337,IT-NO,353.1666666666663
2022-06-04 00:00:00,BR-CS,493.33333333333337,US-NW-BPAT,493.33333333333337,FR,493.33333333333337,ES,493.33333333333337,IT-NO,394.6666666666663
2022-06-04 01:00:00,BR-CS,576.25,US-NW-BPAT,576.25,FR,576.25,ES,576.25,CA-ON,461.0
2022-06-04 02:00:00,BR-CS,637.7083333333334,US-NW-BPAT,637.7083333333334,FR,637.7083333333334,ES,637.7083333333334,CA-ON,510.1666666666662
2022-06-04 03:00:00,BR-CS,668.5416666666667,US-NW-BPAT,668.5416666666667,FR,668.5416666666667,ES,668.5416666666667,CA-ON,534.8333333333328
2022-06-04 04:00:00,BR-CS,690.0,US-NW-BPAT,690.0,FR,690.0,ES,690.0,CA-ON,552.0
2022-06-04 05:00:00,BR-CS,726.875,US-NW-BPAT,726.875,FR,726.875,ES,726.875,CA-ON,581.5
2022-06-04 06:00:00,BR-CS,742.7083333333334,US-NW-BPAT,742.7083333333334,FR,742.7083333333334,ES,742.7083333333334,IT-NO,594.1666666666662
2022-06-04 07:00:00,BR-CS,761.0416666666667,US-NW-BPAT,761.0416666666667,FR,761.0416666666667,ES,761.0416666666667,IT-NO,608.8333333333326
2022-06-04 08:00:00,BR-CS,790.625,US-NW-BPAT,790.625,FR,790.625,ES,790.625,IT-NO,632.5
2022-06-04 09:00:00,BR-CS,825.8333333333334,US-NW-BPAT,825.8333333333334,FR,825.8333333333334,ES,825.8333333333334,IT-NO,660.6666666666662
2022-06-04 10:00:00,BR-CS,885.4166666666667,US-NW-BPAT,885.4166666666667,FR,885.4166666666667,ES,885.4166666666667,IT-NO,708.3333333333326
2022-06-04 11:00:00,BR-CS,935.2083333333334,US-NW-BPAT,935.2083333333334,FR,935.2083333333334,ES,935.2083333333334,IT-NO,748.1666666666662
2022-06-04 12:00:00,BR-CS,983.3333333333334,US-NW-BPAT,983.3333333333334,FR,983.3333333333334,ES,983.3333333333334,IT-NO,786.6666666666662
2022-06-04 13:00:00,BR-CS,996.6666666666667,US-NW-BPAT,996.6666666666667,FR,996.6666666666667,ES,996.6666666666667,IT-NO,797.3333333333326
2022-06-04 14:00:00,BR-CS,979.375,US-NW-BPAT,979.375,FR,979.375,ES,979.375,IT-NO,783.5
2022-06-04 15:00:00,BR-CS,915.625,US-NW-BPAT,915.625,FR,915.625,ES,915.625,CA-ON,732.5
2022-06-04 16:00:00,BR-CS,824.375,US-NW-BPAT,824.375,FR,824.375,ES,824.375,IT-NO,659.5
2022-06-04 17:00:00,BR-CS,702.0833333333334,US-NW-BPAT,702.0833333333334,FR,702.0833333333334,ES,702.0833333333334,IT-NO,561.6666666666662
2022-06-04 18:00:00,BR-CS,572.0833333333334,US-NW-BPAT,572.0833333333334,FR,572.0833333333334,ES,572.0833333333334,IT-NO,457.6666666666662
2022-06-04 19:00:00,BR-CS,485.20833333333337,US-NW-BPAT,485.20833333333337,FR,485.20833333333337,ES,485.20833333333337,IT-NO,388.1666666666663
2022-06-04 20:00:00,BR-CS,423.5416666666667,US-NW-BPAT,423.5416666666667,FR,423.5416666666667,ES,423.5416666666667,IT-NO,338.8333333333331
2022-06-04 21:00:00,BR-CS,392.2916666666667,US-NW-BPAT,392.2916666666667,FR,392.2916666666667,ES,392.2916666666667,CA-ON,313.8333333333331
2022-06-04 22:00:00,BR-CS,391.45833333333337,US-NW-BPAT,391.45833333333337,FR,391.45833333333337,ES,391.45833333333337,IT-NO,313.1666666666663
2022-06-04 23:00:00,BR-CS,441.45833333333337,US-NW-BPAT,441.45833333333337,FR,441.45833333333337,ES,441.45833333333337,IT-NO,353.1666666666663
2022-06-05 00:00:00,BR-CS,493.33333333333337,US-NW-BPAT,493.33333333333337,FR,493.33333333333337,ES,493.33333333333337,IT-NO,394.6666666666663
2022-06-05 01:00:00,BR-CS,576.25,US-NW-BPAT,576.25,FR,576.25,ES,576.25,IT-NO,461.0
2022-06-05 02:00:00,BR-CS,637.7083333333334,US-NW-BPAT,637.7083333333334,FR,637.7083333333334,ES,637.7083333333334,IT-NO,510.1666666666662
2022-06-05 03:00:00,BR-CS,668.5416666666667,US-NW-BPAT,668.5416666666667,FR,668.5416666666667,ES,668.5416666666667,IT-NO,534.8333333333328
2022-06-05 04:00:00,BR-CS,690.0,US-NW-BPAT,690.0,FR,690.0,ES,690.0,IT-NO,552.0
2022-06-05 05:00:00,BR-CS,726.875,US-NW-BPAT,726.875,FR,726.875,ES,726.875,IT-NO,581.5
2022-06-05 06:00:00,BR-CS,742.7083333333334,US-NW-BPAT,742.7083333333334,FR,742.7083333333334,ES,742.7083333333334,CA-ON,594.1666666666662
2022-06-05 07:00:00,BR-CS,761.0416666666667,US-NW-BPAT,761.0416666666667,FR,761.0416666666667,ES,761.0416666666667,CA-ON,608.8333333333326
2022-06-05 08:00:00,BR-CS,790.625,US-NW-BPAT,790.625,FR,790.625,ES,790.625,IT-NO,632.5
2022-06-05 09:00:00,BR-CS,825.8333333333334,US-NW-BPAT,825.8333333333334,FR,825.8333333333334,ES,825.8333333333334,IT-NO,660.6666666666662
2022-06-05 10:00:00,BR-CS,885.4166666666667,US-NW-BPAT,885.4166666666667,FR,885.4166666666667,ES,885.4166666666667,IT-NO,708.3333333333326
2022-06-05 11:00:00,BR-CS,935.2083333333334,US-NW-BPAT,935.2083333333334,FR,935.2083333333334,ES,935.2083333333334,IT-NO,748.1666666666662
2022-06-05 12:00:00,BR-CS,983.3333333333334,US-NW-BPAT,983.3333333333334,FR,983.3333333333334,ES,983.3333333333334,IT-NO,786.6666666666662
2022-06-05 13:00:00,BR-CS,996.6666666666667,US-NW-BPAT,996.6666666666667,FR,996.6666666666667,ES,996.6666666666667,IT-NO,797.3333333333326
2022-06-05 14:00:00,BR-CS,979.375,US-NW-BPAT,979.375,FR,979.375,ES,979.375,IT-NO,783.5
2022-06-05 15:00:00,BR-CS,915.625,US-NW-BPAT,915.625,FR,915.625,ES,915.625,IT-NO,732.5
2022-06-05 16:00:00,BR-CS,824.375,US-NW-BPAT,824.375,FR,824.375,ES,824.375,IT-NO,659.5
2022-06-05 17:00:00,BR-CS,702.0833333333334,US-NW-BPAT,702.0833333333334,FR,702.0833333333334,ES,702.0833333333334,IT-NO,561.6666666666662
2022-06-05 18:00:00,BR-CS,572.0833333333334,US-NW-BPAT,572.0833333333334,FR,572.0833333333334,ES,572.0833333333334,IT-NO,457.6666666666662
2022-06-05 19:00:00,BR-CS,485.20833333333337,US-NW-BPAT,485.20833333333337,FR,485.20833333333337,ES,485.20833333333337,IT-NO,388.1666666666663
2022-06-05 20:00:00,BR-CS,423.5416666666667,US-NW-BPAT,423.5416666666667,FR,423.5416666666667,ES,423.5416666666667,IT-NO,338.8333333333331
2022-06-05 21:00:00,BR-CS,392.2916666666667,US-NW-BPAT,392.2916666666667,FR,392.2916666666667,ES,392.2916666666667,IT-NO,313.8333333333331
2022-06-05 22:00:00,BR-CS,391.45833333333337,US-NW-BPAT,391.45833333333337,FR,391.45833333333337,ES,391.45833333333337,CA-ON,313.1666666666663
2022-06-05 23:00:00,BR-CS,441.45833333333337,US-NW-BPAT,441.45833333333337,FR,441.45833333333337,ES,441.45833333333337,CA-ON,353.1666666666663
2022-06-06 00:00:00,BR-CS,493.33333333333337,US-NW-BPAT,493.33333333333337,FR,493.33333333333337,ES,493.33333333333337,CA-ON,394.6666666666663
2022-06-06 01:00:00,BR-CS,576.25,US-NW-BPAT,576.25,FR,576.25,ES,576.25,CA-ON,461.0
2022-06-06 02:00:00,BR-CS,637.7083333333334,US-NW-BPAT,637.7083333333334,FR,637.7083333333334,ES,637.7083333333334,CA-ON,510.1666666666662
2022-06-06 03:00:00,BR-CS,668.5416666666667,US-NW-BPAT,668.5416666666667,FR,668.5416666666667,ES,668.5416666666667,CA-ON,534.8333333333328
2022-06-06 04:00:00,BR-CS,690.0,US-NW-BPAT,690.0,FR,690.0,ES,690.0,IT-NO,552.0
2022-06-06 05:00:00,BR-CS,726.875,US-NW-BPAT,726.875,FR,726.875,ES,726.875,IT-NO,581.5
2022-06-06 06:00:00,BR-CS,742.7083333333334,US-NW-BPAT,742.7083333333334,FR,742.7083333333334,ES,742.7083333333334,IT-NO,594.1666666666662
2022-06-06 07:00:00,BR-CS,761.0416666666667,US-NW-BPAT,761.0416666666667,FR,761.0416666666667,ES,761.0416666666667,IT-NO,608.8333333333326
2022-06-06 08:00:00,BR-CS,790.625,US-NW-BPAT,790.625,FR,790.625,ES,790.625,IT-NO,632.5
2022-06-06 09:00:00,BR-CS,825.8333333333334,US-NW-BPAT,825.8333333333334,FR,825.8333333333334,ES,825.8333333333334,IT-NO,660.6666666666662
2022-06-06 10:00:00,BR-CS,885.4166666666667,US-NW-BPAT,885.4166666666667,FR,885.4166666666667,ES,885.4166666666667,IT-NO,708.3333333333326
2022-06-06 11:00:00,BR-CS,935.2083333333334,US-NW-BPAT,935.2083333333334,FR,935.2083333333334,ES,935.2083333333334,IT-NO,748.1666666666662
2022-06-06 12:00:00,BR-CS,983.3333333333334,US-NW-BPAT,983.3333333333334,FR,983.3333333333334,ES,983.3333333333334,IT-NO,786.6666666666662
2022-06-06 13:00:00,BR-CS,996.6666666666667,US-NW-BPAT,996.6666666666667,FR,996.6666666666667,ES,996.6666666666667,IT-NO,797.3333333333326
2022-06-06 14:00:00,BR-CS,979.375,US-NW-BPAT,979.375,FR,979.375,ES,979.375,IT-NO,783.5
2022-06-06 15:00:00,BR-CS,915.625,US-NW-BPAT,915.625,FR,915.625,ES,915.625,IT-NO,732.5
2022-06-06 16:00:00,BR-CS,824.375,US-NW-BPAT,824.375,FR,824.375,ES,824.375,IT-NO,659.5
2022-06-06 17:00:00,BR-CS,702.0833333333334,US-NW-BPAT,702.0833333333334,FR,702.0833333333334,ES,702.0833333333334,IT-NO,561.6666666666662
2022-06-06 18:00:00,BR-CS,572.0833333333334,FR,572.0833333333334,US-NW-BPAT,572.0833333333334,ES,572.0833333333334,IT-NO,457.6666666666662
2022-06-06 19:00:00,BR-CS,485.20833333333337,FR,485.20833333333337,US-NW-BPAT,485.20833333333337,ES,485.20833333333337,IT-NO,388.1666666666663
2022-06-06 20:00:00,BR-CS,423.5416666666667,FR,423.5416666666667,US-NW-BPAT,423.5416666666667,ES,423.5416666666667,IT-NO,338.8333333333331
2022-06-06 21:00:00,BR-CS,392.2916666666667,FR,392.2916666666667,US-NW-BPAT,392.2916666666667,ES,392.2916666666667,IT-NO,313.8333333333331
2022-06-06 22:00:00,BR-CS,391.45833333333337,US-NW-BPAT,391.45833333333337,FR,391.45833333333337,ES,391.45833333333337,CA-ON,313.1666666666663
2022-06-06 23:00:00,BR-CS,441.45833333333337,US-NW-BPAT,441.45833333333337,FR,441.45833333333337,ES,441.45833333333337,CA-ON,353.1666666666663
2022-06-07 00:00:00,BR-CS,493.33333333333337,US-NW-BPAT,493.33333333333337,FR,493.33333333333337,ES,493.33333333333337,CA-ON,394.6666666666663
2022-06-07 01:00:00,BR-CS,576.25,US-NW-BPAT,576.25,FR,576.25,ES,576.25,CA-ON,461.0
2022-06-07 02:00:00,BR-CS,637.7083333333334,US-NW-BPAT,637.7083333333334,FR,637.7083333333334,ES,637.7083333333334,CA-ON,510.1666666666662
2022-06-07 03:00:00,BR-CS,668.5416666666667,US-NW-BPAT,668.5416666666667,FR,668.5416666666667,ES,668.5416666666667,CA-ON,534.8333333333328
2022-06-07 04:00:00,BR-CS,690.0,US-NW-BPAT,690.0,FR,690.0,ES,690.0,IT-NO,552.0
2022-06-07 05:00:00,BR-CS,726.875,US-NW-BPAT,726.875,FR,726.875,ES,726.875,IT-NO,581.5
2022-06-07 06:00:00,BR-CS,742.7083333333334,US-NW-BPAT,742.7083333333334,FR,742.7083333333334,ES,742.7083333333334,IT-NO,594.1666666666662
2022-06-07 07:00:00,BR-CS,761.0416666666667,US-NW-BPAT,761.0416666666667,FR,761.0416666666667,ES,761.0416666666667,IT-NO,608.8333333333326
2022-06-07 08:00:00,BR-CS,790.625,US-NW-BPAT,790.625,FR,790.625,ES,790.625,IT-NO,632.5
2022-06-07 09:00:00,BR-CS,825.8333333333334,US-NW-BPAT,825.8333333333334,FR,825.8333333333334,ES,825.8333333333334,IT-NO,660.6666666666662
2022-06-07 10:00:00,BR-CS,885.4166666666667,US-NW-BPAT,885.4166666666667,FR,885.4166666666667,ES,885.4166666666667,IT-NO,708.3333333333326
2022-06-07 11:00:00,BR-CS,935.2083333333334,US-NW-BPAT,935.2083333333334,FR,935.2083333333334,ES,935.2083333333334,IT-NO,748.1666666666662
2022-06-07 12:00:00,BR-CS,983.3333333333334,US-NW-BPAT,983.3333333333334,FR,983.3333333333334,ES,983.3333333333334,IT-NO,786.6666666666662
2022-06-07 13:00:00,BR-CS,996.6666666666667,US-NW-BPAT,996.6666666666667,FR,996.6666666666667,ES,996.6666666666667,IT-NO,797.3333333333326
2022-06-07 14:00:00,BR-CS,979.375,US-NW-BPAT,979.375,FR,979.375,ES,979.375,IT-NO,783.5
2022-06-07 15:00:00,BR-CS,915.625,US-NW-BPAT,915.625,FR,915.625,ES,915.625,IT-NO,732.5
2022-06-07 16:00:00,BR-CS,824.375,US-NW-BPAT,824.375,FR,824.375,ES,824.375,IT-NO,659.5
2022-06-07 17:00:00,BR-CS,702.0833333333334,US-NW-BPAT,702.0833333333334,FR,702.0833333333334,ES,702.0833333333334,IT-NO,561.6666666666662
2022-06-07 18:00:00,BR-CS,572.0833333333334,FR,572.0833333333334,US-NW-BPAT,572.0833333333334,IT-NO,572.0833333333334,ES,457.6666666666662
2022-06-07 19:00:00,BR-CS,485.20833333333337,FR,485.20833333333337,US-NW-BPAT,485.20833333333337,IT-NO,485.20833333333337,ES,388.1666666666663
2022-06-07 20:00:00,BR-CS,423.5416666666667,FR,423.5416666666667,US-NW-BPAT,423.5416666666667,ES,423.5416666666667,CA-ON,338.8333333333331
2022-06-07 21:00:00,BR-CS,392.2916666666667,FR,392.2916666666667,US-NW-BPAT,392.2916666666667,ES,392.2916666666667,CA-ON,313.8333333333331
2022-06-07 22:00:00,BR-CS,391.45833333333337,US-NW-BPAT,391.45833333333337,FR,391.45833333333337,ES,391.45833333333337,CA-ON,313.1666666666663
2022-06-07 23:00:00,BR-CS,441.45833333333337,US-NW-BPAT,441.45833333333337,FR,441.45833333333337,ES,441.45833333333337,CA-ON,353.1666666666663
2022-06-08 00:00:00,BR-CS,493.33333333333337,US-NW-BPAT,493.33333333333337,FR,493.33333333333337,ES,493.33333333333337,CA-ON,394.6666666666663
2022-06-08 01:00:00,BR-CS,576.25,US-NW-BPAT,576.25,FR,576.25,ES,576.25,CA-ON,461.0
2022-06-08 02:00:00,BR-CS,637.7083333333334,US-NW-BPAT,637.7083333333334,FR,637.7083333333334,ES,637.7083333333334,CA-ON,510.1666666666662
2022-06-08 03:00:00,BR-CS,668.5416666666667,US-NW-BPAT,668.5416666666667,FR,668.5416666666667,ES,668.5416666666667,CA-ON,534.8333333333328
2022-06-08 04:00:00,BR-CS,690.0,US-NW-BPAT,690.0,FR,690.0,ES,690.0,CA-ON,552.0
2022-06-08 05:00:00,BR-CS,726.875,US-NW-BPAT,726.875,FR,726.875,ES,726.875,IT-NO,581.5
2022-06-08 06:00:00,BR-CS,742.7083333333334,US-NW-BPAT,742.7083333333334,FR,742.7083333333334,ES,742.7083333333334,IT-NO,594.1666666666662
2022-06-08 07:00:00,BR-CS,761.0416666666667,US-NW-BPAT,761.0416666666667,FR,761.0416666666667,ES,761.0416666666667,IT-NO,608.8333333333326
2022-06-08 08:00:00,BR-CS,790.625,US-NW-BPAT,790.625,FR,790.625,ES,790.625,IT-NO,632.5
2022-06-08 09:00:00,BR-CS,825.8333333333334,US-NW-BPAT,825.8333333333334,FR,825.8333333333334,ES,825.8333333333334,IT-NO,660.6666666666662
2022-06-08 10:00:00,BR-CS,885.4166666666667,US-NW-BPAT,885.4166666666667,FR,885.4166666666667,ES,885.4166666666667,IT-NO,708.3333333333326
2022-06-08 11:00:00,BR-CS,935.2083333333334,US-NW-BPAT,935.2083333333334,FR,935.2083333333334,ES,935.2083333333334,IT-NO,748.1666666666662
2022-06-08 12:00:00,BR-CS,983.3333333333334,US-NW-BPAT,983.3333333333334,FR,983.3333333333334,ES,983.3333333333334,IT-NO,786.6666666666662
2022-06-08 13:00:00,BR-CS,996.6666666666667,US-NW-BPAT,996.6666666666667,FR,996.6666666666667,ES,996.6666666666667,IT-NO,797.3333333333326
2022-06-08 14:00:00,BR-CS,979.375,US-NW-BPAT,979.375,FR,979.375,ES,979.375,IT-NO,783.5
2022-06-08 15:00:00,BR-CS,915.625,US-NW-BPAT,915.625,FR,915.625,ES,915.625,IT-NO,732.5
2022-06-08 16:00:00,BR-CS,824.375,US-NW-BPAT,824.375,FR,824.375,ES,824.375,IT-NO,659.5
2022-06-08 17:00:00,BR-CS,702.0833333333334,US-NW-BPAT,702.0833333333334,FR,702.0833333333334,ES,702.0833333333334,IT-NO,561.6666666666662
2022-06-08 18:00:00,BR-CS,572.0833333333334,US-NW-BPAT,572.0833333333334,FR,572.0833333333334,ES,572.0833333333334,IT-NO,457.6666666666662
2022-06-08 19:00:00,BR-CS,485.20833333333337,FR,485.20833333333337,US-NW-BPAT,485.20833333333337,ES,485.20833333333337,IT-NO,388.1666666666663
2022-06-08 20:00:00,BR-CS,423.5416666666667,FR,423.5416666666667,US-NW-BPAT,423.5416666666667,ES,423.5416666666667,IT-NO,338.8333333333331
2022-06-08 21:00:00,BR-CS,392.2916666666667,FR,392.2916666666667,US-NW-BPAT,392.2916666666667,ES,392.2916666666667,IT-NO,313.8333333333331
2022-06-08 22:00:00,BR-CS,391.45833333333337,US-NW-BPAT,391.45833333333337,FR,391.45833333333337,ES,391.45833333333337,IT-NO,313.1666666666663
2022-06-08 23:00:00,BR-CS,441.45833333333337,US-NW-BPAT,441.45833333333337,FR,441.45833333333337,ES,441.45833333333337,IT-NO,353.1666666666663
2022-06-09 00:00:00,BR-CS,493.33333333333337,US-NW-BPAT,493.33333333333337,FR,493.33333333333337,ES,493.33333333333337,CA-ON,394.6666666666663
2022-06-09 01:00:00,BR-CS,576.25,US-NW-BPAT,576.25,FR,576.25,ES,576.25,CA-ON,461.0
2022-06-09 02:00:00,BR-CS,637.7083333333334,US-NW-BPAT,637.7083333333334,FR,637.7083333333334,ES,637.7083333333334,CA-ON,510.1666666666662
2022-06-09 03:00:00,BR-CS,668.5416666666667,US-NW-BPAT,668.5416666666667,FR,668.5416666666667,ES,668.5416666666667,CA-ON,534.8333333333328
2022-06-09 04:00:00,BR-CS,690.0,US-NW-BPAT,690.0,FR,690.0,ES,690.0,IT-NO,552.0
2022-06-09 05:00:00,BR-CS,726.875,US-NW-BPAT,726.875,FR,726.875,ES,726.875,IT-NO,581.5
2022-06-09 06:00:00,BR-CS,742.7083333333334,US-NW-BPAT,742.7083333333334,FR,742.7083333333334,ES,742.7083333333334,IT-NO,594.1666666666662
2022-06-09 07:00:00,BR-CS,761.0416666666667,US-NW-BPAT,761.0416666666667,FR,761.0416666666667,ES,761.0416666666667,IT-NO,608.8333333333326
2022-06-09 08:00:00,BR-CS,790.625,US-NW-BPAT,790.625,FR,790.625,ES,790.625,IT-NO,632.5
2022-06-09 09:00:00,BR-CS,825.8333333333334,US-NW-BPAT,825.8333333333334,FR,825.8333333333334,ES,825.8333333333334,IT-NO,660.6666666666662
2022-06-09 10:00:00,BR-CS,885.4166666666667,US-NW-BPAT,885.4166666666667,FR,885.4166666666667,ES,885.4166666666667,IT-NO,708.3333333333326
2022-06-09 11:00:00,BR-CS,935.2083333333334,US-NW-BPAT,935.2083333333334,ES,935.2083333333334,FR,935.2083333333334,IT-NO,748.1666666666662
2022-06-09 12:00:00,BR-CS,983.3333333333334,US-NW-BPAT,983.3333333333334,FR,983.3333333333334,ES,983.3333333333334,IT-NO,786.6666666666662
2022-06-09 13:00:00,BR-CS,996.6666666666667,US-NW-BPAT,996.6666666666667,FR,996.6666666666667,ES,996.6666666666667,IT-NO,797.3333333333326
2022-06-09 14:00:00,BR-CS,979.375,US-NW-BPAT,979.375,FR,979.375,ES,979.375,IT-NO,783.5
2022-06-09 15:00:00,BR-CS,915.625,US-NW-BPAT,915.625,FR,915.625,ES,915.625,IT-NO,732.5
2022-06-09 16:00:00,BR-CS,824.375,US-NW-BPAT,824.375,FR,824.375,ES,824.375,IT-NO,659.5
2022-06-09 17:00:00,BR-CS,702.0833333333334,US-NW-BPAT,702.0833333333334,FR,702.0833333333334,ES,702.0833333333334,IT-NO,561.6666666666662
2022-06-09 18:00:00,BR-CS,572.0833333333334,US-NW-BPAT,572.0833333333334,FR,572.0833333333334,ES,572.0833333333334,IT-NO,457.6666666666662
2022-06-09 19:00:00,BR-CS,485.20833333333337,FR,485.20833333333337,US-NW-BPAT,485.20833333333337,ES,485.20833333333337,IT-NO,388.1666666666663
2022-06-09 20:00:00,BR-CS,423.5416666666667,FR,423.5416666666667,US-NW-BPAT,423.5416666666667,ES,423.5416666666667,CA-ON,338.8333333333331
2022-06-09 21:00:00,BR-CS,392.2916666666667,US-NW-BPAT,392.2916666666667,FR,392.2916666666667,ES,392.2916666666667,CA-ON,313.8333333333331
2022-06-09 22:00:00,BR-CS,391.45833333333337,US-NW-BPAT,391.45833333333337,FR,391.45833333333337,ES,391.45833333333337,CA-ON,313.1666666666663
2022-06-09 23:00:00,BR-CS,441.45833333333337,US-NW-BPAT,441.45833333333337,FR,441.45833333333337,ES,441.45833333333337,CA-ON,353.1666666666663
2022-06-10 00:00:00,BR-CS,493.33333333333337,US-NW-BPAT,493.33333333333337,FR,493.33333333333337,ES,493.33333333333337,CA-ON,394.6666666666663
2022-06-10 01:00:00,BR-CS,576.25,US-NW-BPAT,576.25,FR,576.25,ES,576.25,CA-ON,461.0
2022-06-10 02:00:00,BR-CS,637.7083333333334,US-NW-BPAT,637.7083333333334,FR,637.7083333333334,ES,637.7083333333334,CA-ON,510.1666666666662
2022-06-10 03:00:00,BR-CS,668.5416666666667,US-NW-BPAT,668.5416666666667,FR,668.5416666666667,ES,668.5416666666667,CA-ON,534.8333333333328
2022-06-10 04:00:00,BR-CS,690.0,US-NW-BPAT,690.0,FR,690.0,ES,690.0,CA-ON,552.0
2022-06-10 05:00:00,BR-CS,726.875,US-NW-BPAT,726.875,FR,726.875,ES,726.875,IT-NO,581.5
2022-06-10 06:00:00,BR-CS,742.7083333333334,US-NW-BPAT,742.7083333333334,FR,742.7083333333334,ES,742.7083333333334,IT-NO,594.1666666666662
2022-06-10 07:00:00,BR-CS,761.0416666666667,US-NW-BPAT,761.0416666666667,FR,761.0416666666667,ES,761.0416666666667,IT-NO,608.8333333333326
2022-06-10 08:00:00,BR-CS,790.625,US-NW-BPAT,790.625,FR,790.625,ES,790.625,IT-NO,632.5
2022-06-10 09:00:00,BR-CS,825.8333333333334,US-NW-BPAT,825.8333333333334,FR,825.8333333333334,ES,825.8333333333334,IT-NO,660.6666666666662
2022-06-10 10:00:00,BR-CS,885.4166666666667,US-NW-BPAT,885.4166666666667,FR,885.4166666666667,ES,885.4166666666667,IT-NO,708.3333333333326
2022-06-10 11:00:00,BR-CS,935.2083333333334,US-NW-BPAT,935.2083333333334,FR,935.2083333333334,ES,935.2083333333334,IT-NO,748.1666666666662
2022-06-10 12:00:00,BR-CS,983.3333333333334,US-NW-BPAT,983.3333333333334,FR,983.3333333333334,ES,983.3333333333334,IT-NO,786.6666666666662
2022-06-10 13:00:00,BR-CS,996.6666666666667,US-NW-BPAT,996.6666666666667,FR,996.6666666666667,ES,996.6666666666667,IT-NO,797.3333333333326
2022-06-10 14:00:00,BR-CS,979.375,US-NW-BPAT,979.375,FR,979.375,ES,979.375,IT-NO,783.5
2022-06-10 15:00:00,BR-CS,915.625,US-NW-BPAT,915.625,FR,915.625,ES,915.625,IT-NO,732.5
2022-06-10 16:00:00,BR-CS,824.375,US-NW-BPAT,824.375,FR,824.375,ES,824.375,IT-NO,659.5
2022-06-10 17:00:00,BR-CS,702.0833333333334,US-NW-BPAT,702.0833333333334,FR,702.0833333333334,ES,702.0833333333334,IT-NO,561.6666666666662
2022-06-10 18:00:00,BR-CS,572.0833333333334,FR,572.0833333333334,US-NW-BPAT,572.0833333333334,ES,572.0833333333334,IT-NO,457.6666666666662
2022-06-10 19:00:00,BR-CS,485.20833333333337,FR,485.20833333333337,US-NW-BPAT,485.20833333333337,ES,485.20833333333337,IT-NO,388.1666666666663
2022-06-10 20:00:00,BR-CS,423.5416666666667,FR,423.5416666666667,US-NW-BPAT,423.5416666666667,ES,423.5416666666667,CA-ON,338.8333333333331
2022-06-10 21:00:00,BR-CS,392.2916666666667,FR,392.2916666666667,US-NW-BPAT,392.2916666666667,ES,392.2916666666667,CA-ON,313.8333333333331
2022-06-10 22:00:00,BR-CS,391.45833333333337,US-NW-BPAT,391.45833333333337,FR,391.45833333333337,ES,391.45833333333337,CA-ON,313.1666666666663
2022-06-10 23:00:00,BR-CS,441.45833333333337,US-NW-BPAT,441.45833333333337,FR,441.45833333333337,ES,441.45833333333337,CA-ON,353.1666666666663
2022-06-11 00:00:00,BR-CS,493.33333333333337,US-NW-BPAT,493.33333333333337,FR,493.33333333333337,ES,493.33333333333337,CA-ON,394.6666666666663
2022-06-11 01:00:00,BR-CS,576.25,US-NW-BPAT,576.25,FR,576.25,ES,576.25,CA-ON,461.0
2022-06-11 02:00:00,BR-CS,637.7083333333334,US-NW-BPAT,637.7083333333334,FR,637.7083333333334,ES,637.7083333333334,CA-ON,510.1666666666662
2022-06-11 03:00:00,BR-CS,668.5416666666667,US-NW-BPAT,668.5416666666667,FR,668.5416666666667,ES,668.5416666666667,CA-ON,534.8333333333328
2022-06-11 04:00:00,BR-CS,690.0,US-NW-BPAT,690.0,FR,690.0,ES,690.0,CA-ON,552.0
2022-06-11 05:00:00,BR-CS,726.875,US-NW-BPAT,726.875,FR,726.875,ES,726.875,CA-ON,581.5
2022-06-11 06:00:00,BR-CS,742.7083333333334,US-NW-BPAT,742.7083333333334,FR,742.7083333333334,ES,742.7083333333334,IT-NO,594.1666666666662
2022-06-11 07:00:00,BR-CS,761.0416666666667,US-NW-BPAT,761.0416666666667,FR,761.0416666666667,ES,761.0416666666667,IT-NO,608.8333333333326
2022-06-11 08:00:00,BR-CS,790.625,US-NW-BPAT,790.625,FR,790.625,ES,790.625,IT-NO,632.5
2022-06-11 09:00:00,BR-CS,825.8333333333334,US-NW-BPAT,825.8333333333334,FR,825.8333333333334,ES,825.8333333333334,IT-NO,660.6666666666662
2022-06-11 10:00:00,BR-CS,885.4166666666667,US-NW-BPAT,885.4166666666667,FR,885.4166666666667,ES,885.4166666666667,IT-NO,708.3333333333326
2022-06-11 11:00:00,BR-CS,935.2083333333334,US-NW-BPAT,935.2083333333334,FR,935.2083333333334,ES,935.2083333333334,IT-NO,748.1666666666662
2022-06-11 12:00:00,BR-CS,983.3333333333334,US-NW-BPAT,983.3333333333334,FR,983.3333333333334,ES,983.3333333333334,IT-NO,786.6666666666662
2022-06-11 13:00:00,BR-CS,996.6666666666667,US-NW-BPAT,996.6666666666667,FR,996.6666666666667,ES,996.6666666666667,IT-NO,797.3333333333326
2022-06-11 14:00:00,BR-CS,979.375,US-NW-BPAT,979.375,FR,979.375,ES,979.375,IT-NO,783.5
2022-06-11 15:00:00,BR-CS,915.625,US-NW-BPAT,915.625,FR,915.625,ES,915.625,IT-NO,732.5
2022-06-11 16:00:00,BR-CS,824.375,US-NW-BPAT,824.375,FR,824.375,ES,824.375,IT-NO,659.5
2022-06-11 17:00:00,BR-CS,702.0833333333334,US-NW-BPAT,702.0833333333334,FR,702.0833333333334,ES,702.0833333333334,IT-NO,561.6666666666662
2022-06-11 18:00:00,BR-CS,572.0833333333334,US-NW-BPAT,572.0833333333334,FR,572.0833333333334,ES,572.0833333333334,IT-NO,457.6666666666662
2022-06-11 19:00:00,BR-CS,485.20833333333337,US-NW-BPAT,485.20833333333337,FR,485.20833333333337,ES,485.20833333333337,IT-NO,388.1666666666663
2022-06-11 20:00:00,BR-CS,423.5416666666667,US-NW-BPAT,423.5416666666667,FR,423.5416666666667,ES,423.5416666666667,CA-ON,338.8333333333331
2022-06-11 21:00:00,BR-CS,392.2916666666667,US-NW-BPAT,392.2916666666667,FR,392.2916666666667,ES,392.2916666666667,CA-ON,313.8333333333331
2022-06-11 22:00:00,BR-CS,391.45833333333337,US-NW-BPAT,391.45833333333337,FR,391.45833333333337,ES,391.45833333333337,CA-ON,313.1666666666663
2022-06-11 23:00:00,BR-CS,441.45833333333337,US-NW-BPAT,441.45833333333337,FR,441.45833333333337,ES,441.45833333333337,CA-ON,353.1666666666663
2022-06-12 00:00:00,BR-CS,493.33333333333337,US-NW-BPAT,493.33333333333337,FR,493.33333333333337,ES,493.33333333333337,CA-ON,394.6666666666663
2022-06-12 01:00:00,BR-CS,576.25,US-NW-BPAT,576.25,FR,576.25,ES,576.25,CA-ON,461.0
2022-06-12 02:00:00,BR-CS,637.7083333333334,US-NW-BPAT,637.7083333333334,FR,637.7083333333334,ES,637.7083333333334,CA-ON,510.1666666666662
2022-06-12 03:00:00,BR-CS,668.5416666666667,US-NW-BPAT,668.5416666666667,FR,668.5416666666667,ES,668.5416666666667,CA-ON,534.8333333333328
2022-06-12 04:00:00,BR-CS,690.0,US-NW-BPAT,690.0,FR,690.0,ES,690.0,CA-ON,552.0
2022-06-12 05:00:00,BR-CS,726.875,US-NW-BPAT,726.875,FR,726.875,ES,726.875,CA-ON,581.5
2022-06-12 06:00:00,BR-CS,742.7083333333334,US-NW-BPAT,742.7083333333334,FR,742.7083333333334,ES,742.7083333333334,CA-ON,594.1666666666662
2022-06-12 07:00:00,BR-CS,761.0416666666667,US-NW-BPAT,761.0416666666667,FR,761.0416666666667,ES,761.0416666666667,AU-VIC,608.8333333333326
2022-06-12 08:00:00,BR-CS,790.625,US-NW-BPAT,790.625,FR,790.625,ES,790.625,AU-VIC,632.5
2022-06-12 09:00:00,BR-CS,825.8333333333334,US-NW-BPAT,825.8333333333334,FR,825.8333333333334,ES,825.8333333333334,AU-VIC,660.6666666666662
2022-06-12 10:00:00,BR-CS,885.4166666666667,US-NW-BPAT,885.4166666666667,FR,885.4166666666667,ES,885.4166666666667,AU-VIC,708.3333333333326
2022-06-12 11:00:00,BR-CS,935.2083333333334,US-NW-BPAT,935.2083333333334,FR,935.2083333333334,ES,935.2083333333334,AU-VIC,748.1666666666662
2022-06-12 12:00:00,BR-CS,983.3333333333334,US-NW-BPAT,983.3333333333334,FR,983.3333333333334,ES,983.3333333333334,AU-VIC,786.6666666666662
2022-06-12 13:00:00,BR-CS,996.6666666666667,US-NW-BPAT,996.6666666666667,FR,996.6666666666667,ES,996.6666666666667,AU-VIC,797.3333333333326
2022-06-12 14:00:00,BR-CS,979.375,US-NW-BPAT,979.375,FR,979.375,ES,979.375,AU-VIC,783.5
2022-06-12 15:00:00,BR-CS,915.625,US-NW-BPAT,915.625,FR,915.625,AU-VIC,915.625,ES,732.5
2022-06-12 16:00:00,BR-CS,824.375,US-NW-BPAT,824.375,FR,824.375,AU-VIC,824.375,ES,659.5
2022-06-12 17:00:00,BR-CS,702.0833333333334,US-NW-BPAT,702.0833333333334,FR,702.0833333333334,AU-VIC,702.0833333333334,ES,561.6666666666662
2022-06-12 18:00:00,BR-CS,572.0833333333334,US-NW-BPAT,572.0833333333334,FR,572.0833333333334,AU-VIC,572.0833333333334,ES,457.6666666666662
2022-06-12 19:00:00,BR-CS,485.20833333333337,US-NW-BPAT,485.20833333333337,FR,485.20833333333337,AU-VIC,485.20833333333337,ES,388.1666666666663
2022-06-12 20:00:00,BR-CS,423.5416666666667,US-NW-BPAT,423.5416666666667,FR,423.5416666666667,AU-VIC,423.5416666666667,ES,338.8333333333331
2022-06-12 21:00:00,BR-CS,392.2916666666667,US-NW-BPAT,392.2916666666667,AU-VIC,392.2916666666667,FR,392.2916666666667,ES,313.8333333333331
2022-06-12 22:00:00,BR-CS,391.45833333333337,US-NW-BPAT,391.45833333333337,FR,391.45833333333337,ES,391.45833333333337,AU-VIC,313.1666666666663
2022-06-12 23:00:00,BR-CS,441.45833333333337,US-NW-BPAT,441.45833333333337,FR,441.45833333333337,ES,441.45833333333337,CA-ON,353.1666666666663
2022-06-13 00:00:00,BR-CS,493.33333333333337,US-NW-BPAT,493.33333333333337,FR,493.33333333333337,ES,493.33333333333337,CA-ON,394.6666666666663
2022-06-13 01:00:00,BR-CS,576.25,US-NW-BPAT,576.25,FR,576.25,ES,576.25,CA-ON,461.0
2022-06-13 02:00:00,BR-CS,637.7083333333334,US-NW-BPAT,637.7083333333334,FR,637.7083333333334,ES,637.7083333333334,CA-ON,510.1666666666662
2022-06-13 03:00:00,BR-CS,668.5416666666667,US-NW-BPAT,668.5416666666667,FR,668.5416666666667,ES,668.5416666666667,CA-ON,534.8333333333328
2022-06-13 04:00:00,BR-CS,690.0,US-NW-BPAT,690.0,FR,690.0,ES,690.0,CA-ON,552.0
2022-06-13 05:00:00,BR-CS,726.875,US-NW-BPAT,726.875,FR,726.875,ES,726.875,CA-ON,581.5
2022-06-13 06:00:00,BR-CS,742.7083333333334,US-NW-BPAT,742.7083333333334,FR,742.7083333333334,ES,742.7083333333334,IT-NO,594.1666666666662
2022-06-13 07:00:00,BR-CS,761.0416666666667,US-NW-BPAT,761.0416666666667,AU-VIC,761.0416666666667,FR,761.0416666666667,ES,608.8333333333326
2022-06-13 08:00:00,BR-CS,790.625,US-NW-BPAT,790.625,AU-VIC,790.625,FR,790.625,ES,632.5
2022-06-13 09:00:00,BR-CS,825.8333333333334,US-NW-BPAT,825.8333333333334,AU-VIC,825.8333333333334,FR,825.8333333333334,ES,660.6666666666662
2022-06-13 10:00:00,BR-CS,885.4166666666667,US-NW-BPAT,885.4166666666667,AU-VIC,885.4166666666667,FR,885.4166666666667,ES,708.3333333333326
2022-06-13 11:00:00,BR-CS,935.2083333333334,US-NW-BPAT,935.2083333333334,AU-VIC,935.2083333333334,FR,935.2083333333334,ES,748.1666666666662
2022-06-13 12:00:00,BR-CS,983.3333333333334,US-NW-BPAT,983.3333333333334,AU-VIC,983.3333333333334,FR,983.3333333333334,ES,786.6666666666662
2022-06-13 13:00:00,BR-CS,996.6666666666667,US-NW-BPAT,996.6666666666667,AU-VIC,996.6666666666667,FR,996.6666666666667,ES,797.3333333333326
2022-06-13 14:00:00,BR-CS,979.375,US-NW-BPAT,979.375,AU-VIC,979.375,FR,979.375,ES,783.5
2022-06-13 15:00:00,BR-CS,915.625,US-NW-BPAT,915.625,AU-VIC,915.625,FR,915.625,ES,732.5
2022-06-13 16:00:00,BR-CS,824.375,US-NW-BPAT,824.375,FR,824.375,AU-VIC,824.375,ES,659.5
2022-06-13 17:00:00,BR-CS,702.0833333333334,US-NW-BPAT,702.0833333333334,FR,702.0833333333334,AU-VIC,702.0833333333334,ES,561.6666666666662
2022-06-13 18:00:00,BR-CS,572.0833333333334,FR,572.0833333333334,US-NW-BPAT,572.0833333333334,AU-VIC,572.0833333333334,IT-NO,457.6666666666662
2022-06-13 19:00:00,BR-CS,485.20833333333337,FR,485.20833333333337,US-NW-BPAT,485.20833333333337,AU-VIC,485.20833333333337,IT-NO,388.1666666666663
2022-06-13 20:00:00,BR-CS,423.5416666666667,FR,423.5416666666667,US-NW-BPAT,423.5416666666667,AU-VIC,423.5416666666667,ES,338.8333333333331
2022-06-13 21:00:00,BR-CS,392.2916666666667,US-NW-BPAT,392.2916666666667,FR,392.2916666666667,AU-VIC,392.2916666666667,ES,313.8333333333331
2022-06-13 22:00:00,BR-CS,391.45833333333337,US-NW-BPAT,391.45833333333337,FR,391.45833333333337,ES,391.45833333333337,CA-ON,313.1666666666663
2022-06-13 23:00:00,BR-CS,441.45833333333337,US-NW-BPAT,441.45833333333337,FR,441.45833333333337,ES,441.45833333333337,CA-ON,353.1666666666663
2022-06-14 00:00:00,BR-CS,493.33333333333337,US-NW-BPAT,493.33333333333337,FR,493.33333333333337,ES,493.33333333333337,CA-ON,394.6666666666663
2022-06-14 01:00:00,BR-CS,576.25,US-NW-BPAT,576.25,FR,576.25,ES,576.25,CA-ON,461.0
2022-06-14 02:00:00,BR-CS,637.7083333333334,US-NW-BPAT,637.7083333333334,FR,637.7083333333334,ES,637.7083333333334,CA-ON,510.1666666666662
2022-06-14 03:00:00,BR-CS,668.5416666666667,US-NW-BPAT,668.5416666666667,FR,668.5416666666667,ES,668.5416666666667,CA-ON,534.8333333333328
2022-06-14 04:00:00,BR-CS,690.0,US-NW-BPAT,690.0,FR,690.0,ES,690.0,CA-ON,552.0
2022-06-14 05:00:00,BR-CS,726.875,US-NW-BPAT,726.875,FR,726.875,ES,726.875,IT-NO,581.5
2022-06-14 06:00:00,BR-CS,742.7083333333334,US-NW-BPAT,742.7083333333334,FR,742.7083333333334,ES,742.7083333333334,IT-NO,594.1666666666662
2022-06-14 07:00:00,BR-CS,761.0416666666667,US-NW-BPAT,761.0416666666667,FR,761.0416666666667,ES,761.0416666666667,IT-NO,608.8333333333326
2022-06-14 08:00:00,BR-CS,790.625,US-NW-BPAT,790.625,FR,790.625,ES,790.625,IT-NO,632.5
2022-06-14 09:00:00,BR-CS,825.8333333333334,US-NW-BPAT,825.8333333333334,FR,825.8333333333334,ES,825.8333333333334,IT-NO,660.6666666666662
2022-06-14 10:00:00,BR-CS,885.4166666666667,US-NW-BPAT,885.4166666666667,FR,885.4166666666667,ES,885.4166666666667,IT-NO,708.3333333333326
2022-06-14 11:00:00,BR-CS,935.2083333333334,US-NW-BPAT,935.2083333333334,FR,935.2083333333334,ES,935.2083333333334,IT-NO,748.1666666666662
2022-06-14 12:00:00,BR-CS,983.3333333333334,US-NW-BPAT,983.3333333333334,FR,983.3333333333334,ES,983.3333333333334,IT-NO,786.6666666666662
2022-06-14 13:00:00,BR-CS,996.6666666666667,US-NW-BPAT,996.6666666666667,FR,996.6666666666667,ES,996.6666666666667,IT-NO,797.3333333333326
2022-06-14 14:00:00,BR-CS,979.375,US-NW-BPAT,979.375,FR,979.375,ES,979.375,IT-NO,783.5
2022-06-14 15:00:00,BR-CS,915.625,US-NW-BPAT,915.625,FR,915.625,ES,915.625,IT-NO,732.5
2022-06-14 16:00:00,BR-CS,824.375,US-NW-BPAT,824.375,FR,824.375,IT-NO,824.375,ES,659.5
2022-06-14 17:00:00,BR-CS,702.0833333333334,US-NW-BPAT,702.0833333333334,FR,702.0833333333334,ES,702.0833333333334,IT-NO,561.6666666666662
2022-06-14 18:00:00,BR-CS,572.0833333333334,FR,572.0833333333334,US-NW-BPAT,572.0833333333334,ES,572.0833333333334,IT-NO,457.6666666666662
2022-06-14 19:00:00,BR-CS,485.20833333333337,FR,485.20833333333337,US-NW-BPAT,485.20833333333337,IT-NO,485.20833333333337,ES,388.1666666666663
2022-06-14 20:00:00,BR-CS,423.5416666666667,FR,423.5416666666667,US-NW-BPAT,423.5416666666667,ES,423.5416666666667,IT-NO,338.8333333333331
2022-06-14 21:00:00,BR-CS,392.2916666666667,US-NW-BPAT,392.2916666666667,FR,392.2916666666667,ES,392.2916666666667,CA-ON,313.8333333333331
2022-06-14 22:00:00,BR-CS,391.45833333333337,US-NW-BPAT,391.45833333333337,FR,391.45833333333337,ES,391.45833333333337,CA-ON,313.1666666666663
2022-06-14 23:00:00,BR-CS,441.45833333333337,US-NW-BPAT,441.45833333333337,FR,441.45833333333337,ES,441.45833333333337,CA-ON,353.1666666666663
2022-06-15 00:00:00,BR-CS,493.33333333333337,US-NW-BPAT,493.33333333333337,FR,493.33333333333337,ES,493.33333333333337,CA-ON,394.6666666666663
2022-06-15 01:00:00,BR-CS,576.25,US-NW-BPAT,576.25,FR,576.25,ES,576.25,CA-ON,461.0
2022-06-15 02:00:00,BR-CS,637.7083333333334,US-NW-BPAT,637.7083333333334,FR,637.7083333333334,ES,637.7083333333334,CA-ON,510.1666666666662
2022-06-15 03:00:00,BR-CS,668.5416666666667,US-NW-BPAT,668.5416666666667,FR,668.5416666666667,ES,668.5416666666667,CA-ON,534.8333333333328
2022-06-15 04:00:00,BR-CS,690.0,US-NW-BPAT,690.0,FR,690.0,ES,690.0,CA-ON,552.0
2022-06-15 05:00:00,BR-CS,726.875,US-NW-BPAT,726.875,FR,726.875,ES,726.875,IT-NO,581.5
2022-06-15 06:00:00,BR-CS,742.7083333333334,US-NW-BPAT,742.7083333333334,FR,742.7083333333334,IT-NO,742.7083333333334,ES,594.1666666666662
2022-06-15 07:00:00,BR-CS,761.0416666666667,US-NW-BPAT,761.0416666666667,FR,761.0416666666667,IT-NO,761.0416666666667,ES,608.8333333333326
2022-06-15 08:00:00,BR-CS,790.625,US-NW-BPAT,790.625,FR,790.625,ES,790.625,IT-NO,632.5
2022-06-15 09:00:00,BR-CS,825.8333333333334,US-NW-BPAT,825.8333333333334,FR,825.8333333333334,ES,825.8333333333334,IT-NO,660.6666666666662
2022-06-15 10:00:00,BR-CS,885.4166666666667,US-NW-BPAT,885.4166666666667,FR,885.4166666666667,ES,885.4166666666667,IT-NO,708.3333333333326
2022-06-15 11:00:00,BR-CS,935.2083333333334,US-NW-BPAT,935.2083333333334,FR,935.2083333333334,ES,935.2083333333334,IT-NO,748.1666666666662
2022-06-15 12:00:00,BR-CS,983.3333333333334,US-NW-BPAT,983.3333333333334,FR,983.3333333333334,ES,983.3333333333334,IT-NO,786.6666666666662
2022-06-15 13:00:00,BR-CS,996.6666666666667,US-NW-BPAT,996.6666666666667,FR,996.6666666666667,ES,996.6666666666667,IT-NO,797.3333333333326
2022-06-15 14:00:00,BR-CS,979.375,US-NW-BPAT,979.375,FR,979.375,ES,979.375,IT-NO,783.5
2022-06-15 15:00:00,BR-CS,915.625,US-NW-BPAT,915.625,FR,915.625,ES,915.625,AU-VIC,732.5
2022-06-15 16:00:00,BR-CS,824.375,US-NW-BPAT,824.375,FR,824.375,ES,824.375,IT-NO,659.5
2022-06-15 17:00:00,BR-CS,702.0833333333334,US-NW-BPAT,702.0833333333334,FR,702.0833333333334,ES,702.0833333333334,IT-NO,561.6666666666662
2022-06-15 18:00:00,BR-CS,572.0833333333334,US-NW-BPAT,572.0833333333334,FR,572.0833333333334,AU-VIC,572.0833333333334,ES,457.6666666666662
2022-06-15 19:00:00,BR-CS,485.20833333333337,FR,485.20833333333337,US-NW-BPAT,485.20833333333337,AU-VIC,485.20833333333337,ES,388.1666666666663
2022-06-15 20:00:00,BR-CS,423.5416666666667,FR,423.5416666666667,US-NW-BPAT,423.5416666666667,AU-VIC,423.5416666666667,ES,338.8333333333331
2022-06-15 21:00:00,BR-CS,392.2916666666667,FR,392.2916666666667,US-NW-BPAT,392.2916666666667,AU-VIC,392.2916666666667,ES,313.8333333333331
2022-06-15 22:00:00,BR-CS,391.45833333333337,US-NW-BPAT,391.45833333333337,FR,391.45833333333337,ES,391.45833333333337,AU-VIC,313.1666666666663
2022-06-15 23:00:00,BR-CS,441.45833333333337,US-NW-BPAT,441.45833333333337,FR,441.45833333333337,ES,441.45833333333337,CA-ON,353.1666666666663
2022-06-16 00:00:00,BR-CS,493.33333333333337,US-NW-BPAT,493.33333333333337,FR,493.33333333333337,ES,493.33333333333337,CA-ON,394.6666666666663
2022-06-16 01:00:00,BR-CS,576.25,US-NW-BPAT,576.25,FR,576.25,ES,576.25,CA-ON,461.0
2022-06-16 02:00:00,BR-CS,637.7083333333334,US-NW-BPAT,637.7083333333334,FR,637.7083333333334,ES,637.7083333333334,CA-ON,510.1666666666662
2022-06-16 03:00:00,BR-CS,668.5416666666667,US-NW-BPAT,668.5416666666667,FR,668.5416666666667,ES,668.5416666666667,CA-ON,534.8333333333328
2022-06-16 04:00:00,BR-CS,690.0,US-NW-BPAT,690.0,FR,690.0,ES,690.0,CA-ON,552.0
2022-06-16 05:00:00,BR-CS,726.875,US-NW-BPAT,726.875,FR,726.875,ES,726.875,IT-NO,581.5
2022-06-16 06:00:00,BR-CS,742.7083333333334,US-NW-BPAT,742.7083333333334,FR,742.7083333333334,IT-NO,742.7083333333334,ES,594.1666666666662
2022-06-16 07:00:00,BR-CS,761.0416666666667,US-NW-BPAT,761.0416666666667,FR,761.0416666666667,AU-VIC,761.0416666666667,IT-NO,608.8333333333326
2022-06-16 08:00:00,BR-CS,790.625,US-NW-BPAT,790.625,FR,790.625,AU-VIC,790.625,IT-NO,632.5
2022-06-16 09:00:00,BR-CS,825.8333333333334,US-NW-BPAT,825.8333333333334,FR,825.8333333333334,AU-VIC,825.8333333333334,IT-NO,660.6666666666662
2022-06-16 10:00:00,BR-CS,885.4166666666667,US-NW-BPAT,885.4166666666667,FR,885.4166666666667,AU-VIC,885.4166666666667,IT-NO,708.3333333333326
2022-06-16 11:00:00,BR-CS,935.2083333333334,US-NW-BPAT,935.2083333333334,FR,935.2083333333334,AU-VIC,935.2083333333334,ES,748.1666666666662
2022-06-16 12:00:00,BR-CS,983.3333333333334,US-NW-BPAT,983.3333333333334,FR,983.3333333333334,AU-VIC,983.3333333333334,IT-NO,786.6666666666662
2022-06-16 13:00:00,BR-CS,996.6666666666667,US-NW-BPAT,996.6666666666667,FR,996.6666666666667,AU-VIC,996.6666666666667,IT-NO,797.3333333333326
2022-06-16 14:00:00,BR-CS,979.375,US-NW-BPAT,979.375,FR,979.375,AU-VIC,979.375,IT-NO,783.5
2022-06-16 15:00:00,BR-CS,915.625,US-NW-BPAT,915.625,FR,915.625,AU-VIC,915.625,IT-NO,732.5
2022-06-16 16:00:00,BR-CS,824.375,US-NW-BPAT,824.375,FR,824.375,AU-VIC,824.375,IT-NO,659.5
2022-06-16 17:00:00,BR-CS,702.0833333333334,US-NW-BPAT,702.0833333333334,FR,702.0833333333334,AU-VIC,702.0833333333334,IT-NO,561.6666666666662
2022-06-16 18:00:00,BR-CS,572.0833333333334,US-NW-BPAT,572.0833333333334,FR,572.0833333333334,AU-VIC,572.0833333333334,IT-NO,457.6666666666662
2022-06-16 19:00:00,BR-CS,485.20833333333337,US-NW-BPAT,485.20833333333337,FR,485.20833333333337,AU-VIC,485.20833333333337,CA-ON,388.1666666666663
2022-06-16 20:00:00,BR-CS,423.5416666666667,US-NW-BPAT,423.5416666666667,FR,423.5416666666667,AU-VIC,423.5416666666667,CA-ON,338.8333333333331
2022-06-16 21:00:00,BR-CS,392.2916666666667,US-NW-BPAT,392.2916666666667,FR,392.2916666666667,AU-VIC,392.2916666666667,ES,313.8333333333331
2022-06-16 22:00:00,BR-CS,391.45833333333337,US-NW-BPAT,391.45833333333337,FR,391.45833333333337,ES,391.45833333333337,AU-VIC,313.1666666666663
2022-06-16 23:00:00,BR-CS,441.45833333333337,US-NW-BPAT,441.45833333333337,FR,441.45833333333337,ES,441.45833333333337,CA-ON,353.1666666666663
2022-06-17 00:00:00,BR-CS,493.33333333333337,US-NW-BPAT,493.33333333333337,FR,493.33333333333337,ES,493.33333333333337,CA-ON,394.6666666666663
2022-06-17 01:00:00,BR-CS,576.25,US-NW-BPAT,576.25,FR,576.25,ES,576.25,CA-ON,461.0
2022-06-17 02:00:00,BR-CS,637.7083333333334,US-NW-BPAT,637.7083333333334,FR,637.7083333333334,ES,637.7083333333334,CA-ON,510.1666666666662
2022-06-17 03:00:00,BR-CS,668.5416666666667,US-NW-BPAT,668.5416666666667,FR,668.5416666666667,ES,668.5416666666667,CA-ON,534.8333333333328
2022-06-17 04:00:00,BR-CS,690.0,US-NW-BPAT,690.0,FR,690.0,ES,690.0,CA-ON,552.0
2022-06-17 05:00:00,BR-CS,726.875,US-NW-BPAT,726.875,FR,726.875,ES,726.875,IT-NO,581.5
2022-06-17 06:00:00,BR-CS,742.7083333333334,US-NW-BPAT,742.7083333333334,FR,742.7083333333334,AU-VIC,742.7083333333334,IT-NO,594.1666666666662
2022-06-17 07:00:00,BR-CS,761.0416666666667,US-NW-BPAT,761.0416666666667,AU-VIC,761.0416666666667,FR,761.0416666666667,IT-NO,608.8333333333326
2022-06-17 08:00:00,BR-CS,790.625,US-NW-BPAT,790.625,AU-VIC,790.625,FR,790.625,IT-NO,632.5
2022-06-17 09:00:00,BR-CS,825.8333333333334,US-NW-BPAT,825.8333333333334,AU-VIC,825.8333333333334,FR,825.8333333333334,IT-NO,660.6666666666662
2022-06-17 10:00:00,BR-CS,885.4166666666667,US-NW-BPAT,885.4166666666667,AU-VIC,885.4166666666667,FR,885.4166666666667,ES,708.3333333333326
2022-06-17 11:00:00,BR-CS,935.2083333333334,US-NW-BPAT,935.2083333333334,AU-VIC,935.2083333333334,FR,935.2083333333334,ES,748.1666666666662
2022-06-17 12:00:00,BR-CS,983.3333333333334,US-NW-BPAT,983.3333333333334,AU-VIC,983.3333333333334,FR,983.3333333333334,ES,786.6666666666662
2022-06-17 13:00:00,BR-CS,996.6666666666667,US-NW-BPAT,996.6666666666667,AU-VIC,996.6666666666667,FR,996.6666666666667,IT-NO,797.3333333333326
2022-06-17 14:00:00,BR-CS,979.375,US-NW-BPAT,979.375,AU-VIC,979.375,FR,979.375,IT-NO,783.5
2022-06-17 15:00:00,BR-CS,915.625,US-NW-BPAT,915.625,AU-VIC,915.625,FR,915.625,IT-NO,732.5
2022-06-17 16:00:00,BR-CS,824.375,US-NW-BPAT,824.375,AU-VIC,824.375,FR,824.375,IT-NO,659.5
2022-06-17 17:00:00,BR-CS,702.0833333333334,AU-VIC,702.0833333333334,US-NW-BPAT,702.0833333333334,FR,702.0833333333334,IT-NO,561.6666666666662
2022-06-17 18:00:00,BR-CS,572.0833333333334,AU-VIC,572.0833333333334,US-NW-BPAT,572.0833333333334,FR,572.0833333333334,IT-NO,457.6666666666662
2022-06-17 19:00:00,BR-CS,485.20833333333337,AU-VIC,485.20833333333337,US-NW-BPAT,485.20833333333337,FR,485.20833333333337,CA-ON,388.1666666666663
2022-06-17 20:00:00,BR-CS,423.5416666666667,AU-VIC,423.5416666666667,US-NW-BPAT,423.5416666666667,FR,423.5416666666667,CA-ON,338.8333333333331
2022-06-17 21:00:00,BR-CS,392.2916666666667,AU-VIC,392.2916666666667,US-NW-BPAT,392.2916666666667,FR,392.2916666666667,ES,313.8333333333331
2022-06-17 22:00:00,BR-CS,391.45833333333337,US-NW-BPAT,391.45833333333337,FR,391.45833333333337,AU-VIC,391.45833333333337,ES,313.1666666666663
2022-06-17 23:00:00,BR-CS,441.45833333333337,US-NW-BPAT,441.45833333333337,FR,441.45833333333337,ES,441.45833333333337,CA-ON,353.1666666666663
2022-06-18 00:00:00,BR-CS,493.33333333333337,US-NW-BPAT,493.33333333333337,FR,493.33333333333337,ES,493.33333333333337,CA-ON,394.6666666666663
2022-06-18 01:00:00,BR-CS,576.25,US-NW-BPAT,576.25,FR,576.25,ES,576.25,CA-ON,461.0
2022-06-18 02:00:00,BR-CS,637.7083333333334,US-NW-BPAT,637.7083333333334,FR,637.7083333333334,ES,637.7083333333334,CA-ON,510.1666666666662
2022-06-18 03:00:00,BR-CS,668.5416666666667,US-NW-BPAT,668.5416666666667,FR,668.5416666666667,ES,668.5416666666667,CA-ON,534.8333333333328
2022-06-18 04:00:00,BR-CS,690.0,US-NW-BPAT,690.0,FR,690.0,ES,690.0,CA-ON,552.0
2022-06-18 05:00:00,BR-CS,726.875,US-NW-BPAT,726.875,FR,726.875,ES,726.875,CA-ON,581.5
2022-06-18 06:00:00,BR-CS,742.7083333333334,US-NW-BPAT,742.7083333333334,AU-VIC,742.7083333333334,FR,742.7083333333334,ES,594.1666666666662
2022-06-18 07:00:00,BR-CS,761.0416666666667,US-NW-BPAT,761.0416666666667,AU-VIC,761.0416666666667,FR,761.0416666666667,ES,608.8333333333326
2022-06-18 08:00:00,BR-CS,790.625,US-NW-BPAT,790.625,AU-VIC,790.625,FR,790.625,ES,632.5
2022-06-18 09:00:00,BR-CS,825.8333333333334,US-NW-BPAT,825.8333333333334,AU-VIC,825.8333333333334,FR,825.8333333333334,ES,660.6666666666662
2022-06-18 10:00:00,BR-CS,885.4166666666667,US-NW-BPAT,885.4166666666667,AU-VIC,885.4166666666667,FR,885.4166666666667,ES,708.3333333333326
2022-06-18 11:00:00,BR-CS,935.2083333333334,US-NW-BPAT,935.2083333333334,AU-VIC,935.2083333333334,FR,935.2083333333334,ES,748.1666666666662
2022-06-18 12:00:00,BR-CS,983.3333333333334,US-NW-BPAT,983.3333333333334,AU-VIC,983.3333333333334,ES,983.3333333333334,FR,786.6666666666662
2022-06-18 13:00:00,BR-CS,996.6666666666667,US-NW-BPAT,996.6666666666667,AU-VIC,996.6666666666667,ES,996.6666666666667,FR,797.3333333333326
2022-06-18 14:00:00,BR-CS,979.375,US-NW-BPAT,979.375,AU-VIC,979.375,ES,979.375,FR,783.5
2022-06-18 15:00:00,BR-CS,915.625,US-NW-BPAT,915.625,AU-VIC,915.625,ES,915.625,FR,732.5
2022-06-18 16:00:00,BR-CS,824.375,US-NW-BPAT,824.375,FR,824.375,ES,824.375,AU-VIC,659.5
2022-06-18 17:00:00,BR-CS,702.0833333333334,US-NW-BPAT,702.0833333333334,FR,702.0833333333334,ES,702.0833333333334,AU-VIC,561.6666666666662
2022-06-18 18:00:00,BR-CS,572.0833333333334,US-NW-BPAT,572.0833333333334,FR,572.0833333333334,ES,572.0833333333334,AU-VIC,457.6666666666662
2022-06-18 19:00:00,BR-CS,485.20833333333337,US-NW-BPAT,485.20833333333337,FR,485.20833333333337,ES,485.20833333333337,AU-VIC,388.1666666666663
2022-06-18 20:00:00,BR-CS,423.5416666666667,US-NW-BPAT,423.5416666666667,FR,423.5416666666667,ES,423.5416666666667,AU-VIC,338.8333333333331
2022-06-18 21:00:00,BR-CS,392.2916666666667,US-NW-BPAT,392.2916666666667,FR,392.2916666666667,ES,392.2916666666667,CA-ON,313.8333333333331
2022-06-18 22:00:00,BR-CS,391.45833333333337,US-NW-BPAT,391.45833333333337,FR,391.45833333333337,ES,391.45833333333337,CA-ON,313.1666666666663
2022-06-18 23:00:00,BR-CS,441.45833333333337,US-NW-BPAT,441.45833333333337,FR,441.45833333333337,ES,441.45833333333337,CA-ON,353.1666666666663
2022-06-19 00:00:00,BR-CS,493.33333333333337,US-NW-BPAT,493.33333333333337,FR,493.33333333333337,ES,493.33333333333337,CA-ON,394.6666666666663
2022-06-19 01:00:00,BR-CS,576.25,US-NW-BPAT,576.25,FR,576.25,ES,576.25,CA-ON,461.0
2022-06-19 02:00:00,BR-CS,637.7083333333334,US-NW-BPAT,637.7083333333334,FR,637.7083333333334,ES,637.7083333333334,CA-ON,510.1666666666662
2022-06-19 03:00:00,BR-CS,668.5416666666667,US-NW-BPAT,668.5416666666667,FR,668.5416666666667,ES,668.5416666666667,CA-ON,534.8333333333328
2022-06-19 04:00:00,BR-CS,690.0,US-NW-BPAT,690.0,FR,690.0,ES,690.0,CA-ON,552.0
2022-06-19 05:00:00,BR-CS,726.875,US-NW-BPAT,726.875,FR,726.875,ES,726.875,CA-ON,581.5
2022-06-19 06:00:00,BR-CS,742.7083333333334,US-NW-BPAT,742.7083333333334,FR,742.7083333333334,ES,742.7083333333334,CA-ON,594.1666666666662
2022-06-19 07:00:00,BR-CS,761.0416666666667,US-NW-BPAT,761.0416666666667,FR,761.0416666666667,ES,761.0416666666667,CA-ON,608.8333333333326
2022-06-19 08:00:00,BR-CS,790.625,US-NW-BPAT,790.625,FR,790.625,ES,790.625,CA-ON,632.5
2022-06-19 09:00:00,BR-CS,825.8333333333334,US-NW-BPAT,825.8333333333334,ES,825.8333333333334,FR,825.8333333333334,CA-ON,660.6666666666662
2022-06-19 10:00:00,BR-CS,885.4166666666667,US-NW-BPAT,885.4166666666667,ES,885.4166666666667,FR,885.4166666666667,CA-ON,708.3333333333326
2022-06-19 11:00:00,BR-CS,935.2083333333334,US-NW-BPAT,935.2083333333334,ES,935.2083333333334,FR,935.2083333333334,CA-ON,748.1666666666662
2022-06-19 12:00:00,BR-CS,983.3333333333334,US-NW-BPAT,983.3333333333334,ES,983.3333333333334,FR,983.3333333333334,CA-ON,786.6666666666662
2022-06-19 13:00:00,BR-CS,996.6666666666667,US-NW-BPAT,996.6666666666667,ES,996.6666666666667,FR,996.6666666666667,CA-ON,797.3333333333326
2022-06-19 14:00:00,BR-CS,979.375,US-NW-BPAT,979.375,ES,979.375,FR,979.375,CA-ON,783.5
2022-06-19 15:00:00,BR-CS,915.625,US-NW-BPAT,915.625,ES,915.625,FR,915.625,CA-ON,732.5
2022-06-19 16:00:00,BR-CS,824.375,US-NW-BPAT,824.375,FR,824.375,ES,824.375,CA-ON,659.5
2022-06-19 17:00:00,BR-CS,702.0833333333334,US-NW-BPAT,702.0833333333334,FR,702.0833333333334,ES,702.0833333333334,CA-ON,561.6666666666662
2022-06-19 18:00:00,BR-CS,572.0833333333334,US-NW-BPAT,572.0833333333334,FR,572.0833333333334,ES,572.0833333333334,CA-ON,457.6666666666662
2022-06-19 19:00:00,BR-CS,485.20833333333337,US-NW-BPAT,485.20833333333337,FR,485.20833333333337,ES,485.20833333333337,CA-ON,388.1666666666663
2022-06-19 20:00:00,BR-CS,423.5416666666667,US-NW-BPAT,423.5416666666667,FR,423.5416666666667,ES,423.5416666666667,CA-ON,338.8333333333331
2022-06-19 21:00:00,BR-CS,392.2916666666667,US-NW-BPAT,392.2916666666667,FR,392.2916666666667,ES,392.2916666666667,CA-ON,313.8333333333331
2022-06-19 22:00:00,BR-CS,391.45833333333337,US-NW-BPAT,391.45833333333337,FR,391.45833333333337,ES,391.45833333333337,CA-ON,313.1666666666663
2022-06-19 23:00:00,BR-CS,441.45833333333337,US-NW-BPAT,441.45833333333337,FR,441.45833333333337,ES,441.45833333333337,CA-ON,353.1666666666663
2022-06-20 00:00:00,BR-CS,493.33333333333337,US-NW-BPAT,493.33333333333337,FR,493.33333333333337,ES,493.33333333333337,CA-ON,394.6666666666663
2022-06-20 01:00:00,BR-CS,576.25,US-NW-BPAT,576.25,FR,576.25,ES,576.25,CA-ON,461.0
2022-06-20 02:00:00,BR-CS,637.7083333333334,US-NW-BPAT,637.7083333333334,FR,637.7083333333334,ES,637.7083333333334,CA-ON,510.1666666666662
2022-06-20 03:00:00,BR-CS,668.5416666666667,US-NW-BPAT,668.5416666666667,FR,668.5416666666667,ES,668.5416666666667,CA-ON,534.8333333333328
2022-06-20 04:00:00,BR-CS,690.0,US-NW-BPAT,690.0,FR,690.0,ES,690.0,CA-ON,552.0
2022-06-20 05:00:00,BR-CS,726.875,US-NW-BPAT,726.875,FR,726.875,ES,726.875,CA-ON,581.5
2022-06-20 06:00:00,BR-CS,742.7083333333334,US-NW-BPAT,742.7083333333334,FR,742.7083333333334,ES,742.7083333333334,IT-NO,594.1666666666662
2022-06-20 07:00:00,BR-CS,761.0416666666667,US-NW-BPAT,761.0416666666667,FR,761.0416666666667,ES,761.0416666666667,IT-NO,608.8333333333326
2022-06-20 08:00:00,BR-CS,790.625,US-NW-BPAT,790.625,FR,790.625,ES,790.625,IT-NO,632.5
2022-06-20 09:00:00,BR-CS,825.8333333333334,US-NW-BPAT,825.8333333333334,FR,825.8333333333334,ES,825.8333333333334,IT-NO,660.6666666666662
2022-06-20 10:00:00,BR-CS,885.4166666666667,US-NW-BPAT,885.4166666666667,FR,885.4166666666667,ES,885.4166666666667,AU-VIC,708.3333333333326
2022-06-20 11:00:00,BR-CS,935.2083333333334,US-NW-BPAT,935.2083333333334,FR,935.2083333333334,ES,935.2083333333334,AU-VIC,748.1666666666662
2022-06-20 12:00:00,BR-CS,983.3333333333334,US-NW-BPAT,983.3333333333334,FR,983.3333333333334,ES,983.3333333333334,AU-VIC,786.6666666666662
2022-06-20 13:00:00,BR-CS,996.6666666666667,US-NW-BPAT,996.6666666666667,FR,996.6666666666667,ES,996.6666666666667,AU-VIC,797.3333333333326
2022-06-20 14:00:00,BR-CS,979.375,US-NW-BPAT,979.375,FR,979.375,ES,979.375,AU-VIC,783.5
2022-06-20 15:00:00,BR-CS,915.625,US-NW-BPAT,915.625,AU-VIC,915.625,FR,915.625,ES,732.5
2022-06-20 16:00:00,BR-CS,824.375,US-NW-BPAT,824.375,AU-VIC,824.375,FR,824.375,ES,659.5
2022-06-20 17:00:00,BR-CS,702.0833333333334,US-NW-BPAT,702.0833333333334,FR,702.0833333333334,AU-VIC,702.0833333333334,ES,561.6666666666662
2022-06-20 18:00:00,BR-CS,572.0833333333334,US-NW-BPAT,572.0833333333334,AU-VIC,572.0833333333334,FR,572.0833333333334,ES,457.6666666666662
2022-06-20 19:00:00,BR-CS,485.20833333333337,US-NW-BPAT,485.20833333333337,FR,485.20833333333337,AU-VIC,485.20833333333337,ES,388.1666666666663
2022-06-20 20:00:00,BR-CS,423.5416666666667,US-NW-BPAT,423.5416666666667,AU-VIC,423.5416666666667,FR,423.5416666666667,ES,338.8333333333331
2022-06-20 21:00:00,BR-CS,392.2916666666667,AU-VIC,392.2916666666667,US-NW-BPAT,392.2916666666667,FR,392.2916666666667,ES,313.8333333333331
2022-06-20 22:00:00,BR-CS,391.45833333333337,US-NW-BPAT,391.45833333333337,FR,391.45833333333337,AU-VIC,391.45833333333337,ES,313.1666666666663
2022-06-20 23:00:00,BR-CS,441.45833333333337,US-NW-BPAT,441.45833333333337,FR,441.45833333333337,ES,441.45833333333337,CA-ON,353.1666666666663
2022-06-21 00:00:00,BR-CS,493.33333333333337,US-NW-BPAT,493.33333333333337,FR,493.33333333333337,ES,493.33333333333337,CA-ON,394.6666666666663
2022-06-21 01:00:00,BR-CS,576.25,US-NW-BPAT,576.25,FR,576.25,ES,576.25,CA-ON,461.0
2022-06-21 02:00:00,BR-CS,637.7083333333334,US-NW-BPAT,637.7083333333334,FR,637.7083333333334,ES,637.7083333333334,CA-ON,510.1666666666662
2022-06-21 03:00:00,BR-CS,668.5416666666667,US-NW-BPAT,668.5416666666667,FR,668.5416666666667,ES,668.5416666666667,CA-ON,534.8333333333328
2022-06-21 04:00:00,BR-CS,690.0,US-NW-BPAT,690.0,FR,690.0,ES,690.0,CA-ON,552.0
2022-06-21 05:00:00,BR-CS,726.875,US-NW-BPAT,726.875,FR,726.875,ES,726.875,CA-ON,581.5
2022-06-21 06:00:00,BR-CS,742.7083333333334,US-NW-BPAT,742.7083333333334,FR,742.7083333333334,ES,742.7083333333334,IT-NO,594.1666666666662
2022-06-21 07:00:00,BR-CS,761.0416666666667,US-NW-BPAT,761.0416666666667,FR,761.0416666666667,AU-VIC,761.0416666666667,ES,608.8333333333326
2022-06-21 08:00:00,BR-CS,790.625,US-NW-BPAT,790.625,FR,790.625,AU-VIC,790.625,ES,632.5
2022-06-21 09:00:00,BR-CS,825.8333333333334,US-NW-BPAT,825.8333333333334,AU-VIC,825.8333333333334,FR,825.8333333333334,ES,660.6666666666662
2022-06-21 10:00:00,BR-CS,885.4166666666667,US-NW-BPAT,885.4166666666667,AU-VIC,885.4166666666667,FR,885.4166666666667,ES,708.3333333333326
2022-06-21 11:00:00,BR-CS,935.2083333333334,US-NW-BPAT,935.2083333333334,AU-VIC,935.2083333333334,FR,935.2083333333334,ES,748.1666666666662
2022-06-21 12:00:00,BR-CS,983.3333333333334,US-NW-BPAT,983.3333333333334,AU-VIC,983.3333333333334,FR,983.3333333333334,ES,786.6666666666662
2022-06-21 13:00:00,BR-CS,996.6666666666667,US-NW-BPAT,996.6666666666667,AU-VIC,996.6666666666667,ES,996.6666666666667,FR,797.3333333333326
2022-06-21 14:00:00,BR-CS,979.375,US-NW-BPAT,979.375,AU-VIC,979.375,ES,979.375,FR,783.5
2022-06-21 15:00:00,BR-CS,915.625,US-NW-BPAT,915.625,AU-VIC,915.625,FR,915.625,ES,732.5
2022-06-21 16:00:00,BR-CS,824.375,US-NW-BPAT,824.375,AU-VIC,824.375,FR,824.375,ES,659.5
2022-06-21 17:00:00,BR-CS,702.0833333333334,US-NW-BPAT,702.0833333333334,AU-VIC,702.0833333333334,FR,702.0833333333334,ES,561.6666666666662
2022-06-21 18:00:00,BR-CS,572.0833333333334,AU-VIC,572.0833333333334,US-NW-BPAT,572.0833333333334,FR,572.0833333333334,ES,457.6666666666662
2022-06-21 19:00:00,BR-CS,485.20833333333337,AU-VIC,485.20833333333337,US-NW-BPAT,485.20833333333337,FR,485.20833333333337,ES,388.1666666666663
2022-06-21 20:00:00,BR-CS,423.5416666666667,AU-VIC,423.5416666666667,US-NW-BPAT,423.5416666666667,FR,423.5416666666667,ES,338.8333333333331
2022-06-21 21:00:00,BR-CS,392.2916666666667,AU-VIC,392.2916666666667,US-NW-BPAT,392.2916666666667,FR,392.2916666666667,ES,313.8333333333331
2022-06-21 22:00:00,BR-CS,391.45833333333337,US-NW-BPAT,391.45833333333337,FR,391.45833333333337,AU-VIC,391.45833333333337,ES,313.1666666666663
2022-06-21 23:00:00,BR-CS,441.45833333333337,US-NW-BPAT,441.45833333333337,FR,441.45833333333337,ES,441.45833333333337,CA-ON,353.1666666666663
2022-06-22 00:00:00,BR-CS,493.33333333333337,US-NW-BPAT,493.33333333333337,FR,493.33333333333337,ES,493.33333333333337,CA-ON,394.6666666666663
2022-06-22 01:00:00,BR-CS,576.25,US-NW-BPAT,576.25,FR,576.25,ES,576.25,CA-ON,461.0
2022-06-22 02:00:00,BR-CS,637.7083333333334,US-NW-BPAT,637.7083333333334,FR,637.7083333333334,ES,637.7083333333334,CA-ON,510.1666666666662
2022-06-22 03:00:00,BR-CS,668.5416666666667,US-NW-BPAT,668.5416666666667,FR,668.5416666666667,ES,668.5416666666667,CA-ON,534.8333333333328
2022-06-22 04:00:00,BR-CS,690.0,US-NW-BPAT,690.0,FR,690.0,ES,690.0,CA-ON,552.0
2022-06-22 05:00:00,BR-CS,726.875,US-NW-BPAT,726.875,FR,726.875,ES,726.875,IT-NO,581.5
2022-06-22 06:00:00,BR-CS,742.7083333333334,US-NW-BPAT,742.7083333333334,FR,742.7083333333334,ES,742.7083333333334,AU-VIC,594.1666666666662
2022-06-22 07:00:00,BR-CS,761.0416666666667,US-NW-BPAT,761.0416666666667,AU-VIC,761.0416666666667,FR,761.0416666666667,IT-NO,608.8333333333326
2022-06-22 08:00:00,BR-CS,790.625,US-NW-BPAT,790.625,AU-VIC,790.625,FR,790.625,ES,632.5
2022-06-22 09:00:00,BR-CS,825.8333333333334,US-NW-BPAT,825.8333333333334,AU-VIC,825.8333333333334,FR,825.8333333333334,ES,660.6666666666662
2022-06-22 10:00:00,BR-CS,885.4166666666667,US-NW-BPAT,885.4166666666667,AU-VIC,885.4166666666667,FR,885.4166666666667,ES,708.3333333333326
2022-06-22 11:00:00,BR-CS,935.2083333333334,US-NW-BPAT,935.2083333333334,AU-VIC,935.2083333333334,FR,935.2083333333334,ES,748.1666666666662
2022-06-22 12:00:00,BR-CS,983.3333333333334,US-NW-BPAT,983.3333333333334,AU-VIC,983.3333333333334,FR,983.3333333333334,ES,786.6666666666662
2022-06-22 13:00:00,BR-CS,996.6666666666667,US-NW-BPAT,996.6666666666667,FR,996.6666666666667,AU-VIC,996.6666666666667,ES,797.3333333333326
2022-06-22 14:00:00,BR-CS,979.375,US-NW-BPAT,979.375,FR,979.375,AU-VIC,979.375,ES,783.5
2022-06-22 15:00:00,BR-CS,915.625,US-NW-BPAT,915.625,FR,915.625,ES,915.625,AU-VIC,732.5
2022-06-22 16:00:00,BR-CS,824.375,US-NW-BPAT,824.375,FR,824.375,ES,824.375,IT-NO,659.5
2022-06-22 17:00:00,BR-CS,702.0833333333334,US-NW-BPAT,702.0833333333334,FR,702.0833333333334,ES,702.0833333333334,IT-NO,561.6666666666662
2022-06-22 18:00:00,BR-CS,572.0833333333334,FR,572.0833333333334,US-NW-BPAT,572.0833333333334,ES,572.0833333333334,IT-NO,457.6666666666662
2022-06-22 19:00:00,BR-CS,485.20833333333337,FR,485.20833333333337,US-NW-BPAT,485.20833333333337,ES,485.20833333333337,IT-NO,388.1666666666663
2022-06-22 20:00:00,BR-CS,423.5416666666667,FR,423.5416666666667,US-NW-BPAT,423.5416666666667,ES,423.5416666666667,IT-NO,338.8333333333331
2022-06-22 21:00:00,BR-CS,392.2916666666667,FR,392.2916666666667,US-NW-BPAT,392.2916666666667,ES,392.2916666666667,IT-NO,313.8333333333331
2022-06-22 22:00:00,BR-CS,391.45833333333337,US-NW-BPAT,391.45833333333337,FR,391.45833333333337,ES,391.45833333333337,CA-ON,313.1666666666663
2022-06-22 23:00:00,BR-CS,441.45833333333337,US-NW-BPAT,441.45833333333337,FR,441.45833333333337,ES,441.45833333333337,CA-ON,353.1666666666663
2022-06-23 00:00:00,BR-CS,493.33333333333337,US-NW-BPAT,493.33333333333337,FR,493.33333333333337,ES,493.33333333333337,CA-ON,394.6666666666663
2022-06-23 01:00:00,BR-CS,576.25,US-NW-BPAT,576.25,FR,576.25,ES,576.25,CA-ON,461.0
2022-06-23 02:00:00,BR-CS,637.7083333333334,US-NW-BPAT,637.7083333333334,FR,637.7083333333334,ES,637.7083333333334,CA-ON,510.1666666666662
2022-06-23 03:00:00,BR-CS,668.5416666666667,US-NW-BPAT,668.5416666666667,FR,668.5416666666667,ES,668.5416666666667,CA-ON,534.8333333333328
2022-06-23 04:00:00,BR-CS,690.0,US-NW-BPAT,690.0,FR,690.0,ES,690.0,IT-NO,552.0
2022-06-23 05:00:00,BR-CS,726.875,US-NW-BPAT,726.875,FR,726.875,ES,726.875,IT-NO,581.5
2022-06-23 06:00:00,BR-CS,742.7083333333334,US-NW-BPAT,742.7083333333334,FR,742.7083333333334,ES,742.7083333333334,IT-NO,594.1666666666662
2022-06-23 07:00:00,BR-CS,761.0416666666667,US-NW-BPAT,761.0416666666667,FR,761.0416666666667,ES,761.0416666666667,IT-NO,608.8333333333326
2022-06-23 08:00:00,BR-CS,790.625,US-NW-BPAT,790.625,FR,790.625,ES,790.625,IT-NO,632.5
2022-06-23 09:00:00,BR-CS,825.8333333333334,US-NW-BPAT,825.8333333333334,FR,825.8333333333334,ES,825.8333333333334,IT-NO,660.6666666666662
2022-06-23 10:00:00,BR-CS,885.4166666666667,US-NW-BPAT,885.4166666666667,FR,885.4166666666667,ES,885.4166666666667,IT-NO,708.3333333333326
2022-06-23 11:00:00,BR-CS,935.2083333333334,US-NW-BPAT,935.2083333333334,FR,935.2083333333334,ES,935.2083333333334,IT-NO,748.1666666666662
2022-06-23 12:00:00,BR-CS,983.3333333333334,US-NW-BPAT,983.3333333333334,FR,983.3333333333334,ES,983.3333333333334,IT-NO,786.6666666666662
2022-06-23 13:00:00,BR-CS,996.6666666666667,US-NW-BPAT,996.6666666666667,FR,996.6666666666667,ES,996.6666666666667,IT-NO,797.3333333333326
2022-06-23 14:00:00,BR-CS,979.375,US-NW-BPAT,979.375,FR,979.375,ES,979.375,IT-NO,783.5
2022-06-23 15:00:00,BR-CS,915.625,US-NW-BPAT,915.625,FR,915.625,ES,915.625,IT-NO,732.5
2022-06-23 16:00:00,BR-CS,824.375,US-NW-BPAT,824.375,FR,824.375,ES,824.375,IT-NO,659.5
2022-06-23 17:00:00,BR-CS,702.0833333333334,US-NW-BPAT,702.0833333333334,FR,702.0833333333334,ES,702.0833333333334,IT-NO,561.6666666666662
2022-06-23 18:00:00,BR-CS,572.0833333333334,US-NW-BPAT,572.0833333333334,FR,572.0833333333334,ES,572.0833333333334,IT-NO,457.6666666666662
2022-06-23 19:00:00,BR-CS,485.20833333333337,US-NW-BPAT,485.20833333333337,FR,485.20833333333337,ES,485.20833333333337,IT-NO,388.1666666666663
2022-06-23 20:00:00,BR-CS,423.5416666666667,US-NW-BPAT,423.5416666666667,FR,423.5416666666667,ES,423.5416666666667,IT-NO,338.8333333333331
2022-06-23 21:00:00,BR-CS,392.2916666666667,US-NW-BPAT,392.2916666666667,FR,392.2916666666667,ES,392.2916666666667,AU-VIC,313.8333333333331
2022-06-23 22:00:00,BR-CS,391.45833333333337,US-NW-BPAT,391.45833333333337,FR,391.45833333333337,ES,391.45833333333337,CA-ON,313.1666666666663
2022-06-23 23:00:00,BR-CS,441.45833333333337,US-NW-BPAT,441.45833333333337,FR,441.45833333333337,ES,441.45833333333337,CA-ON,353.1666666666663
2022-06-24 00:00:00,BR-CS,493.33333333333337,US-NW-BPAT,493.33333333333337,FR,493.33333333333337,ES,493.33333333333337,CA-ON,394.6666666666663
2022-06-24 01:00:00,BR-CS,576.25,US-NW-BPAT,576.25,FR,576.25,ES,576.25,CA-ON,461.0
2022-06-24 02:00:00,BR-CS,637.7083333333334,US-NW-BPAT,637.7083333333334,FR,637.7083333333334,ES,637.7083333333334,CA-ON,510.1666666666662
2022-06-24 03:00:00,BR-CS,668.5416666666667,US-NW-BPAT,668.5416666666667,FR,668.5416666666667,ES,668.5416666666667,CA-ON,534.8333333333328
2022-06-24 04:00:00,BR-CS,690.0,US-NW-BPAT,690.0,FR,690.0,ES,690.0,IT-NO,552.0
2022-06-24 05:00:00,BR-CS,726.875,US-NW-BPAT,726.875,FR,726.875,ES,726.875,IT-NO,581.5
2022-06-24 06:00:00,BR-CS,742.7083333333334,US-NW-BPAT,742.7083333333334,FR,742.7083333333334,ES,742.7083333333334,IT-NO,594.1666666666662
2022-06-24 07:00:00,BR-CS,761.0416666666667,US-NW-BPAT,761.0416666666667,FR,761.0416666666667,ES,761.0416666666667,IT-NO,608.8333333333326
2022-06-24 08:00:00,BR-CS,790.625,US-NW-BPAT,790.625,FR,790.625,ES,790.625,AU-VIC,632.5
2022-06-24 09:00:00,BR-CS,825.8333333333334,US-NW-BPAT,825.8333333333334,FR,825.8333333333334,ES,825.8333333333334,AU-VIC,660.6666666666662
2022-06-24 10:00:00,BR-CS,885.4166666666667,US-NW-BPAT,885.4166666666667,AU-VIC,885.4166666666667,ES,885.4166666666667,FR,708.3333333333326
2022-06-24 11:00:00,BR-CS,935.2083333333334,US-NW-BPAT,935.2083333333334,AU-VIC,935.2083333333334,ES,935.2083333333334,FR,748.1666666666662
2022-06-24 12:00:00,BR-CS,983.3333333333334,US-NW-BPAT,983.3333333333334,AU-VIC,983.3333333333334,ES,983.3333333333334,FR,786.6666666666662
2022-06-24 13:00:00,BR-CS,996.6666666666667,US-NW-BPAT,996.6666666666667,AU-VIC,996.6666666666667,FR,996.6666666666667,ES,797.3333333333326
2022-06-24 14:00:00,BR-CS,979.375,US-NW-BPAT,979.375,AU-VIC,979.375,FR,979.375,ES,783.5
2022-06-24 15:00:00,BR-CS,915.625,US-NW-BPAT,915.625,FR,915.625,AU-VIC,915.625,ES,732.5
2022-06-24 16:00:00,BR-CS,824.375,US-NW-BPAT,824.375,FR,824.375,AU-VIC,824.375,ES,659.5
2022-06-24 17:00:00,BR-CS,702.0833333333334,US-NW-BPAT,702.0833333333334,FR,702.0833333333334,AU-VIC,702.0833333333334,ES,561.6666666666662
2022-06-24 18:00:00,BR-CS,572.0833333333334,US-NW-BPAT,572.0833333333334,FR,572.0833333333334,AU-VIC,572.0833333333334,ES,457.6666666666662
2022-06-24 19:00:00,BR-CS,485.20833333333337,FR,485.20833333333337,US-NW-BPAT,485.20833333333337,AU-VIC,485.20833333333337,ES,388.1666666666663
2022-06-24 20:00:00,BR-CS,423.5416666666667,FR,423.5416666666667,US-NW-BPAT,423.5416666666667,AU-VIC,423.5416666666667,ES,338.8333333333331
2022-06-24 21:00:00,BR-CS,392.2916666666667,FR,392.2916666666667,US-NW-BPAT,392.2916666666667,AU-VIC,392.2916666666667,ES,313.8333333333331
2022-06-24 22:00:00,BR-CS,391.45833333333337,US-NW-BPAT,391.45833333333337,FR,391.45833333333337,ES,391.45833333333337,CA-ON,313.1666666666663
2022-06-24 23:00:00,BR-CS,441.45833333333337,US-NW-BPAT,441.45833333333337,FR,441.45833333333337,ES,441.45833333333337,CA-ON,353.1666666666663
2022-06-25 00:00:00,BR-CS,493.33333333333337,US-NW-BPAT,493.33333333333337,FR,493.33333333333337,ES,493.33333333333337,CA-ON,394.6666666666663
2022-06-25 01:00:00,BR-CS,576.25,US-NW-BPAT,576.25,FR,576.25,ES,576.25,CA-ON,461.0
2022-06-25 02:00:00,BR-CS,637.7083333333334,US-NW-BPAT,637.7083333333334,FR,637.7083333333334,ES,637.7083333333334,CA-ON,510.1666666666662
2022-06-25 03:00:00,BR-CS,668.5416666666667,US-NW-BPAT,668.5416666666667,FR,668.5416666666667,ES,668.5416666666667,CA-ON,534.8333333333328
2022-06-25 04:00:00,BR-CS,690.0,US-NW-BPAT,690.0,FR,690.0,ES,690.0,CA-ON,552.0
2022-06-25 05:00:00,BR-CS,726.875,US-NW-BPAT,726.875,FR,726.875,ES,726.875,CA-ON,581.5
2022-06-25 06:00:00,BR-CS,742.7083333333334,US-NW-BPAT,742.7083333333334,FR,742.7083333333334,ES,742.7083333333334,IT-NO,594.1666666666662
2022-06-25 07:00:00,BR-CS,761.0416666666667,US-NW-BPAT,761.0416666666667,FR,761.0416666666667,ES,761.0416666666667,AU-VIC,608.8333333333326
2022-06-25 08:00:00,BR-CS,790.625,US-NW-BPAT,790.625,FR,790.625,ES,790.625,AU-VIC,632.5
2022-06-25 09:00:00,BR-CS,825.8333333333334,US-NW-BPAT,825.8333333333334,FR,825.8333333333334,ES,825.8333333333334,AU-VIC,660.6666666666662
2022-06-25 10:00:00,BR-CS,885.4166666666667,US-NW-BPAT,885.4166666666667,FR,885.4166666666667,ES,885.4166666666667,AU-VIC,708.3333333333326
2022-06-25 11:00:00,BR-CS,935.2083333333334,US-NW-BPAT,935.2083333333334,FR,935.2083333333334,ES,935.2083333333334,AU-VIC,748.1666666666662
2022-06-25 12:00:00,BR-CS,983.3333333333334,US-NW-BPAT,983.3333333333334,ES,983.3333333333334,FR,983.3333333333334,AU-VIC,786.6666666666662
2022-06-25 13:00:00,BR-CS,996.6666666666667,US-NW-BPAT,996.6666666666667,ES,996.6666666666667,FR,996.6666666666667,AU-VIC,797.3333333333326
2022-06-25 14:00:00,BR-CS,979.375,US-NW-BPAT,979.375,ES,979.375,FR,979.375,AU-VIC,783.5
2022-06-25 15:00:00,BR-CS,915.625,US-NW-BPAT,915.625,FR,915.625,ES,915.625,AU-VIC,732.5
2022-06-25 16:00:00,BR-CS,824.375,US-NW-BPAT,824.375,FR,824.375,ES,824.375,AU-VIC,659.5
2022-06-25 17:00:00,BR-CS,702.0833333333334,US-NW-BPAT,702.0833333333334,FR,702.0833333333334,ES,702.0833333333334,AU-VIC,561.6666666666662
2022-06-25 18:00:00,BR-CS,572.0833333333334,US-NW-BPAT,572.0833333333334,FR,572.0833333333334,ES,572.0833333333334,AU-VIC,457.6666666666662
2022-06-25 19:00:00,BR-CS,485.20833333333337,FR,485.20833333333337,US-NW-BPAT,485.20833333333337,ES,485.20833333333337,AU-VIC,388.1666666666663
2022-06-25 20:00:00,BR-CS,423.5416666666667,FR,423.5416666666667,US-NW-BPAT,423.5416666666667,ES,423.5416666666667,AU-VIC,338.8333333333331
2022-06-25 21:00:00,BR-CS,392.2916666666667,FR,392.2916666666667,US-NW-BPAT,392.2916666666667,ES,392.2916666666667,AU-VIC,313.8333333333331
2022-06-25 22:00:00,BR-CS,391.45833333333337,FR,391.45833333333337,US-NW-BPAT,391.45833333333337,ES,391.45833333333337,IT-NO,313.1666666666663
2022-06-25 23:00:00,BR-CS,441.45833333333337,US-NW-BPAT,441.45833333333337,FR,441.45833333333337,ES,441.45833333333337,IT-NO,353.1666666666663
2022-06-26 00:00:00,BR-CS,493.33333333333337,US-NW-BPAT,493.33333333333337,FR,493.33333333333337,ES,493.33333333333337,IT-NO,394.6666666666663
2022-06-26 01:00:00,BR-CS,576.25,US-NW-BPAT,576.25,FR,576.25,ES,576.25,IT-NO,461.0
2022-06-26 02:00:00,BR-CS,637.7083333333334,US-NW-BPAT,637.7083333333334,FR,637.7083333333334,ES,637.7083333333334,CA-ON,510.1666666666662
2022-06-26 03:00:00,BR-CS,668.5416666666667,US-NW-BPAT,668.5416666666667,FR,668.5416666666667,ES,668.5416666666667,IT-NO,534.8333333333328
2022-06-26 04:00:00,BR-CS,690.0,US-NW-BPAT,690.0,FR,690.0,ES,690.0,CA-ON,552.0
2022-06-26 05:00:00,BR-CS,726.875,US-NW-BPAT,726.875,FR,726.875,ES,726.875,CA-ON,581.5
2022-06-26 06:00:00,BR-CS,742.7083333333334,US-NW-BPAT,742.7083333333334,FR,742.7083333333334,ES,742.7083333333334,CA-ON,594.1666666666662
2022-06-26 07:00:00,BR-CS,761.0416666666667,US-NW-BPAT,761.0416666666667,FR,761.0416666666667,ES,761.0416666666667,AU-VIC,608.8333333333326
2022-06-26 08:00:00,BR-CS,790.625,US-NW-BPAT,790.625,FR,790.625,ES,790.625,AU-VIC,632.5
2022-06-26 09:00:00,BR-CS,825.8333333333334,US-NW-BPAT,825.8333333333334,FR,825.8333333333334,ES,825.8333333333334,AU-VIC,660.6666666666662
2022-06-26 10:00:00,BR-CS,885.4166666666667,US-NW-BPAT,885.4166666666667,FR,885.4166666666667,ES,885.4166666666667,AU-VIC,708.3333333333326
2022-06-26 11:00:00,BR-CS,935.2083333333334,US-NW-BPAT,935.2083333333334,FR,935.2083333333334,AU-VIC,935.2083333333334,ES,748.1666666666662
2022-06-26 12:00:00,BR-CS,983.3333333333334,US-NW-BPAT,983.3333333333334,FR,983.3333333333334,AU-VIC,983.3333333333334,ES,786.6666666666662
2022-06-26 13:00:00,BR-CS,996.6666666666667,US-NW-BPAT,996.6666666666667,AU-VIC,996.6666666666667,FR,996.6666666666667,ES,797.3333333333326
2022-06-26 14:00:00,BR-CS,979.375,US-NW-BPAT,979.375,AU-VIC,979.375,ES,979.375,FR,783.5
2022-06-26 15:00:00,BR-CS,915.625,US-NW-BPAT,915.625,FR,915.625,AU-VIC,915.625,ES,732.5
2022-06-26 16:00:00,BR-CS,824.375,US-NW-BPAT,824.375,AU-VIC,824.375,FR,824.375,ES,659.5
2022-06-26 17:00:00,BR-CS,702.0833333333334,US-NW-BPAT,702.0833333333334,FR,702.0833333333334,AU-VIC,702.0833333333334,ES,561.6666666666662
2022-06-26 18:00:00,BR-CS,572.0833333333334,US-NW-BPAT,572.0833333333334,FR,572.0833333333334,AU-VIC,572.0833333333334,ES,457.6666666666662
2022-06-26 19:00:00,BR-CS,485.20833333333337,US-NW-BPAT,485.20833333333337,FR,485.20833333333337,AU-VIC,485.20833333333337,ES,388.1666666666663
2022-06-26 20:00:00,BR-CS,423.5416666666667,US-NW-BPAT,423.5416666666667,FR,423.5416666666667,AU-VIC,423.5416666666667,ES,338.8333333333331
2022-06-26 21:00:00,BR-CS,392.2916666666667,US-NW-BPAT,392.2916666666667,FR,392.2916666666667,AU-VIC,392.2916666666667,ES,313.8333333333331
2022-06-26 22:00:00,BR-CS,391.45833333333337,US-NW-BPAT,391.45833333333337,FR,391.45833333333337,ES,391.45833333333337,AU-VIC,313.1666666666663
2022-06-26 23:00:00,BR-CS,441.45833333333337,US-NW-BPAT,441.45833333333337,FR,441.45833333333337,ES,441.45833333333337,CA-ON,353.1666666666663
2022-06-27 00:00:00,BR-CS,493.33333333333337,US-NW-BPAT,493.33333333333337,FR,493.33333333333337,ES,493.33333333333337,CA-ON,394.6666666666663
2022-06-27 01:00:00,BR-CS,576.25,US-NW-BPAT,576.25,FR,576.25,ES,576.25,CA-ON,461.0
2022-06-27 02:00:00,BR-CS,637.7083333333334,US-NW-BPAT,637.7083333333334,FR,637.7083333333334,ES,637.7083333333334,CA-ON,510.1666666666662
2022-06-27 03:00:00,BR-CS,668.5416666666667,US-NW-BPAT,668.5416666666667,FR,668.5416666666667,ES,668.5416666666667,CA-ON,534.8333333333328
2022-06-27 04:00:00,BR-CS,690.0,US-NW-BPAT,690.0,FR,690.0,ES,690.0,CA-ON,552.0
2022-06-27 05:00:00,BR-CS,726.875,US-NW-BPAT,726.875,FR,726.875,ES,726.875,CA-ON,581.5
2022-06-27 06:00:00,BR-CS,742.7083333333334,US-NW-BPAT,742.7083333333334,FR,742.7083333333334,ES,742.7083333333334,IT-NO,594.1666666666662
2022-06-27 07:00:00,BR-CS,761.0416666666667,US-NW-BPAT,761.0416666666667,AU-VIC,761.0416666666667,FR,761.0416666666667,ES,608.8333333333326
2022-06-27 08:00:00,BR-CS,790.625,US-NW-BPAT,790.625,AU-VIC,790.625,FR,790.625,ES,632.5
2022-06-27 09:00:00,BR-CS,825.8333333333334,US-NW-BPAT,825.8333333333334,AU-VIC,825.8333333333334,FR,825.8333333333334,ES,660.6666666666662
2022-06-27 10:00:00,BR-CS,885.4166666666667,AU-VIC,885.4166666666667,US-NW-BPAT,885.4166666666667,FR,885.4166666666667,ES,708.3333333333326
2022-06-27 11:00:00,BR-CS,935.2083333333334,AU-VIC,935.2083333333334,US-NW-BPAT,935.2083333333334,FR,935.2083333333334,ES,748.1666666666662
2022-06-27 12:00:00,BR-CS,983.3333333333334,AU-VIC,983.3333333333334,US-NW-BPAT,983.3333333333334,FR,983.3333333333334,ES,786.6666666666662
2022-06-27 13:00:00,BR-CS,996.6666666666667,AU-VIC,996.6666666666667,US-NW-BPAT,996.6666666666667,FR,996.6666666666667,ES,797.3333333333326
2022-06-27 14:00:00,BR-CS,979.375,AU-VIC,979.375,US-NW-BPAT,979.375,FR,979.375,ES,783.5
2022-06-27 15:00:00,BR-CS,915.625,AU-VIC,915.625,US-NW-BPAT,915.625,FR,915.625,ES,732.5
2022-06-27 16:00:00,BR-CS,824.375,AU-VIC,824.375,US-NW-BPAT,824.375,FR,824.375,ES,659.5
2022-06-27 17:00:00,BR-CS,702.0833333333334,AU-VIC,702.0833333333334,US-NW-BPAT,702.0833333333334,FR,702.0833333333334,ES,561.6666666666662
2022-06-27 18:00:00,BR-CS,572.0833333333334,AU-VIC,572.0833333333334,US-NW-BPAT,572.0833333333334,FR,572.0833333333334,ES,457.6666666666662
2022-06-27 19:00:00,BR-CS,485.20833333333337,AU-VIC,485.20833333333337,US-NW-BPAT,485.20833333333337,FR,485.20833333333337,ES,388.1666666666663
2022-06-27 20:00:00,BR-CS,423.5416666666667,AU-VIC,423.5416666666667,US-NW-BPAT,423.5416666666667,FR,423.5416666666667,ES,338.8333333333331
2022-06-27 21:00:00,BR-CS,392.2916666666667,AU-VIC,392.2916666666667,US-NW-BPAT,392.2916666666667,FR,392.2916666666667,ES,313.8333333333331
2022-06-27 22:00:00,BR-CS,391.45833333333337,US-NW-BPAT,391.45833333333337,FR,391.45833333333337,AU-VIC,391.45833333333337,ES,313.1666666666663
2022-06-27 23:00:00,BR-CS,441.45833333333337,US-NW-BPAT,441.45833333333337,FR,441.45833333333337,ES,441.45833333333337,CA-ON,353.1666666666663
2022-06-28 00:00:00,BR-CS,493.33333333333337,US-NW-BPAT,493.33333333333337,FR,493.33333333333337,ES,493.33333333333337,CA-ON,394.6666666666663
2022-06-28 01:00:00,BR-CS,576.25,US-NW-BPAT,576.25,FR,576.25,ES,576.25,CA-ON,461.0
2022-06-28 02:00:00,BR-CS,637.7083333333334,US-NW-BPAT,637.7083333333334,FR,637.7083333333334,ES,637.7083333333334,CA-ON,510.1666666666662
2022-06-28 03:00:00,BR-CS,668.5416666666667,US-NW-BPAT,668.5416666666667,FR,668.5416666666667,ES,668.5416666666667,CA-ON,534.8333333333328
2022-06-28 04:00:00,BR-CS,690.0,US-NW-BPAT,690.0,FR,690.0,ES,690.0,CA-ON,552.0
2022-06-28 05:00:00,BR-CS,726.875,US-NW-BPAT,726.875,FR,726.875,ES,726.875,IT-NO,581.5
2022-06-28 06:00:00,BR-CS,742.7083333333334,US-NW-BPAT,742.7083333333334,FR,742.7083333333334,AU-VIC,742.7083333333334,ES,594.1666666666662
2022-06-28 07:00:00,BR-CS,761.0416666666667,US-NW-BPAT,761.0416666666667,AU-VIC,761.0416666666667,FR,761.0416666666667,ES,608.8333333333326
2022-06-28 08:00:00,BR-CS,790.625,US-NW-BPAT,790.625,AU-VIC,790.625,FR,790.625,ES,632.5
2022-06-28 09:00:00,BR-CS,825.8333333333334,US-NW-BPAT,825.8333333333334,AU-VIC,825.8333333333334,FR,825.8333333333334,ES,660.6666666666662
2022-06-28 10:00:00,BR-CS,885.4166666666667,US-NW-BPAT,885.4166666666667,AU-VIC,885.4166666666667,FR,885.4166666666667,ES,708.3333333333326
2022-06-28 11:00:00,BR-CS,935.2083333333334,US-NW-BPAT,935.2083333333334,AU-VIC,935.2083333333334,FR,935.2083333333334,ES,748.1666666666662
2022-06-28 12:00:00,BR-CS,983.3333333333334,US-NW-BPAT,983.3333333333334,AU-VIC,983.3333333333334,FR,983.3333333333334,ES,786.6666666666662
2022-06-28 13:00:00,BR-CS,996.6666666666667,US-NW-BPAT,996.6666666666667,AU-VIC,996.6666666666667,FR,996.6666666666667,ES,797.3333333333326
2022-06-28 14:00:00,BR-CS,979.375,US-NW-BPAT,979.375,AU-VIC,979.375,FR,979.375,ES,783.5
2022-06-28 15:00:00,BR-CS,915.625,US-NW-BPAT,915.625,AU-VIC,915.625,FR,915.625,IT-NO,732.5
2022-06-28 16:00:00,BR-CS,824.375,US-NW-BPAT,824.375,AU-VIC,824.375,FR,824.375,IT-NO,659.5
2022-06-28 17:00:00,BR-CS,702.0833333333334,AU-VIC,702.0833333333334,US-NW-BPAT,702.0833333333334,FR,702.0833333333334,IT-NO,561.6666666666662
2022-06-28 18:00:00,BR-CS,572.0833333333334,AU-VIC,572.0833333333334,US-NW-BPAT,572.0833333333334,FR,572.0833333333334,IT-NO,457.6666666666662
2022-06-28 19:00:00,BR-CS,485.20833333333337,AU-VIC,485.20833333333337,FR,485.20833333333337,US-NW-BPAT,485.20833333333337,IT-NO,388.1666666666663
2022-06-28 20:00:00,BR-CS,423.5416666666667,AU-VIC,423.5416666666667,FR,423.5416666666667,US-NW-BPAT,423.5416666666667,ES,338.8333333333331
2022-06-28 21:00:00,BR-CS,392.2916666666667,AU-VIC,392.2916666666667,US-NW-BPAT,392.2916666666667,FR,392.2916666666667,ES,313.8333333333331
2022-06-28 22:00:00,BR-CS,391.45833333333337,US-NW-BPAT,391.45833333333337,FR,391.45833333333337,ES,391.45833333333337,AU-VIC,313.1666666666663
2022-06-28 23:00:00,BR-CS,441.45833333333337,US-NW-BPAT,441.45833333333337,FR,441.45833333333337,ES,441.45833333333337,CA-ON,353.1666666666663
2022-06-29 00:00:00,BR-CS,493.33333333333337,US-NW-BPAT,493.33333333333337,FR,493.33333333333337,ES,493.33333333333337,CA-ON,394.6666666666663
2022-06-29 01:00:00,BR-CS,576.25,US-NW-BPAT,576.25,FR,576.25,ES,576.25,CA-ON,461.0
2022-06-29 02:00:00,BR-CS,637.7083333333334,US-NW-BPAT,637.7083333333334,FR,637.7083333333334,ES,637.7083333333334,CA-ON,510.1666666666662
2022-06-29 03:00:00,BR-CS,668.5416666666667,US-NW-BPAT,668.5416666666667,FR,668.5416666666667,ES,668.5416666666667,CA-ON,534.8333333333328
2022-06-29 04:00:00,BR-CS,690.0,US-NW-BPAT,690.0,FR,690.0,ES,690.0,CA-ON,552.0
2022-06-29 05:00:00,BR-CS,726.875,US-NW-BPAT,726.875,FR,726.875,ES,726.875,IT-NO,581.5
2022-06-29 06:00:00,BR-CS,742.7083333333334,US-NW-BPAT,742.7083333333334,FR,742.7083333333334,ES,742.7083333333334,IT-NO,594.1666666666662
2022-06-29 07:00:00,BR-CS,761.0416666666667,US-NW-BPAT,761.0416666666667,FR,761.0416666666667,AU-VIC,761.0416666666667,IT-NO,608.8333333333326
2022-06-29 08:00:00,BR-CS,790.625,US-NW-BPAT,790.625,AU-VIC,790.625,FR,790.625,ES,632.5
2022-06-29 09:00:00,BR-CS,825.8333333333334,US-NW-BPAT,825.8333333333334,AU-VIC,825.8333333333334,FR,825.8333333333334,ES,660.6666666666662
2022-06-29 10:00:00,BR-CS,885.4166666666667,US-NW-BPAT,885.4166666666667,AU-VIC,885.4166666666667,FR,885.4166666666667,ES,708.3333333333326
2022-06-29 11:00:00,BR-CS,935.2083333333334,US-NW-BPAT,935.2083333333334,AU-VIC,935.2083333333334,FR,935.2083333333334,ES,748.1666666666662
2022-06-29 12:00:00,BR-CS,983.3333333333334,US-NW-BPAT,983.3333333333334,AU-VIC,983.3333333333334,FR,983.3333333333334,ES,786.6666666666662
2022-06-29 13:00:00,BR-CS,996.6666666666667,US-NW-BPAT,996.6666666666667,AU-VIC,996.6666666666667,FR,996.6666666666667,ES,797.3333333333326
2022-06-29 14:00:00,BR-CS,979.375,US-NW-BPAT,979.375,AU-VIC,979.375,FR,979.375,ES,783.5
2022-06-29 15:00:00,BR-CS,915.625,US-NW-BPAT,915.625,AU-VIC,915.625,FR,915.625,ES,732.5
2022-06-29 16:00:00,BR-CS,824.375,US-NW-BPAT,824.375,AU-VIC,824.375,FR,824.375,ES,659.5
2022-06-29 17:00:00,BR-CS,702.0833333333334,AU-VIC,702.0833333333334,US-NW-BPAT,702.0833333333334,FR,702.0833333333334,ES,561.6666666666662
2022-06-29 18:00:00,BR-CS,572.0833333333334,AU-VIC,572.0833333333334,US-NW-BPAT,572.0833333333334,FR,572.0833333333334,ES,457.6666666666662
2022-06-29 19:00:00,BR-CS,485.20833333333337,AU-VIC,485.20833333333337,FR,485.20833333333337,US-NW-BPAT,485.20833333333337,ES,388.1666666666663
2022-06-29 20:00:00,BR-CS,423.5416666666667,AU-VIC,423.5416666666667,US-NW-BPAT,423.5416666666667,FR,423.5416666666667,ES,338.8333333333331
2022-06-29 21:00:00,BR-CS,392.2916666666667,AU-VIC,392.2916666666667,US-NW-BPAT,392.2916666666667,FR,392.2916666666667,ES,313.8333333333331
2022-06-29 22:00:00,BR-CS,391.45833333333337,US-NW-BPAT,391.45833333333337,AU-VIC,391.45833333333337,FR,391.45833333333337,ES,313.1666666666663
2022-06-29 23:00:00,BR-CS,441.45833333333337,US-NW-BPAT,441.45833333333337,FR,441.45833333333337,ES,441.45833333333337,AU-VIC,353.1666666666663
2022-06-30 00:00:00,BR-CS,493.33333333333337,US-NW-BPAT,493.33333333333337,FR,493.33333333333337,ES,493.33333333333337,CA-ON,394.6666666666663
2022-06-30 01:00:00,BR-CS,576.25,US-NW-BPAT,576.25,FR,576.25,ES,576.25,CA-ON,461.0
2022-06-30 02:00:00,BR-CS,637.7083333333334,US-NW-BPAT,637.7083333333334,FR,637.7083333333334,ES,637.7083333333334,CA-ON,510.1666666666662
2022-06-30 03:00:00,BR-CS,668.5416666666667,US-NW-BPAT,668.5416666666667,FR,668.5416666666667,ES,668.5416666666667,CA-ON,534.8333333333328
2022-06-30 04:00:00,BR-CS,690.0,US-NW-BPAT,690.0,FR,690.0,ES,690.0,CA-ON,552.0
2022-06-30 05:00:00,BR-CS,726.875,US-NW-BPAT,726.875,FR,726.875,ES,726.875,IT-NO,581.5
2022-06-30 06:00:00,BR-CS,742.7083333333334,US-NW-BPAT,742.7083333333334,FR,742.7083333333334,ES,742.7083333333334,IT-NO,594.1666666666662
2022-06-30 07:00:00,BR-CS,761.0416666666667,US-NW-BPAT,761.0416666666667,FR,761.0416666666667,ES,761.0416666666667,IT-NO,608.8333333333326
2022-06-30 08:00:00,BR-CS,790.625,US-NW-BPAT,790.625,FR,790.625,ES,790.625,AU-VIC,632.5
2022-06-30 09:00:00,BR-CS,825.8333333333334,US-NW-BPAT,825.8333333333334,FR,825.8333333333334,ES,825.8333333333334,AU-VIC,660.6666666666662
2022-06-30 10:00:00,BR-CS,885.4166666666667,US-NW-BPAT,885.4166666666667,FR,885.4166666666667,ES,885.4166666666667,AU-VIC,708.3333333333326
2022-06-30 11:00:00,BR-CS,935.2083333333334,US-NW-BPAT,935.2083333333334,FR,935.2083333333334,AU-VIC,935.2083333333334,ES,748.1666666666662
2022-06-30 12:00:00,BR-CS,983.3333333333334,US-NW-BPAT,983.3333333333334,FR,983.3333333333334,AU-VIC,983.3333333333334,ES,786.6666666666662
2022-06-30 13:00:00,BR-CS,996.6666666666667,US-NW-BPAT,996.6666666666667,AU-VIC,996.6666666666667,FR,996.6666666666667,ES,797.3333333333326
2022-06-30 14:00:00,BR-CS,979.375,US-NW-BPAT,979.375,AU-VIC,979.375,FR,979.375,ES,783.5
2022-06-30 15:00:00,BR-CS,915.625,US-NW-BPAT,915.625,AU-VIC,915.625,FR,915.625,ES,732.5
2022-06-30 16:00:00,BR-CS,824.375,US-NW-BPAT,824.375,FR,824.375,AU-VIC,824.375,ES,659.5
2022-06-30 17:00:00,BR-CS,702.0833333333334,US-NW-BPAT,702.0833333333334,FR,702.0833333333334,AU-VIC,702.0833333333334,ES,561.6666666666662
2022-06-30 18:00:00,BR-CS,572.0833333333334,US-NW-BPAT,572.0833333333334,FR,572.0833333333334,AU-VIC,572.0833333333334,ES,457.6666666666662
2022-06-30 19:00:00,BR-CS,485.20833333333337,US-NW-BPAT,485.20833333333337,FR,485.20833333333337,AU-VIC,485.20833333333337,ES,388.1666666666663
2022-06-30 20:00:00,BR-CS,423.5416666666667,US-NW-BPAT,423.5416666666667,FR,423.5416666666667,AU-VIC,423.5416666666667,ES,338.8333333333331
2022-06-30 21:00:00,BR-CS,392.2916666666667,US-NW-BPAT,392.2916666666667,FR,392.2916666666667,AU-VIC,392.2916666666667,ES,313.8333333333331
2022-06-30 22:00:00,BR-CS,391.45833333333337,US-NW-BPAT,391.45833333333337,FR,391.45833333333337,ES,391.45833333333337,AU-VIC,313.1666666666663
2022-06-30 23:00:00,BR-CS,441.45833333333337,US-NW-BPAT,441.45833333333337,FR,441.45833333333337,ES,441.45833333333337,CA-ON,353.1666666666663
