2022-01-01 09:00:00,10,3428.0514959716666
2022-01-01 09:30:00,6,2024.9952976096372
2022-01-01 10:00:00,3,1187.6673131594148
2022-01-01 10:30:00,3,1191.1020124604852
2022-01-01 11:00:00,3,1188.4428904209467
2022-01-01 11:30:00,8,3160.7112449965875
2022-01-01 12:00:00,10,3645.582451706132
2022-01-01 12:30:00,2,688.0724492309431
2022-01-01 13:00:00,5,1705.4697766086144
2022-01-01 13:30:00,2,681.0060786258733
2022-01-01 14:00:00,7,2292.951086093869
2022-01-01 14:30:00,5,1725.9056219124748
2022-01-01 15:00:00,8,3133.332136589487
2022-01-01 15:30:00,4,1552.9272710904618
2022-01-01 16:00:00,2,663.130869360087
2022-01-01 16:30:00,0,0.0
2022-01-01 17:00:00,0,0.0
2022-01-01 17:30:00,0,0.0
2022-01-01 18:00:00,0,0.0
2022-01-01 18:30:00,0,0.0
2022-01-01 19:00:00,0,0.0
2022-01-01 19:30:00,0,0.0
2022-01-01 20:00:00,0,0.0
2022-01-01 20:30:00,0,0.0
2022-01-01 21:00:00,0,0.0
2022-01-01 21:30:00,0,0.0
2022-01-01 22:00:00,0,0.0
2022-01-01 22:30:00,0,0.0
2022-01-01 23:00:00,0,0.0
2022-01-01 23:30:00,0,0.0
2022-01-02 00:00:00,0,0.0
2022-01-02 00:30:00,0,0.0
2022-01-02 01:00:00,0,0.0
2022-01-02 01:30:00,0,0.0
2022-01-02 02:00:00,0,0.0
2022-01-02 02:30:00,0,0.0
2022-01-02 03:00:00,0,0.0
2022-01-02 03:30:00,0,0.0
2022-01-02 04:00:00,0,0.0
2022-01-02 04:30:00,0,0.0
2022-01-02 05:00:00,0,0.0
2022-01-02 05:30:00,0,0.0
2022-01-02 06:00:00,0,0.0
2022-01-02 06:30:00,0,0.0
2022-01-02 07:00:00,0,0.0
2022-01-02 07:30:00,0,0.0
2022-01-02 08:00:00,0,0.0
2022-01-02 08:30:00,0,0.0
2022-01-02 09:00:00,5,1959.7483216394799
2022-01-02 09:30:00,9,3527.9901659576535
2022-01-02 10:00:00,7,2639.8926477525397
2022-01-02 10:30:00,7,2637.307390214099
2022-01-02 11:00:00,5,1672.9078423744513
2022-01-02 11:30:00,8,2681.3798758694134
2022-01-02 12:00:00,8,2740.5699627495105
2022-01-02 12:30:00,7,2386.4512337341216
2022-01-02 13:00:00,4,1303.0190423745787
2022-01-02 13:30:00,4,1328.9208607597125
2022-01-02 14:00:00,5,1661.4588447042163
2022-01-02 14:30:00,3,1177.5478765089488
2022-01-02 15:00:00,3,1130.089934553297
2022-01-02 15:30:00,8,2971.716608186428
2022-01-02 16:00:00,4,1346.3036400181768
2022-01-02 16:30:00,0,0.0
2022-01-02 17:00:00,0,0.0
2022-01-02 17:30:00,0,0.0
2022-01-02 18:00:00,0,0.0
2022-01-02 18:30:00,0,0.0
2022-01-02 19:00:00,0,0.0
2022-01-02 19:30:00,0,0.0
2022-01-02 20:00:00,0,0.0
2022-01-02 20:30:00,0,0.0
2022-01-02 21:00:00,0,0.0
2022-01-02 21:30:00,0,0.0
2022-01-02 22:00:00,0,0.0
2022-01-02 22:30:00,0,0.0
2022-01-02 23:00:00,0,0.0
2022-01-02 23:30:00,0,0.0
2022-01-03 00:00:00,0,0.0
2022-01-03 00:30:00,0,0.0
2022-01-03 01:00:00,0,0.0
2022-01-03 01:30:00,0,0.0
2022-01-03 02:00:00,0,0.0
2022-01-03 02:30:00,0,0.0
2022-01-03 03:00:00,0,0.0
2022-01-03 03:30:00,0,0.0
2022-01-03 04:00:00,0,0.0
2022-01-03 04:30:00,0,0.0
2022-01-03 05:00:00,0,0.0
2022-01-03 05:30:00,0,0.0
2022-01-03 06:00:00,0,0.0
2022-01-03 06:30:00,0,0.0
2022-01-03 07:00:00,0,0.0
2022-01-03 07:30:00,0,0.0
2022-01-03 08:00:00,0,0.0
2022-01-03 08:30:00,0,0.0
2022-01-03 09:00:00,7,2717.019497649338
2022-01-03 09:30:00,6,2343.4251618443677
2022-01-03 10:00:00,10,3605.3262986075633
2022-01-03 10:30:00,7,2669.019882685632
2022-01-03 11:00:00,12,4576.349030045692
2022-01-03 11:30:00,1,381.65787717486756
2022-01-03 12:00:00,10,3826.1811568914522
2022-01-03 12:30:00,7,2672.8115937420116
2022-01-03 13:00:00,5,1906.935203354202
2022-01-03 13:30:00,5,1916.7838035006407
2022-01-03 14:00:00,0,0.0
2022-01-03 14:30:00,5,1912.0441646801673
2022-01-03 15:00:00,2,765.1623668771925
2022-01-03 15:30:00,8,3048.5356893286494
2022-01-03 16:00:00,2,761.1736838178847
2022-01-03 16:30:00,0,0.0
2022-01-03 17:00:00,0,0.0
2022-01-03 17:30:00,0,0.0
2022-01-03 18:00:00,0,0.0
2022-01-03 18:30:00,0,0.0
2022-01-03 19:00:00,0,0.0
2022-01-03 19:30:00,0,0.0
2022-01-03 20:00:00,0,0.0
2022-01-03 20:30:00,0,0.0
2022-01-03 21:00:00,0,0.0
2022-01-03 21:30:00,0,0.0
2022-01-03 22:00:00,0,0.0
2022-01-03 22:30:00,0,0.0
2022-01-03 23:00:00,0,0.0
2022-01-03 23:30:00,0,0.0
2022-01-04 00:00:00,0,0.0
2022-01-04 00:30:00,0,0.0
2022-01-04 01:00:00,0,0.0
2022-01-04 01:30:00,0,0.0
2022-01-04 02:00:00,0,0.0
2022-01-04 02:30:00,0,0.0
2022-01-04 03:00:00,0,0.0
2022-01-04 03:30:00,0,0.0
2022-01-04 04:00:00,0,0.0
2022-01-04 04:30:00,0,0.0
2022-01-04 05:00:00,0,0.0
2022-01-04 05:30:00,0,0.0
2022-01-04 06:00:00,0,0.0
2022-01-04 06:30:00,0,0.0
2022-01-04 07:00:00,0,0.0
2022-01-04 07:30:00,0,0.0
2022-01-04 08:00:00,0,0.0
2022-01-04 08:30:00,0,0.0
2022-01-04 09:00:00,7,2309.4105590886043
2022-01-04 09:30:00,6,1982.0800224715301
2022-01-04 10:00:00,10,3303.9591341265373
2022-01-04 10:30:00,6,1983.9266349989875
2022-01-04 11:00:00,6,1989.6142015835558
2022-01-04 11:30:00,4,1326.6064397252994
2022-01-04 12:00:00,5,1648.7787720156762
2022-01-04 12:30:00,6,1977.722016906731
2022-01-04 13:00:00,6,1976.5401848891584
2022-01-04 13:30:00,10,3293.4949964709467
2022-01-04 14:00:00,10,3332.5200745512107
2022-01-04 14:30:00,8,2679.410155840126
2022-01-04 15:00:00,3,1004.6680116883996
2022-01-04 15:30:00,6,2005.0518823130983
2022-01-04 16:00:00,4,1333.9928898351284
2022-01-04 16:30:00,0,0.0
2022-01-04 17:00:00,0,0.0
2022-01-04 17:30:00,0,0.0
2022-01-04 18:00:00,0,0.0
2022-01-04 18:30:00,0,0.0
2022-01-04 19:00:00,0,0.0
2022-01-04 19:30:00,0,0.0
2022-01-04 20:00:00,0,0.0
2022-01-04 20:30:00,0,0.0
2022-01-04 21:00:00,0,0.0
2022-01-04 21:30:00,0,0.0
2022-01-04 22:00:00,0,0.0
2022-01-04 22:30:00,0,0.0
2022-01-04 23:00:00,0,0.0
2022-01-04 23:30:00,0,0.0
2022-01-05 00:00:00,0,0.0
2022-01-05 00:30:00,0,0.0
2022-01-05 01:00:00,0,0.0
2022-01-05 01:30:00,0,0.0
2022-01-05 02:00:00,0,0.0
2022-01-05 02:30:00,0,0.0
2022-01-05 03:00:00,0,0.0
2022-01-05 03:30:00,0,0.0
2022-01-05 04:00:00,0,0.0
2022-01-05 04:30:00,0,0.0
2022-01-05 05:00:00,0,0.0
2022-01-05 05:30:00,0,0.0
2022-01-05 06:00:00,0,0.0
2022-01-05 06:30:00,0,0.0
2022-01-05 07:00:00,0,0.0
2022-01-05 07:30:00,0,0.0
2022-01-05 08:00:00,0,0.0
2022-01-05 08:30:00,0,0.0
2022-01-05 09:00:00,8,2702.9483101901146
2022-01-05 09:30:00,8,2911.541661291687
2022-01-05 10:00:00,6,2093.4676901277526
2022-01-05 10:30:00,8,2796.5100115812825
2022-01-05 11:00:00,10,3431.744721026581
2022-01-05 11:30:00,10,3435.314838579665
2022-01-05 12:00:00,9,3112.834737534711
2022-01-05 12:30:00,4,1378.7055344999603
2022-01-05 13:00:00,4,1380.0350955197296
2022-01-05 13:30:00,4,1376.538842467744
2022-01-05 14:00:00,3,1040.3814979694232
2022-01-05 14:30:00,6,2080.4675379344535
2022-01-05 15:00:00,4,1602.3672438255844
2022-01-05 15:30:00,7,2797.248656592265
2022-01-05 16:00:00,9,3587.0448345857376
2022-01-05 16:30:00,0,0.0
2022-01-05 17:00:00,0,0.0
2022-01-05 17:30:00,0,0.0
2022-01-05 18:00:00,0,0.0
2022-01-05 18:30:00,0,0.0
2022-01-05 19:00:00,0,0.0
2022-01-05 19:30:00,0,0.0
2022-01-05 20:00:00,0,0.0
2022-01-05 20:30:00,0,0.0
2022-01-05 21:00:00,0,0.0
2022-01-05 21:30:00,0,0.0
2022-01-05 22:00:00,0,0.0
2022-01-05 22:30:00,0,0.0
2022-01-05 23:00:00,0,0.0
2022-01-05 23:30:00,0,0.0
2022-01-06 00:00:00,0,0.0
2022-01-06 00:30:00,0,0.0
2022-01-06 01:00:00,0,0.0
2022-01-06 01:30:00,0,0.0
2022-01-06 02:00:00,0,0.0
2022-01-06 02:30:00,0,0.0
2022-01-06 03:00:00,0,0.0
2022-01-06 03:30:00,0,0.0
2022-01-06 04:00:00,0,0.0
2022-01-06 04:30:00,0,0.0
2022-01-06 05:00:00,0,0.0
2022-01-06 05:30:00,0,0.0
2022-01-06 06:00:00,0,0.0
2022-01-06 06:30:00,0,0.0
2022-01-06 07:00:00,0,0.0
2022-01-06 07:30:00,0,0.0
2022-01-06 08:00:00,0,0.0
2022-01-06 08:30:00,0,0.0
2022-01-06 09:00:00,8,3137.1730906465987
2022-01-06 09:30:00,7,2406.185366277548
2022-01-06 10:00:00,12,4118.2413942340945
2022-01-06 10:30:00,3,1028.9325002991882
2022-01-06 11:00:00,6,2057.4218135917863
2022-01-06 11:30:00,6,2061.1889031477995
2022-01-06 12:00:00,9,3098.320363068897
2022-01-06 12:30:00,10,3961.722516406816
2022-01-06 13:00:00,7,2397.8263669032585
2022-01-06 13:30:00,5,1988.493923316898
2022-01-06 14:00:00,7,2335.263134473006
2022-01-06 14:30:00,3,998.5003258466924
2022-01-06 15:00:00,5,1656.596098381912
2022-01-06 15:30:00,7,2276.3192625965703
2022-01-06 16:00:00,6,1807.0950193696797
2022-01-06 16:30:00,0,0.0
2022-01-06 17:00:00,0,0.0
2022-01-06 17:30:00,0,0.0
2022-01-06 18:00:00,0,0.0
2022-01-06 18:30:00,0,0.0
2022-01-06 19:00:00,0,0.0
2022-01-06 19:30:00,0,0.0
2022-01-06 20:00:00,0,0.0
2022-01-06 20:30:00,0,0.0
2022-01-06 21:00:00,0,0.0
2022-01-06 21:30:00,0,0.0
2022-01-06 22:00:00,0,0.0
2022-01-06 22:30:00,0,0.0
2022-01-06 23:00:00,0,0.0
2022-01-06 23:30:00,0,0.0
2022-01-07 00:00:00,0,0.0
2022-01-07 00:30:00,0,0.0
2022-01-07 01:00:00,0,0.0
2022-01-07 01:30:00,0,0.0
2022-01-07 02:00:00,0,0.0
2022-01-07 02:30:00,0,0.0
2022-01-07 03:00:00,0,0.0
2022-01-07 03:30:00,0,0.0
2022-01-07 04:00:00,0,0.0
2022-01-07 04:30:00,0,0.0
2022-01-07 05:00:00,0,0.0
2022-01-07 05:30:00,0,0.0
2022-01-07 06:00:00,0,0.0
2022-01-07 06:30:00,0,0.0
2022-01-07 07:00:00,0,0.0
2022-01-07 07:30:00,0,0.0
2022-01-07 08:00:00,0,0.0
2022-01-07 08:30:00,0,0.0
2022-01-07 09:00:00,7,2529.243625107301
2022-01-07 09:30:00,8,3165.6355450698065
2022-01-07 10:00:00,4,1575.8252664309318
2022-01-07 10:30:00,4,1572.2305273774814
2022-01-07 11:00:00,3,1185.5252426275642
2022-01-07 11:30:00,2,789.3899232374316
2022-01-07 12:00:00,7,2780.444482592404
2022-01-07 12:30:00,10,3946.2109711761746
2022-01-07 13:00:00,6,2369.9425177386543
2022-01-07 13:30:00,7,2769.6725761822363
2022-01-07 14:00:00,7,2786.0458739256906
2022-01-07 14:30:00,7,2846.7994260790347
2022-01-07 15:00:00,1,405.51611102961544
2022-01-07 15:30:00,11,4455.937582505295
2022-01-07 16:00:00,3,1217.8409618580665
2022-01-07 16:30:00,0,0.0
2022-01-07 17:00:00,0,0.0
2022-01-07 17:30:00,0,0.0
2022-01-07 18:00:00,0,0.0
2022-01-07 18:30:00,0,0.0
2022-01-07 19:00:00,0,0.0
2022-01-07 19:30:00,0,0.0
2022-01-07 20:00:00,0,0.0
2022-01-07 20:30:00,0,0.0
2022-01-07 21:00:00,0,0.0
2022-01-07 21:30:00,0,0.0
2022-01-07 22:00:00,0,0.0
2022-01-07 22:30:00,0,0.0
2022-01-07 23:00:00,0,0.0
2022-01-07 23:30:00,0,0.0
2022-01-08 00:00:00,0,0.0
2022-01-08 00:30:00,0,0.0
2022-01-08 01:00:00,0,0.0
2022-01-08 01:30:00,0,0.0
2022-01-08 02:00:00,0,0.0
2022-01-08 02:30:00,0,0.0
2022-01-08 03:00:00,0,0.0
2022-01-08 03:30:00,0,0.0
2022-01-08 04:00:00,0,0.0
2022-01-08 04:30:00,0,0.0
2022-01-08 05:00:00,0,0.0
2022-01-08 05:30:00,0,0.0
2022-01-08 06:00:00,0,0.0
2022-01-08 06:30:00,0,0.0
2022-01-08 07:00:00,0,0.0
2022-01-08 07:30:00,0,0.0
2022-01-08 08:00:00,0,0.0
2022-01-08 08:30:00,0,0.0
2022-01-08 09:00:00,10,3536.1398825788315
2022-01-08 09:30:00,6,2369.425466230966
2022-01-08 10:00:00,8,2813.646575836086
2022-01-08 10:30:00,6,2105.9507908133637
2022-01-08 11:00:00,3,1080.8961768218355
2022-01-08 11:30:00,3,1144.8259025224058
2022-01-08 12:00:00,5,1921.892764826606
2022-01-08 12:30:00,8,2786.562925433379
2022-01-08 13:00:00,6,1816.9928625168502
2022-01-08 13:30:00,5,1525.1172864269547
2022-01-08 14:00:00,7,2166.187291459019
2022-01-08 14:30:00,3,926.4824372758591
2022-01-08 15:00:00,2,512.0041001129845
2022-01-08 15:30:00,5,1537.9820203682405
2022-01-08 16:00:00,6,2264.7594681746878
2022-01-08 16:30:00,0,0.0
2022-01-08 17:00:00,0,0.0
2022-01-08 17:30:00,0,0.0
2022-01-08 18:00:00,0,0.0
2022-01-08 18:30:00,0,0.0
2022-01-08 19:00:00,0,0.0
2022-01-08 19:30:00,0,0.0
2022-01-08 20:00:00,0,0.0
2022-01-08 20:30:00,0,0.0
2022-01-08 21:00:00,0,0.0
2022-01-08 21:30:00,0,0.0
2022-01-08 22:00:00,0,0.0
2022-01-08 22:30:00,0,0.0
2022-01-08 23:00:00,0,0.0
2022-01-08 23:30:00,0,0.0
2022-01-09 00:00:00,0,0.0
2022-01-09 00:30:00,0,0.0
2022-01-09 01:00:00,0,0.0
2022-01-09 01:30:00,0,0.0
2022-01-09 02:00:00,0,0.0
2022-01-09 02:30:00,0,0.0
2022-01-09 03:00:00,0,0.0
2022-01-09 03:30:00,0,0.0
2022-01-09 04:00:00,0,0.0
2022-01-09 04:30:00,0,0.0
2022-01-09 05:00:00,0,0.0
2022-01-09 05:30:00,0,0.0
2022-01-09 06:00:00,0,0.0
2022-01-09 06:30:00,0,0.0
2022-01-09 07:00:00,0,0.0
2022-01-09 07:30:00,0,0.0
2022-01-09 08:00:00,0,0.0
2022-01-09 08:30:00,0,0.0
2022-01-09 09:00:00,5,1782.227303999921
2022-01-09 09:30:00,9,2721.722204219263
2022-01-09 10:00:00,4,995.3487737998321
2022-01-09 10:30:00,9,2847.2549238358083
2022-01-09 11:00:00,2,531.2581133992722
2022-01-09 11:30:00,7,2358.530452318968
2022-01-09 12:00:00,8,2589.689408506068
2022-01-09 12:30:00,5,1684.04907129011
2022-01-09 13:00:00,4,1117.0282286090828
2022-01-09 13:30:00,4,1319.5154476198634
2022-01-09 14:00:00,4,1581.4882115151343
2022-01-09 14:30:00,6,1911.0223724149746
2022-01-09 15:00:00,6,1775.6287419018079
2022-01-09 15:30:00,6,2113.3372409231924
2022-01-09 16:00:00,1,324.2897813218619
2022-01-09 16:30:00,0,0.0
2022-01-09 17:00:00,0,0.0
2022-01-09 17:30:00,0,0.0
2022-01-09 18:00:00,0,0.0
2022-01-09 18:30:00,0,0.0
2022-01-09 19:00:00,0,0.0
2022-01-09 19:30:00,0,0.0
2022-01-09 20:00:00,0,0.0
2022-01-09 20:30:00,0,0.0
2022-01-09 21:00:00,0,0.0
2022-01-09 21:30:00,0,0.0
2022-01-09 22:00:00,0,0.0
2022-01-09 22:30:00,0,0.0
2022-01-09 23:00:00,0,0.0
2022-01-09 23:30:00,0,0.0
2022-01-10 00:00:00,0,0.0
2022-01-10 00:30:00,0,0.0
2022-01-10 01:00:00,0,0.0
2022-01-10 01:30:00,0,0.0
2022-01-10 02:00:00,0,0.0
2022-01-10 02:30:00,0,0.0
2022-01-10 03:00:00,0,0.0
2022-01-10 03:30:00,0,0.0
2022-01-10 04:00:00,0,0.0
2022-01-10 04:30:00,0,0.0
2022-01-10 05:00:00,0,0.0
2022-01-10 05:30:00,0,0.0
2022-01-10 06:00:00,0,0.0
2022-01-10 06:30:00,0,0.0
2022-01-10 07:00:00,0,0.0
2022-01-10 07:30:00,0,0.0
2022-01-10 08:00:00,0,0.0
2022-01-10 08:30:00,0,0.0
2022-01-10 09:00:00,6,2368.465227716688
2022-01-10 09:30:00,3,1191.1020124604854
2022-01-10 10:00:00,3,1191.4713349659767
2022-01-10 10:30:00,3,1192.1730477264105
2022-01-10 11:00:00,7,2420.2319322364065
2022-01-10 11:30:00,6,2071.160610796069
2022-01-10 12:00:00,3,1198.6361915725108
2022-01-10 12:30:00,7,2784.7532451564707
2022-01-10 13:00:00,2,793.0585267919801
2022-01-10 13:30:00,10,3984.3742967436247
2022-01-10 14:00:00,7,2787.338502694911
2022-01-10 14:30:00,4,1600.8899538036185
2022-01-10 15:00:00,4,1453.2101946077696
2022-01-10 15:30:00,5,1815.0354532377453
2022-01-10 16:00:00,5,1948.2993239692446
2022-01-10 16:30:00,0,0.0
2022-01-10 17:00:00,0,0.0
2022-01-10 17:30:00,0,0.0
2022-01-10 18:00:00,0,0.0
2022-01-10 18:30:00,0,0.0
2022-01-10 19:00:00,0,0.0
2022-01-10 19:30:00,0,0.0
2022-01-10 20:00:00,0,0.0
2022-01-10 20:30:00,0,0.0
2022-01-10 21:00:00,0,0.0
2022-01-10 21:30:00,0,0.0
2022-01-10 22:00:00,0,0.0
2022-01-10 22:30:00,0,0.0
2022-01-10 23:00:00,0,0.0
2022-01-10 23:30:00,0,0.0
2022-01-11 00:00:00,0,0.0
2022-01-11 00:30:00,0,0.0
2022-01-11 01:00:00,0,0.0
2022-01-11 01:30:00,0,0.0
2022-01-11 02:00:00,0,0.0
2022-01-11 02:30:00,0,0.0
2022-01-11 03:00:00,0,0.0
2022-01-11 03:30:00,0,0.0
2022-01-11 04:00:00,0,0.0
2022-01-11 04:30:00,0,0.0
2022-01-11 05:00:00,0,0.0
2022-01-11 05:30:00,0,0.0
2022-01-11 06:00:00,0,0.0
2022-01-11 06:30:00,0,0.0
2022-01-11 07:00:00,0,0.0
2022-01-11 07:30:00,0,0.0
2022-01-11 08:00:00,0,0.0
2022-01-11 08:30:00,0,0.0
2022-01-11 09:00:00,6,2363.5163061431026
2022-01-11 09:30:00,8,2838.4650482051115
2022-01-11 10:00:00,7,2479.1758041128423
2022-01-11 10:30:00,6,2121.8316585494954
2022-01-11 11:00:00,3,1059.5493360044295
2022-01-11 11:30:00,6,2115.1838534506496
2022-01-11 12:00:00,6,2108.9053708572947
2022-01-11 12:30:00,2,704.6427189773264
2022-01-11 13:00:00,4,1578.9768184777922
2022-01-11 13:30:00,6,2109.5701513671797
2022-01-11 14:00:00,5,1994.9570671629983
2022-01-11 14:30:00,4,1645.7010844699148
2022-01-11 15:00:00,3,1082.8905183514894
2022-01-11 15:30:00,7,2889.025299206891
2022-01-11 16:00:00,8,2516.218851413636
2022-01-11 16:30:00,0,0.0
2022-01-11 17:00:00,0,0.0
2022-01-11 17:30:00,0,0.0
2022-01-11 18:00:00,0,0.0
2022-01-11 18:30:00,0,0.0
2022-01-11 19:00:00,0,0.0
2022-01-11 19:30:00,0,0.0
2022-01-11 20:00:00,0,0.0
2022-01-11 20:30:00,0,0.0
2022-01-11 21:00:00,0,0.0
2022-01-11 21:30:00,0,0.0
2022-01-11 22:00:00,0,0.0
2022-01-11 22:30:00,0,0.0
2022-01-11 23:00:00,0,0.0
2022-01-11 23:30:00,0,0.0
2022-01-12 00:00:00,0,0.0
2022-01-12 00:30:00,0,0.0
2022-01-12 01:00:00,0,0.0
2022-01-12 01:30:00,0,0.0
2022-01-12 02:00:00,0,0.0
2022-01-12 02:30:00,0,0.0
2022-01-12 03:00:00,0,0.0
2022-01-12 03:30:00,0,0.0
2022-01-12 04:00:00,0,0.0
2022-01-12 04:30:00,0,0.0
2022-01-12 05:00:00,0,0.0
2022-01-12 05:30:00,0,0.0
2022-01-12 06:00:00,0,0.0
2022-01-12 06:30:00,0,0.0
2022-01-12 07:00:00,0,0.0
2022-01-12 07:30:00,0,0.0
2022-01-12 08:00:00,0,0.0
2022-01-12 08:30:00,0,0.0
2022-01-12 09:00:00,2,671.0097494772381
2022-01-12 09:30:00,6,2040.9500298468677
2022-01-12 10:00:00,9,3050.3453696055585
2022-01-12 10:30:00,2,678.7162790918263
2022-01-12 11:00:00,12,4084.115994726684
2022-01-12 11:30:00,7,2378.6954611188007
2022-01-12 12:00:00,6,2043.830745389701
2022-01-12 12:30:00,2,678.9871155958534
2022-01-12 13:00:00,12,4209.242459587189
2022-01-12 13:30:00,1,351.8166187311582
2022-01-12 14:00:00,3,1059.8817262593718
2022-01-12 14:30:00,4,1572.7229573848035
2022-01-12 15:00:00,4,1633.144119283205
2022-01-12 15:30:00,3,1222.2728319239636
2022-01-12 16:00:00,8,3264.8109485444447
2022-01-12 16:30:00,0,0.0
2022-01-12 17:00:00,0,0.0
2022-01-12 17:30:00,0,0.0
2022-01-12 18:00:00,0,0.0
2022-01-12 18:30:00,0,0.0
2022-01-12 19:00:00,0,0.0
2022-01-12 19:30:00,0,0.0
2022-01-12 20:00:00,0,0.0
2022-01-12 20:30:00,0,0.0
2022-01-12 21:00:00,0,0.0
2022-01-12 21:30:00,0,0.0
2022-01-12 22:00:00,0,0.0
2022-01-12 22:30:00,0,0.0
2022-01-12 23:00:00,0,0.0
2022-01-12 23:30:00,0,0.0
2022-01-13 00:00:00,0,0.0
2022-01-13 00:30:00,0,0.0
2022-01-13 01:00:00,0,0.0
2022-01-13 01:30:00,0,0.0
2022-01-13 02:00:00,0,0.0
2022-01-13 02:30:00,0,0.0
2022-01-13 03:00:00,0,0.0
2022-01-13 03:30:00,0,0.0
2022-01-13 04:00:00,0,0.0
2022-01-13 04:30:00,0,0.0
2022-01-13 05:00:00,0,0.0
2022-01-13 05:30:00,0,0.0
2022-01-13 06:00:00,0,0.0
2022-01-13 06:30:00,0,0.0
2022-01-13 07:00:00,0,0.0
2022-01-13 07:30:00,0,0.0
2022-01-13 08:00:00,0,0.0
2022-01-13 08:30:00,0,0.0
2022-01-13 09:00:00,8,3151.847504864793
2022-01-13 09:30:00,1,395.2735668773192
2022-01-13 10:00:00,5,1983.1387469872718
2022-01-13 10:30:00,4,1583.6549035473508
2022-01-13 11:00:00,6,2378.436935364957
2022-01-13 11:30:00,8,3168.294667109345
2022-01-13 12:00:00,5,1993.4182233901174
2022-01-13 12:30:00,10,3966.523708978204
2022-01-13 13:00:00,6,2379.17558037594
2022-01-13 13:30:00,6,2382.4994829253633
2022-01-13 14:00:00,10,3967.7547839965096
2022-01-13 14:30:00,3,1216.5483330888462
2022-01-13 15:00:00,7,2777.8592250539637
2022-01-13 15:30:00,14,5709.11039738871
2022-01-13 16:00:00,6,2441.2217612985046
2022-01-13 16:30:00,0,0.0
2022-01-13 17:00:00,0,0.0
2022-01-13 17:30:00,0,0.0
2022-01-13 18:00:00,0,0.0
2022-01-13 18:30:00,0,0.0
2022-01-13 19:00:00,0,0.0
2022-01-13 19:30:00,0,0.0
2022-01-13 20:00:00,0,0.0
2022-01-13 20:30:00,0,0.0
2022-01-13 21:00:00,0,0.0
2022-01-13 21:30:00,0,0.0
2022-01-13 22:00:00,0,0.0
2022-01-13 22:30:00,0,0.0
2022-01-13 23:00:00,0,0.0
2022-01-13 23:30:00,0,0.0
2022-01-14 00:00:00,0,0.0
2022-01-14 00:30:00,0,0.0
2022-01-14 01:00:00,0,0.0
2022-01-14 01:30:00,0,0.0
2022-01-14 02:00:00,0,0.0
2022-01-14 02:30:00,0,0.0
2022-01-14 03:00:00,0,0.0
2022-01-14 03:30:00,0,0.0
2022-01-14 04:00:00,0,0.0
2022-01-14 04:30:00,0,0.0
2022-01-14 05:00:00,0,0.0
2022-01-14 05:30:00,0,0.0
2022-01-14 06:00:00,0,0.0
2022-01-14 06:30:00,0,0.0
2022-01-14 07:00:00,0,0.0
2022-01-14 07:30:00,0,0.0
2022-01-14 08:00:00,0,0.0
2022-01-14 08:30:00,0,0.0
2022-01-14 09:00:00,6,2374.9653038133374
2022-01-14 09:30:00,12,4781.3968850945475
2022-01-14 10:00:00,6,2378.7323933693506
2022-01-14 10:30:00,6,2370.97662075403
2022-01-14 11:00:00,4,1587.7420726081227
2022-01-14 11:30:00,3,1190.511096451699
2022-01-14 12:00:00,4,1592.2724286754844
2022-01-14 12:30:00,4,1576.7608834448436
2022-01-14 13:00:00,5,1961.4102729141914
2022-01-14 13:30:00,3,1177.584808759498
2022-01-14 14:00:00,4,1582.1776135253847
2022-01-14 14:30:00,8,3231.818138053875
2022-01-14 15:00:00,5,2051.278749250445
2022-01-14 15:30:00,4,1638.3146343600856
2022-01-14 16:00:00,13,5269.308847099306
2022-01-14 16:30:00,0,0.0
2022-01-14 17:00:00,0,0.0
2022-01-14 17:30:00,0,0.0
2022-01-14 18:00:00,0,0.0
2022-01-14 18:30:00,0,0.0
2022-01-14 19:00:00,0,0.0
2022-01-14 19:30:00,0,0.0
2022-01-14 20:00:00,0,0.0
2022-01-14 20:30:00,0,0.0
2022-01-14 21:00:00,0,0.0
2022-01-14 21:30:00,0,0.0
2022-01-14 22:00:00,0,0.0
2022-01-14 22:30:00,0,0.0
2022-01-14 23:00:00,0,0.0
2022-01-14 23:30:00,0,0.0
2022-01-15 00:00:00,0,0.0
2022-01-15 00:30:00,0,0.0
2022-01-15 01:00:00,0,0.0
2022-01-15 01:30:00,0,0.0
2022-01-15 02:00:00,0,0.0
2022-01-15 02:30:00,0,0.0
2022-01-15 03:00:00,0,0.0
2022-01-15 03:30:00,0,0.0
2022-01-15 04:00:00,0,0.0
2022-01-15 04:30:00,0,0.0
2022-01-15 05:00:00,0,0.0
2022-01-15 05:30:00,0,0.0
2022-01-15 06:00:00,0,0.0
2022-01-15 06:30:00,0,0.0
2022-01-15 07:00:00,0,0.0
2022-01-15 07:30:00,0,0.0
2022-01-15 08:00:00,0,0.0
2022-01-15 08:30:00,0,0.0
2022-01-15 09:00:00,7,2550.011860666103
2022-01-15 09:30:00,8,2807.4419577438302
2022-01-15 10:00:00,3,883.1239751311624
2022-01-15 10:30:00,4,1404.8535678887554
2022-01-15 11:00:00,3,1052.5322084000918
2022-01-15 11:30:00,4,1321.8298686542764
2022-01-15 12:00:00,8,2425.1193000590774
2022-01-15 12:30:00,4,1323.0609436725813
2022-01-15 13:00:00,7,2310.358486852699
2022-01-15 13:30:00,6,2001.210928255987
2022-01-15 14:00:00,5,1664.1056559935716
2022-01-15 14:30:00,6,2092.138129107983
2022-01-15 15:00:00,6,2067.1719277367606
2022-01-15 15:30:00,1,348.51733768210113
2022-01-15 16:00:00,1,347.963353923864
2022-01-15 16:30:00,0,0.0
2022-01-15 17:00:00,0,0.0
2022-01-15 17:30:00,0,0.0
2022-01-15 18:00:00,0,0.0
2022-01-15 18:30:00,0,0.0
2022-01-15 19:00:00,0,0.0
2022-01-15 19:30:00,0,0.0
2022-01-15 20:00:00,0,0.0
2022-01-15 20:30:00,0,0.0
2022-01-15 21:00:00,0,0.0
2022-01-15 21:30:00,0,0.0
2022-01-15 22:00:00,0,0.0
2022-01-15 22:30:00,0,0.0
2022-01-15 23:00:00,0,0.0
2022-01-15 23:30:00,0,0.0
2022-01-16 00:00:00,0,0.0
2022-01-16 00:30:00,0,0.0
2022-01-16 01:00:00,0,0.0
2022-01-16 01:30:00,0,0.0
2022-01-16 02:00:00,0,0.0
2022-01-16 02:30:00,0,0.0
2022-01-16 03:00:00,0,0.0
2022-01-16 03:30:00,0,0.0
2022-01-16 04:00:00,0,0.0
2022-01-16 04:30:00,0,0.0
2022-01-16 05:00:00,0,0.0
2022-01-16 05:30:00,0,0.0
2022-01-16 06:00:00,0,0.0
2022-01-16 06:30:00,0,0.0
2022-01-16 07:00:00,0,0.0
2022-01-16 07:30:00,0,0.0
2022-01-16 08:00:00,0,0.0
2022-01-16 08:30:00,0,0.0
2022-01-16 09:00:00,7,2730.979888356915
2022-01-16 09:30:00,4,1575.5790514272705
2022-01-16 10:00:00,3,1180.5763210539785
2022-01-16 10:30:00,1,391.74038157478424
2022-01-16 11:00:00,7,2748.6458148695897
2022-01-16 11:30:00,5,1958.3941391193443
2022-01-16 12:00:00,7,2765.3638136181694
2022-01-16 12:30:00,6,2353.6923274970304
2022-01-16 13:00:00,7,2759.3315460284757
2022-01-16 13:30:00,6,2377.6982903539742
2022-01-16 14:00:00,7,2772.6887099770834
2022-01-16 14:30:00,7,2881.269526591571
2022-01-16 15:00:00,1,411.7945936229701
2022-01-16 15:30:00,4,1689.8720561266925
2022-01-16 16:00:00,4,1679.0878389663424
2022-01-16 16:30:00,0,0.0
2022-01-16 17:00:00,0,0.0
2022-01-16 17:30:00,0,0.0
2022-01-16 18:00:00,0,0.0
2022-01-16 18:30:00,0,0.0
2022-01-16 19:00:00,0,0.0
2022-01-16 19:30:00,0,0.0
2022-01-16 20:00:00,0,0.0
2022-01-16 20:30:00,0,0.0
2022-01-16 21:00:00,0,0.0
2022-01-16 21:30:00,0,0.0
2022-01-16 22:00:00,0,0.0
2022-01-16 22:30:00,0,0.0
2022-01-16 23:00:00,0,0.0
2022-01-16 23:30:00,0,0.0
2022-01-17 00:00:00,0,0.0
2022-01-17 00:30:00,0,0.0
2022-01-17 01:00:00,0,0.0
2022-01-17 01:30:00,0,0.0
2022-01-17 02:00:00,0,0.0
2022-01-17 02:30:00,0,0.0
2022-01-17 03:00:00,0,0.0
2022-01-17 03:30:00,0,0.0
2022-01-17 04:00:00,0,0.0
2022-01-17 04:30:00,0,0.0
2022-01-17 05:00:00,0,0.0
2022-01-17 05:30:00,0,0.0
2022-01-17 06:00:00,0,0.0
2022-01-17 06:30:00,0,0.0
2022-01-17 07:00:00,0,0.0
2022-01-17 07:30:00,0,0.0
2022-01-17 08:00:00,0,0.0
2022-01-17 08:30:00,0,0.0
2022-01-17 09:00:00,3,1017.5573671300513
2022-01-17 09:30:00,4,1373.8797204282052
2022-01-17 10:00:00,10,3426.2048834442085
2022-01-17 10:30:00,6,2052.6206210203977
2022-01-17 11:00:00,6,2056.7570330819017
2022-01-17 11:30:00,3,1029.4864840574253
2022-01-17 12:00:00,6,2066.3594182246798
2022-01-17 12:30:00,10,3429.6518934954624
2022-01-17 13:00:00,5,1706.6392978760039
2022-01-17 13:30:00,5,1710.209415429088
2022-01-17 14:00:00,4,1537.0710248546952
2022-01-17 14:30:00,3,1160.2266510013997
2022-01-17 15:00:00,9,3476.6912699448912
2022-01-17 15:30:00,7,2781.306235105217
2022-01-17 16:00:00,5,1998.0347547087604
2022-01-17 16:30:00,0,0.0
2022-01-17 17:00:00,0,0.0
2022-01-17 17:30:00,0,0.0
2022-01-17 18:00:00,0,0.0
2022-01-17 18:30:00,0,0.0
2022-01-17 19:00:00,0,0.0
2022-01-17 19:30:00,0,0.0
2022-01-17 20:00:00,0,0.0
2022-01-17 20:30:00,0,0.0
2022-01-17 21:00:00,0,0.0
2022-01-17 21:30:00,0,0.0
2022-01-17 22:00:00,0,0.0
2022-01-17 22:30:00,0,0.0
2022-01-17 23:00:00,0,0.0
2022-01-17 23:30:00,0,0.0
2022-01-18 00:00:00,0,0.0
2022-01-18 00:30:00,0,0.0
2022-01-18 01:00:00,0,0.0
2022-01-18 01:30:00,0,0.0
2022-01-18 02:00:00,0,0.0
2022-01-18 02:30:00,0,0.0
2022-01-18 03:00:00,0,0.0
2022-01-18 03:30:00,0,0.0
2022-01-18 04:00:00,0,0.0
2022-01-18 04:30:00,0,0.0
2022-01-18 05:00:00,0,0.0
2022-01-18 05:30:00,0,0.0
2022-01-18 06:00:00,0,0.0
2022-01-18 06:30:00,0,0.0
2022-01-18 07:00:00,0,0.0
2022-01-18 07:30:00,0,0.0
2022-01-18 08:00:00,0,0.0
2022-01-18 08:30:00,0,0.0
2022-01-18 09:00:00,4,1312.9168855217495
2022-01-18 09:30:00,8,2393.3083215860797
2022-01-18 10:00:00,6,1694.8948422013762
2022-01-18 10:30:00,7,1807.5258956260861
2022-01-18 11:00:00,9,2637.849063222154
2022-01-18 11:30:00,4,1590.2042226447325
2022-01-18 12:00:00,5,1880.5901979624784
2022-01-18 12:30:00,5,1983.8773919982546
2022-01-18 13:00:00,9,3158.150608958513
2022-01-18 13:30:00,6,2108.905370857295
2022-01-18 14:00:00,8,3188.976727416866
2022-01-18 14:30:00,6,2467.4436591883978
2022-01-18 15:00:00,2,736.576804952154
2022-01-18 15:30:00,4,1477.9301809753308
2022-01-18 16:00:00,7,2179.1135791512197
2022-01-18 16:30:00,0,0.0
2022-01-18 17:00:00,0,0.0
2022-01-18 17:30:00,0,0.0
2022-01-18 18:00:00,0,0.0
2022-01-18 18:30:00,0,0.0
2022-01-18 19:00:00,0,0.0
2022-01-18 19:30:00,0,0.0
2022-01-18 20:00:00,0,0.0
2022-01-18 20:30:00,0,0.0
2022-01-18 21:00:00,0,0.0
2022-01-18 21:30:00,0,0.0
2022-01-18 22:00:00,0,0.0
2022-01-18 22:30:00,0,0.0
2022-01-18 23:00:00,0,0.0
2022-01-18 23:30:00,0,0.0
2022-01-19 00:00:00,0,0.0
2022-01-19 00:30:00,0,0.0
2022-01-19 01:00:00,0,0.0
2022-01-19 01:30:00,0,0.0
2022-01-19 02:00:00,0,0.0
2022-01-19 02:30:00,0,0.0
2022-01-19 03:00:00,0,0.0
2022-01-19 03:30:00,0,0.0
2022-01-19 04:00:00,0,0.0
2022-01-19 04:30:00,0,0.0
2022-01-19 05:00:00,0,0.0
2022-01-19 05:30:00,0,0.0
2022-01-19 06:00:00,0,0.0
2022-01-19 06:30:00,0,0.0
2022-01-19 07:00:00,0,0.0
2022-01-19 07:30:00,0,0.0
2022-01-19 08:00:00,0,0.0
2022-01-19 08:30:00,0,0.0
2022-01-19 09:00:00,10,3491.6980744180264
2022-01-19 09:30:00,3,909.8629245287437
2022-01-19 10:00:00,3,905.0617319573547
2022-01-19 10:30:00,5,1516.4382075479057
2022-01-19 11:00:00,7,2173.8568888230584
2022-01-19 11:30:00,6,1933.1078582433631
2022-01-19 12:00:00,4,1259.4389867265872
2022-01-19 12:30:00,3,1029.3387550552288
2022-01-19 13:00:00,4,1407.1187459224361
2022-01-19 13:30:00,6,2101.8882432529576
2022-01-19 14:00:00,4,1403.0315768616642
2022-01-19 14:30:00,7,2523.986934779138
2022-01-19 15:00:00,4,1414.2097380278722
2022-01-19 15:30:00,9,3192.9407889758077
2022-01-19 16:00:00,5,1801.2474130327314
2022-01-19 16:30:00,0,0.0
2022-01-19 17:00:00,0,0.0
2022-01-19 17:30:00,0,0.0
2022-01-19 18:00:00,0,0.0
2022-01-19 18:30:00,0,0.0
2022-01-19 19:00:00,0,0.0
2022-01-19 19:30:00,0,0.0
2022-01-19 20:00:00,0,0.0
2022-01-19 20:30:00,0,0.0
2022-01-19 21:00:00,0,0.0
2022-01-19 21:30:00,0,0.0
2022-01-19 22:00:00,0,0.0
2022-01-19 22:30:00,0,0.0
2022-01-19 23:00:00,0,0.0
2022-01-19 23:30:00,0,0.0
2022-01-20 00:00:00,0,0.0
2022-01-20 00:30:00,0,0.0
2022-01-20 01:00:00,0,0.0
2022-01-20 01:30:00,0,0.0
2022-01-20 02:00:00,0,0.0
2022-01-20 02:30:00,0,0.0
2022-01-20 03:00:00,0,0.0
2022-01-20 03:30:00,0,0.0
2022-01-20 04:00:00,0,0.0
2022-01-20 04:30:00,0,0.0
2022-01-20 05:00:00,0,0.0
2022-01-20 05:30:00,0,0.0
2022-01-20 06:00:00,0,0.0
2022-01-20 06:30:00,0,0.0
2022-01-20 07:00:00,0,0.0
2022-01-20 07:30:00,0,0.0
2022-01-20 08:00:00,0,0.0
2022-01-20 08:30:00,0,0.0
2022-01-20 09:00:00,6,1975.3583528715856
2022-01-20 09:30:00,6,2387.226810995654
2022-01-20 10:00:00,6,2387.0790819934573
2022-01-20 10:30:00,8,3087.437659907083
2022-01-20 11:00:00,7,2706.678467495578
2022-01-20 11:30:00,9,3480.1259692459616
2022-01-20 12:00:00,6,2310.03840734794
2022-01-20 12:30:00,7,2690.1328192495603
2022-01-20 13:00:00,6,2315.799838433607
2022-01-20 13:30:00,8,3111.172786260001
2022-01-20 14:00:00,3,1200.6674653527139
2022-01-20 14:30:00,5,2042.0456866131585
2022-01-20 15:00:00,6,2390.1813910395854
2022-01-20 15:30:00,6,2384.493824455017
2022-01-20 16:00:00,3,1217.1023168470836
2022-01-20 16:30:00,0,0.0
2022-01-20 17:00:00,0,0.0
2022-01-20 17:30:00,0,0.0
2022-01-20 18:00:00,0,0.0
2022-01-20 18:30:00,0,0.0
2022-01-20 19:00:00,0,0.0
2022-01-20 19:30:00,0,0.0
2022-01-20 20:00:00,0,0.0
2022-01-20 20:30:00,0,0.0
2022-01-20 21:00:00,0,0.0
2022-01-20 21:30:00,0,0.0
2022-01-20 22:00:00,0,0.0
2022-01-20 22:30:00,0,0.0
2022-01-20 23:00:00,0,0.0
2022-01-20 23:30:00,0,0.0
2022-01-21 00:00:00,0,0.0
2022-01-21 00:30:00,0,0.0
2022-01-21 01:00:00,0,0.0
2022-01-21 01:30:00,0,0.0
2022-01-21 02:00:00,0,0.0
2022-01-21 02:30:00,0,0.0
2022-01-21 03:00:00,0,0.0
2022-01-21 03:30:00,0,0.0
2022-01-21 04:00:00,0,0.0
2022-01-21 04:30:00,0,0.0
2022-01-21 05:00:00,0,0.0
2022-01-21 05:30:00,0,0.0
2022-01-21 06:00:00,0,0.0
2022-01-21 06:30:00,0,0.0
2022-01-21 07:00:00,0,0.0
2022-01-21 07:30:00,0,0.0
2022-01-21 08:00:00,0,0.0
2022-01-21 08:30:00,0,0.0
2022-01-21 09:00:00,6,2375.7039488243204
2022-01-21 09:30:00,5,2001.727979763675
2022-01-21 10:00:00,6,2387.743862503342
2022-01-21 10:30:00,8,3176.6659772338185
2022-01-21 11:00:00,4,1581.9313985217238
2022-01-21 11:30:00,3,1191.4344027154275
2022-01-21 12:00:00,11,4363.853171136093
2022-01-21 12:30:00,8,3157.4612069482623
2022-01-21 13:00:00,9,3561.5615817068274
2022-01-21 13:30:00,8,3157.4612069482623
2022-01-21 14:00:00,3,1177.7694700122438
2022-01-21 14:30:00,9,3615.8519900140705
2022-01-21 15:00:00,8,3164.35522705077
2022-01-21 15:30:00,11,4462.708495105971
2022-01-21 16:00:00,5,2040.1990740857013
2022-01-21 16:30:00,0,0.0
2022-01-21 17:00:00,0,0.0
2022-01-21 17:30:00,0,0.0
2022-01-21 18:00:00,0,0.0
2022-01-21 18:30:00,0,0.0
2022-01-21 19:00:00,0,0.0
2022-01-21 19:30:00,0,0.0
2022-01-21 20:00:00,0,0.0
2022-01-21 20:30:00,0,0.0
2022-01-21 21:00:00,0,0.0
2022-01-21 21:30:00,0,0.0
2022-01-21 22:00:00,0,0.0
2022-01-21 22:30:00,0,0.0
2022-01-21 23:00:00,0,0.0
2022-01-21 23:30:00,0,0.0
2022-01-22 00:00:00,0,0.0
2022-01-22 00:30:00,0,0.0
2022-01-22 01:00:00,0,0.0
2022-01-22 01:30:00,0,0.0
2022-01-22 02:00:00,0,0.0
2022-01-22 02:30:00,0,0.0
2022-01-22 03:00:00,0,0.0
2022-01-22 03:30:00,0,0.0
2022-01-22 04:00:00,0,0.0
2022-01-22 04:30:00,0,0.0
2022-01-22 05:00:00,0,0.0
2022-01-22 05:30:00,0,0.0
2022-01-22 06:00:00,0,0.0
2022-01-22 06:30:00,0,0.0
2022-01-22 07:00:00,0,0.0
2022-01-22 07:30:00,0,0.0
2022-01-22 08:00:00,0,0.0
2022-01-22 08:30:00,0,0.0
2022-01-22 09:00:00,4,1573.363116394322
2022-01-22 09:30:00,6,2379.323309378137
2022-01-22 10:00:00,7,2756.918638992598
2022-01-22 10:30:00,9,3543.501711188295
2022-01-22 11:00:00,6,2363.073119136513
2022-01-22 11:30:00,7,2758.9006697720693
2022-01-22 12:00:00,6,2375.113032815534
2022-01-22 12:30:00,2,790.8425917590314
2022-01-22 13:00:00,7,2476.2458455692768
2022-01-22 13:30:00,7,2480.8131338871876
2022-01-22 14:00:00,8,3329.713223509476
2022-01-22 14:30:00,5,2057.7418930965455
2022-01-22 15:00:00,10,4130.256686412748
2022-01-22 15:30:00,7,2963.9977678216555
2022-01-22 16:00:00,6,2272.589105291107
2022-01-22 16:30:00,0,0.0
2022-01-22 17:00:00,0,0.0
2022-01-22 17:30:00,0,0.0
2022-01-22 18:00:00,0,0.0
2022-01-22 18:30:00,0,0.0
2022-01-22 19:00:00,0,0.0
2022-01-22 19:30:00,0,0.0
2022-01-22 20:00:00,0,0.0
2022-01-22 20:30:00,0,0.0
2022-01-22 21:00:00,0,0.0
2022-01-22 21:30:00,0,0.0
2022-01-22 22:00:00,0,0.0
2022-01-22 22:30:00,0,0.0
2022-01-22 23:00:00,0,0.0
2022-01-22 23:30:00,0,0.0
2022-01-23 00:00:00,0,0.0
2022-01-23 00:30:00,0,0.0
2022-01-23 01:00:00,0,0.0
2022-01-23 01:30:00,0,0.0
2022-01-23 02:00:00,0,0.0
2022-01-23 02:30:00,0,0.0
2022-01-23 03:00:00,0,0.0
2022-01-23 03:30:00,0,0.0
2022-01-23 04:00:00,0,0.0
2022-01-23 04:30:00,0,0.0
2022-01-23 05:00:00,0,0.0
2022-01-23 05:30:00,0,0.0
2022-01-23 06:00:00,0,0.0
2022-01-23 06:30:00,0,0.0
2022-01-23 07:00:00,0,0.0
2022-01-23 07:30:00,0,0.0
2022-01-23 08:00:00,0,0.0
2022-01-23 08:30:00,0,0.0
2022-01-23 09:00:00,9,3160.698934246404
2022-01-23 09:30:00,5,1762.4069962052133
2022-01-23 10:00:00,9,3193.4947727340455
2022-01-23 10:30:00,6,2380.4312768946115
2022-01-23 11:00:00,4,1434.7440693331969
2022-01-23 11:30:00,3,1058.921487745094
2022-01-23 12:00:00,6,2103.143939771628
2022-01-23 12:30:00,5,1774.9639613919228
2022-01-23 13:00:00,3,1182.903052838575
2022-01-23 13:30:00,5,1977.1064793975781
2022-01-23 14:00:00,6,2386.56203048577
2022-01-23 14:30:00,4,1648.6556645138464
2022-01-23 15:00:00,10,4207.691305064123
2022-01-23 15:30:00,3,1270.0262318840084
2022-01-23 16:00:00,4,1665.1520697591313
2022-01-23 16:30:00,0,0.0
2022-01-23 17:00:00,0,0.0
2022-01-23 17:30:00,0,0.0
2022-01-23 18:00:00,0,0.0
2022-01-23 18:30:00,0,0.0
2022-01-23 19:00:00,0,0.0
2022-01-23 19:30:00,0,0.0
2022-01-23 20:00:00,0,0.0
2022-01-23 20:30:00,0,0.0
2022-01-23 21:00:00,0,0.0
2022-01-23 21:30:00,0,0.0
2022-01-23 22:00:00,0,0.0
2022-01-23 22:30:00,0,0.0
2022-01-23 23:00:00,0,0.0
2022-01-23 23:30:00,0,0.0
2022-01-24 00:00:00,0,0.0
2022-01-24 00:30:00,0,0.0
2022-01-24 01:00:00,0,0.0
2022-01-24 01:30:00,0,0.0
2022-01-24 02:00:00,0,0.0
2022-01-24 02:30:00,0,0.0
2022-01-24 03:00:00,0,0.0
2022-01-24 03:30:00,0,0.0
2022-01-24 04:00:00,0,0.0
2022-01-24 04:30:00,0,0.0
2022-01-24 05:00:00,0,0.0
2022-01-24 05:30:00,0,0.0
2022-01-24 06:00:00,0,0.0
2022-01-24 06:30:00,0,0.0
2022-01-24 07:00:00,0,0.0
2022-01-24 07:30:00,0,0.0
2022-01-24 08:00:00,0,0.0
2022-01-24 08:30:00,0,0.0
2022-01-24 09:00:00,2,796.5794013443322
2022-01-24 09:30:00,4,1608.0301889097864
2022-01-24 10:00:00,8,3202.2723376145586
2022-01-24 10:30:00,9,3595.797777965885
2022-01-24 11:00:00,10,4011.704162149993
2022-01-24 11:30:00,6,2406.1361232768168
2022-01-24 12:00:00,3,1202.8834003856625
2022-01-24 12:30:00,12,4780.510511081368
2022-01-24 13:00:00,5,1982.64631697995
2022-01-24 13:30:00,4,1584.8859785656555
2022-01-24 14:00:00,7,2786.4767501820975
2022-01-24 14:30:00,5,2000.189135990794
2022-01-24 15:00:00,11,3927.8063996525175
2022-01-24 15:30:00,4,1422.7287771545416
2022-01-24 16:00:00,4,1644.4700094516097
2022-01-24 16:30:00,0,0.0
2022-01-24 17:00:00,0,0.0
2022-01-24 17:30:00,0,0.0
2022-01-24 18:00:00,0,0.0
2022-01-24 18:30:00,0,0.0
2022-01-24 19:00:00,0,0.0
2022-01-24 19:30:00,0,0.0
2022-01-24 20:00:00,0,0.0
2022-01-24 20:30:00,0,0.0
2022-01-24 21:00:00,0,0.0
2022-01-24 21:30:00,0,0.0
2022-01-24 22:00:00,0,0.0
2022-01-24 22:30:00,0,0.0
2022-01-24 23:00:00,0,0.0
2022-01-24 23:30:00,0,0.0
2022-01-25 00:00:00,0,0.0
2022-01-25 00:30:00,0,0.0
2022-01-25 01:00:00,0,0.0
2022-01-25 01:30:00,0,0.0
2022-01-25 02:00:00,0,0.0
2022-01-25 02:30:00,0,0.0
2022-01-25 03:00:00,0,0.0
2022-01-25 03:30:00,0,0.0
2022-01-25 04:00:00,0,0.0
2022-01-25 04:30:00,0,0.0
2022-01-25 05:00:00,0,0.0
2022-01-25 05:30:00,0,0.0
2022-01-25 06:00:00,0,0.0
2022-01-25 06:30:00,0,0.0
2022-01-25 07:00:00,0,0.0
2022-01-25 07:30:00,0,0.0
2022-01-25 08:00:00,0,0.0
2022-01-25 08:30:00,0,0.0
2022-01-25 09:00:00,6,2031.864696211778
2022-01-25 09:30:00,9,3080.260492550366
2022-01-25 10:00:00,5,1702.022766557361
2022-01-25 10:30:00,7,2438.8457865131754
2022-01-25 11:00:00,7,2437.1222814875487
2022-01-25 11:30:00,6,2401.704253210919
2022-01-25 12:00:00,9,3592.584672168109
2022-01-25 12:30:00,7,2781.306235105217
2022-01-25 13:00:00,4,1592.7648586828066
2022-01-25 13:30:00,12,4788.63560620218
2022-01-25 14:00:00,3,1199.3748365834938
2022-01-25 14:30:00,2,804.3844169603848
2022-01-25 15:00:00,6,2415.7385084195944
2022-01-25 15:30:00,9,3614.1900387393594
2022-01-25 16:00:00,3,1233.9064908469445
2022-01-25 16:30:00,0,0.0
2022-01-25 17:00:00,0,0.0
2022-01-25 17:30:00,0,0.0
2022-01-25 18:00:00,0,0.0
2022-01-25 18:30:00,0,0.0
2022-01-25 19:00:00,0,0.0
2022-01-25 19:30:00,0,0.0
2022-01-25 20:00:00,0,0.0
2022-01-25 20:30:00,0,0.0
2022-01-25 21:00:00,0,0.0
2022-01-25 21:30:00,0,0.0
2022-01-25 22:00:00,0,0.0
2022-01-25 22:30:00,0,0.0
2022-01-25 23:00:00,0,0.0
2022-01-25 23:30:00,0,0.0
2022-01-26 00:00:00,0,0.0
2022-01-26 00:30:00,0,0.0
2022-01-26 01:00:00,0,0.0
2022-01-26 01:30:00,0,0.0
2022-01-26 02:00:00,0,0.0
2022-01-26 02:30:00,0,0.0
2022-01-26 03:00:00,0,0.0
2022-01-26 03:30:00,0,0.0
2022-01-26 04:00:00,0,0.0
2022-01-26 04:30:00,0,0.0
2022-01-26 05:00:00,0,0.0
2022-01-26 05:30:00,0,0.0
2022-01-26 06:00:00,0,0.0
2022-01-26 06:30:00,0,0.0
2022-01-26 07:00:00,0,0.0
2022-01-26 07:30:00,0,0.0
2022-01-26 08:00:00,0,0.0
2022-01-26 08:30:00,0,0.0
2022-01-26 09:00:00,2,795.052868321634
2022-01-26 09:30:00,5,2011.6381336610289
2022-01-26 10:00:00,3,1202.9572648867609
2022-01-26 10:30:00,6,2405.8406652724234
2022-01-26 11:00:00,5,2004.4978985548607
2022-01-26 11:30:00,9,3593.692639684584
2022-01-26 12:00:00,5,1984.3698220055765
2022-01-26 12:30:00,5,1974.9520981155445
2022-01-26 13:00:00,3,1186.263887638547
2022-01-26 13:30:00,7,2776.135720028337
2022-01-26 14:00:00,6,2377.328967848483
2022-01-26 14:30:00,7,2780.8753588488103
2022-01-26 15:00:00,8,3196.363177526696
2022-01-26 15:30:00,5,2051.5865180050214
2022-01-26 16:00:00,3,1232.4292008249788
2022-01-26 16:30:00,0,0.0
2022-01-26 17:00:00,0,0.0
2022-01-26 17:30:00,0,0.0
2022-01-26 18:00:00,0,0.0
2022-01-26 18:30:00,0,0.0
2022-01-26 19:00:00,0,0.0
2022-01-26 19:30:00,0,0.0
2022-01-26 20:00:00,0,0.0
2022-01-26 20:30:00,0,0.0
2022-01-26 21:00:00,0,0.0
2022-01-26 21:30:00,0,0.0
2022-01-26 22:00:00,0,0.0
2022-01-26 22:30:00,0,0.0
2022-01-26 23:00:00,0,0.0
2022-01-26 23:30:00,0,0.0
2022-01-27 00:00:00,0,0.0
2022-01-27 00:30:00,0,0.0
2022-01-27 01:00:00,0,0.0
2022-01-27 01:30:00,0,0.0
2022-01-27 02:00:00,0,0.0
2022-01-27 02:30:00,0,0.0
2022-01-27 03:00:00,0,0.0
2022-01-27 03:30:00,0,0.0
2022-01-27 04:00:00,0,0.0
2022-01-27 04:30:00,0,0.0
2022-01-27 05:00:00,0,0.0
2022-01-27 05:30:00,0,0.0
2022-01-27 06:00:00,0,0.0
2022-01-27 06:30:00,0,0.0
2022-01-27 07:00:00,0,0.0
2022-01-27 07:30:00,0,0.0
2022-01-27 08:00:00,0,0.0
2022-01-27 08:30:00,0,0.0
2022-01-27 09:00:00,6,2018.3474925107907
2022-01-27 09:30:00,6,2043.9784743918974
2022-01-27 10:00:00,6,2028.0976066557655
2022-01-27 10:30:00,7,2365.3382971701935
2022-01-27 11:00:00,3,1011.6851392927372
2022-01-27 11:30:00,6,1744.7533804427223
2022-01-27 12:00:00,7,2424.7992205543173
2022-01-27 12:30:00,8,2759.7747330350658
2022-01-27 13:00:00,9,2862.323282059859
2022-01-27 13:30:00,9,3123.8036159478083
2022-01-27 14:00:00,3,1188.8491451769873
2022-01-27 14:30:00,2,791.9505592755058
2022-01-27 15:00:00,4,1589.810278638875
2022-01-27 15:30:00,7,2778.29010131037
2022-01-27 16:00:00,3,1225.9660569788784
2022-01-27 16:30:00,0,0.0
2022-01-27 17:00:00,0,0.0
2022-01-27 17:30:00,0,0.0
2022-01-27 18:00:00,0,0.0
2022-01-27 18:30:00,0,0.0
2022-01-27 19:00:00,0,0.0
2022-01-27 19:30:00,0,0.0
2022-01-27 20:00:00,0,0.0
2022-01-27 20:30:00,0,0.0
2022-01-27 21:00:00,0,0.0
2022-01-27 21:30:00,0,0.0
2022-01-27 22:00:00,0,0.0
2022-01-27 22:30:00,0,0.0
2022-01-27 23:00:00,0,0.0
2022-01-27 23:30:00,0,0.0
2022-01-28 00:00:00,0,0.0
2022-01-28 00:30:00,0,0.0
2022-01-28 01:00:00,0,0.0
2022-01-28 01:30:00,0,0.0
2022-01-28 02:00:00,0,0.0
2022-01-28 02:30:00,0,0.0
2022-01-28 03:00:00,0,0.0
2022-01-28 03:30:00,0,0.0
2022-01-28 04:00:00,0,0.0
2022-01-28 04:30:00,0,0.0
2022-01-28 05:00:00,0,0.0
2022-01-28 05:30:00,0,0.0
2022-01-28 06:00:00,0,0.0
2022-01-28 06:30:00,0,0.0
2022-01-28 07:00:00,0,0.0
2022-01-28 07:30:00,0,0.0
2022-01-28 08:00:00,0,0.0
2022-01-28 08:30:00,0,0.0
2022-01-28 09:00:00,4,1279.973318031912
2022-01-28 09:30:00,4,1368.5122333483962
2022-01-28 10:00:00,5,1691.3124138981086
2022-01-28 10:30:00,4,1349.7506500694303
2022-01-28 11:00:00,9,3033.504263355148
2022-01-28 11:30:00,4,1388.9480786522568
2022-01-28 12:00:00,6,2085.9335110157267
2022-01-28 12:30:00,7,2758.642144018225
2022-01-28 13:00:00,4,1580.9465385070798
2022-01-28 13:30:00,4,1581.6851835180628
2022-01-28 14:00:00,4,1580.9465385070798
2022-01-28 14:30:00,6,2370.6811627496368
2022-01-28 15:00:00,5,1981.4152419616453
2022-01-28 15:30:00,2,814.9716621178063
2022-01-28 16:00:00,5,2032.8126239758722
2022-01-28 16:30:00,0,0.0
2022-01-28 17:00:00,0,0.0
2022-01-28 17:30:00,0,0.0
2022-01-28 18:00:00,0,0.0
2022-01-28 18:30:00,0,0.0
2022-01-28 19:00:00,0,0.0
2022-01-28 19:30:00,0,0.0
2022-01-28 20:00:00,0,0.0
2022-01-28 20:30:00,0,0.0
2022-01-28 21:00:00,0,0.0
2022-01-28 21:30:00,0,0.0
2022-01-28 22:00:00,0,0.0
2022-01-28 22:30:00,0,0.0
2022-01-28 23:00:00,0,0.0
2022-01-28 23:30:00,0,0.0
2022-01-29 00:00:00,0,0.0
2022-01-29 00:30:00,0,0.0
2022-01-29 01:00:00,0,0.0
2022-01-29 01:30:00,0,0.0
2022-01-29 02:00:00,0,0.0
2022-01-29 02:30:00,0,0.0
2022-01-29 03:00:00,0,0.0
2022-01-29 03:30:00,0,0.0
2022-01-29 04:00:00,0,0.0
2022-01-29 04:30:00,0,0.0
2022-01-29 05:00:00,0,0.0
2022-01-29 05:30:00,0,0.0
2022-01-29 06:00:00,0,0.0
2022-01-29 06:30:00,0,0.0
2022-01-29 07:00:00,0,0.0
2022-01-29 07:30:00,0,0.0
2022-01-29 08:00:00,0,0.0
2022-01-29 08:30:00,0,0.0
2022-01-29 09:00:00,14,5526.2465141697085
2022-01-29 09:30:00,10,3700.488397522528
2022-01-29 10:00:00,6,2278.5721298800686
2022-01-29 10:30:00,5,1909.5820146435576
2022-01-29 11:00:00,3,1146.857176302609
2022-01-29 11:30:00,13,4984.758167368325
2022-01-29 12:00:00,6,2338.550104771881
2022-01-29 12:30:00,1,383.9230552085485
2022-01-29 13:00:00,11,4258.904025825605
2022-01-29 13:30:00,9,3528.3225562125963
2022-01-29 14:00:00,8,3129.3926965309115
2022-01-29 14:30:00,5,2016.439326232418
2022-01-29 15:00:00,4,1646.6859444845586
2022-01-29 15:30:00,3,1235.3837808689104
2022-01-29 16:00:00,2,826.9130897953634
2022-01-29 16:30:00,0,0.0
2022-01-29 17:00:00,0,0.0
2022-01-29 17:30:00,0,0.0
2022-01-29 18:00:00,0,0.0
2022-01-29 18:30:00,0,0.0
2022-01-29 19:00:00,0,0.0
2022-01-29 19:30:00,0,0.0
2022-01-29 20:00:00,0,0.0
2022-01-29 20:30:00,0,0.0
2022-01-29 21:00:00,0,0.0
2022-01-29 21:30:00,0,0.0
2022-01-29 22:00:00,0,0.0
2022-01-29 22:30:00,0,0.0
2022-01-29 23:00:00,0,0.0
2022-01-29 23:30:00,0,0.0
2022-01-30 00:00:00,0,0.0
2022-01-30 00:30:00,0,0.0
2022-01-30 01:00:00,0,0.0
2022-01-30 01:30:00,0,0.0
2022-01-30 02:00:00,0,0.0
2022-01-30 02:30:00,0,0.0
2022-01-30 03:00:00,0,0.0
2022-01-30 03:30:00,0,0.0
2022-01-30 04:00:00,0,0.0
2022-01-30 04:30:00,0,0.0
2022-01-30 05:00:00,0,0.0
2022-01-30 05:30:00,0,0.0
2022-01-30 06:00:00,0,0.0
2022-01-30 06:30:00,0,0.0
2022-01-30 07:00:00,0,0.0
2022-01-30 07:30:00,0,0.0
2022-01-30 08:00:00,0,0.0
2022-01-30 08:30:00,0,0.0
2022-01-30 09:00:00,10,3617.7601562924424
2022-01-30 09:30:00,3,1055.0066691868847
2022-01-30 10:00:00,6,2143.4000928701967
2022-01-30 10:30:00,4,1530.7679207609744
2022-01-30 11:00:00,4,1440.2100424144703
2022-01-30 11:30:00,2,717.9383291750187
2022-01-30 12:00:00,6,1896.2494721953165
2022-01-30 12:30:00,7,2416.698746933872
2022-01-30 13:00:00,4,1542.2907829323078
2022-01-30 13:30:00,4,1557.063683151966
2022-01-30 14:00:00,5,1745.295053450776
2022-01-30 14:30:00,5,1957.7170478592766
2022-01-30 15:00:00,2,795.9638638351796
2022-01-30 15:30:00,7,2754.161030951595
2022-01-30 16:00:00,13,4935.625963387779
2022-01-30 16:30:00,0,0.0
2022-01-30 17:00:00,0,0.0
2022-01-30 17:30:00,0,0.0
2022-01-30 18:00:00,0,0.0
2022-01-30 18:30:00,0,0.0
2022-01-30 19:00:00,0,0.0
2022-01-30 19:30:00,0,0.0
2022-01-30 20:00:00,0,0.0
2022-01-30 20:30:00,0,0.0
2022-01-30 21:00:00,0,0.0
2022-01-30 21:30:00,0,0.0
2022-01-30 22:00:00,0,0.0
2022-01-30 22:30:00,0,0.0
2022-01-30 23:00:00,0,0.0
2022-01-30 23:30:00,0,0.0
2022-01-31 00:00:00,0,0.0
2022-01-31 00:30:00,0,0.0
2022-01-31 01:00:00,0,0.0
2022-01-31 01:30:00,0,0.0
2022-01-31 02:00:00,0,0.0
2022-01-31 02:30:00,0,0.0
2022-01-31 03:00:00,0,0.0
2022-01-31 03:30:00,0,0.0
2022-01-31 04:00:00,0,0.0
2022-01-31 04:30:00,0,0.0
2022-01-31 05:00:00,0,0.0
2022-01-31 05:30:00,0,0.0
2022-01-31 06:00:00,0,0.0
2022-01-31 06:30:00,0,0.0
2022-01-31 07:00:00,0,0.0
2022-01-31 07:30:00,0,0.0
2022-01-31 08:00:00,0,0.0
2022-01-31 08:30:00,0,0.0
2022-01-31 09:00:00,11,3873.503680595091
2022-01-31 09:30:00,5,1791.275705384462
2022-01-31 10:00:00,5,1800.0778917653417
2022-01-31 10:30:00,12,4304.675395006179
2022-01-31 11:00:00,3,1077.2768162680193
2022-01-31 11:30:00,4,1413.1756350124958
2022-01-31 12:00:00,7,2523.4698832714507
2022-01-31 12:30:00,7,2768.3799474130165
2022-01-31 13:00:00,3,1063.3902900615408
2022-01-31 13:30:00,6,2159.798012114017
2022-01-31 14:00:00,4,1572.8214433862684
2022-01-31 14:30:00,6,2439.7444712765387
2022-01-31 15:00:00,9,3585.936867069264
2022-01-31 15:30:00,4,1641.515429407678
2022-01-31 16:00:00,4,1645.7010844699146
