datetime,active_jobs,ci,emissions
2022-01-01 00:00:00,7.0,478.993152,3352.952064
2022-01-01 00:30:00,10.0,486.704216,4867.04216
2022-01-01 01:00:00,13.0,501.21916,6515.84908
2022-01-01 01:30:00,14.0,512.105368,7169.475152
2022-01-01 02:00:00,16.0,504.847896,8077.566336
2022-01-01 02:30:00,18.0,504.394304,9079.097472
2022-01-01 03:00:00,18.0,518.002064,9324.037152
2022-01-01 03:30:00,21.0,500.765568,10516.076927999999
2022-01-01 04:00:00,22.0,500.765568,11016.842496
2022-01-01 04:30:00,25.0,507.569448,12689.236200000001
2022-01-01 05:00:00,31.0,506.662264,15706.530184
2022-01-01 05:30:00,36.0,494.41528,17798.95008
2022-01-01 06:00:00,40.0,494.41528,19776.6112
2022-01-01 06:30:00,41.0,492.600912,20196.637392
2022-01-01 07:00:00,44.0,475.364416,20916.034304
2022-01-01 07:30:00,43.0,495.776056,21318.370408
2022-01-01 08:00:00,45.0,495.776056,22309.92252
2022-01-01 08:30:00,46.0,499.404792,22972.620432
2022-01-01 09:00:00,51.0,493.508096,25168.912896
2022-01-01 09:30:00,58.0,493.054504,28597.161232000002
2022-01-01 10:00:00,60.0,488.064992,29283.899520000003
2022-01-01 10:30:00,61.0,493.508096,30103.993856
2022-01-01 11:00:00,62.0,513.919736,31863.023631999997
2022-01-01 11:30:00,65.0,500.765568,32549.761919999997
2022-01-01 12:00:00,65.0,493.508096,32078.026240000003
2022-01-01 12:30:00,64.0,492.600912,31526.458368
2022-01-01 13:00:00,63.0,443.612976,27947.617488
2022-01-01 13:30:00,61.0,476.2716,29052.5676
2022-01-01 14:00:00,61.0,472.189272,28803.545592000002
2022-01-01 14:30:00,60.0,494.868872,29692.13232
2022-01-01 15:00:00,59.0,495.322464,29224.025376
2022-01-01 15:30:00,59.0,431.365992,25450.593528
2022-01-01 16:00:00,57.0,501.21916,28569.49212
2022-01-01 16:30:00,56.0,503.48712,28195.278720000002
2022-01-01 17:00:00,55.0,518.455656,28515.06108
2022-01-01 17:30:00,52.0,509.837408,26511.545216
2022-01-01 18:00:00,52.0,512.55896,26653.065919999997
2022-01-01 18:30:00,51.0,528.888272,26973.301872
2022-01-01 19:00:00,51.0,505.301488,25770.375888
2022-01-01 19:30:00,51.0,503.48712,25677.84312
2022-01-01 20:00:00,49.0,531.609824,26048.881376
2022-01-01 20:30:00,48.0,536.599336,25756.768128
2022-01-01 21:00:00,48.0,500.765568,24036.747263999998
2022-01-01 21:30:00,46.0,536.599336,24683.569456
2022-01-01 22:00:00,43.0,524.352352,22547.151136
2022-01-01 22:30:00,42.0,522.537984,21946.595328000003
2022-01-01 23:00:00,40.0,514.82692,20593.0768
2022-01-01 23:30:00,39.0,511.198184,19936.729176
2022-01-02 00:00:00,40.0,501.672752,20066.91008
2022-01-02 00:30:00,41.0,514.373328,21089.306448
2022-01-02 01:00:00,46.0,514.82692,23682.03832
2022-01-02 01:30:00,51.0,478.085968,24382.384368
2022-01-02 02:00:00,58.0,478.085968,27728.986144
2022-01-02 02:30:00,62.0,484.889848,30063.170575999997
2022-01-02 03:00:00,63.0,500.765568,31548.230784
2022-01-02 03:30:00,68.0,491.693728,33435.173504
2022-01-02 04:00:00,68.0,518.455656,35254.984608
2022-01-02 04:30:00,71.0,502.126344,35650.970424
2022-01-02 05:00:00,73.0,503.940712,36787.671976
2022-01-02 05:30:00,78.0,502.126344,39165.854832000005
2022-01-02 06:00:00,82.0,480.353928,39389.022096
2022-01-02 06:30:00,85.0,488.064992,41485.524320000004
2022-01-02 07:00:00,85.0,493.961688,41986.74348
2022-01-02 07:30:00,86.0,495.776056,42636.740816
2022-01-02 08:00:00,89.0,499.858384,44487.396176
2022-01-02 08:30:00,89.0,502.579936,44729.614303999995
2022-01-02 09:00:00,89.0,510.744592,45456.268688000004
2022-01-02 09:30:00,89.0,494.868872,44043.329608
2022-01-02 10:00:00,90.0,489.425768,44048.31912
2022-01-02 10:30:00,93.0,491.693728,45727.516704
2022-01-02 11:00:00,94.0,489.425768,46006.022192000004
2022-01-02 11:30:00,101.0,477.632376,48240.869976
2022-01-02 12:00:00,101.0,482.621888,48744.810688
2022-01-02 12:30:00,99.0,404.150472,40010.896728
2022-01-02 13:00:00,98.0,444.066568,43518.523664
2022-01-02 13:30:00,95.0,497.136832,47227.99904
2022-01-02 14:00:00,94.0,395.078632,37137.391408
2022-01-02 14:30:00,93.0,376.934952,35054.950536000004
2022-01-02 15:00:00,93.0,343.822736,31975.514448
2022-01-02 15:30:00,93.0,266.258504,24762.040872
2022-01-02 16:00:00,93.0,151.046136,14047.290647999998
2022-01-02 16:30:00,92.0,129.27372,11893.18224
2022-01-02 17:00:00,88.0,207.745136,18281.571968
2022-01-02 17:30:00,88.0,188.694272,16605.095936
2022-01-02 18:00:00,86.0,101.604608,8737.996288
2022-01-02 18:30:00,86.0,218.177752,18763.286672
2022-01-02 19:00:00,84.0,312.97848,26290.19232
2022-01-02 19:30:00,84.0,458.581512,38520.847008
2022-01-02 20:00:00,84.0,475.818008,39968.712672
2022-01-02 20:30:00,81.0,485.797032,39349.559592
2022-01-02 21:00:00,79.0,484.436256,38270.464224
2022-01-02 21:30:00,74.0,498.497608,36888.822992
2022-01-02 22:00:00,71.0,498.497608,35393.330168
2022-01-02 22:30:00,68.0,508.476632,34576.410976
2022-01-02 23:00:00,63.0,503.940712,31748.264856
2022-01-02 23:30:00,60.0,508.476632,30508.59792
2022-01-03 00:00:00,64.0,489.87936,31352.27904
2022-01-03 00:30:00,63.0,491.693728,30976.704864000003
2022-01-03 01:00:00,65.0,480.353928,31223.00532
2022-01-03 01:30:00,71.0,478.53956,33976.30876
2022-01-03 02:00:00,76.0,472.189272,35886.384672
2022-01-03 02:30:00,78.0,477.632376,37255.325328
2022-01-03 03:00:00,81.0,480.353928,38908.668168
2022-01-03 03:30:00,86.0,486.250624,41817.553664
2022-01-03 04:00:00,84.0,479.446744,40273.526496
2022-01-03 04:30:00,87.0,483.07548,42027.56676
2022-01-03 05:00:00,92.0,483.07548,44442.94416
2022-01-03 05:30:00,95.0,477.632376,45375.07572
2022-01-03 06:00:00,96.0,479.900336,46070.432256
2022-01-03 06:30:00,99.0,487.157808,48228.622992
2022-01-03 07:00:00,103.0,489.425768,50410.854104
2022-01-03 07:30:00,101.0,479.446744,48424.121144000004
2022-01-03 08:00:00,101.0,478.993152,48378.308352
2022-01-03 08:30:00,101.0,482.168296,48698.997896
2022-01-03 09:00:00,103.0,489.87936,50457.57408
2022-01-03 09:30:00,101.0,494.868872,49981.756072000004
2022-01-03 10:00:00,99.0,530.249048,52494.655752
2022-01-03 10:30:00,103.0,522.991576,53868.132328
2022-01-03 11:00:00,107.0,517.548472,55377.686504
2022-01-03 11:30:00,104.0,527.527496,54862.859584000005
2022-01-03 12:00:00,103.0,514.82692,53027.172759999994
2022-01-03 12:30:00,102.0,489.87936,49967.69472
2022-01-03 13:00:00,99.0,493.508096,48857.301504
2022-01-03 13:30:00,96.0,492.14732,47246.142719999996
2022-01-03 14:00:00,95.0,491.240136,46667.812920000004
2022-01-03 14:30:00,94.0,504.847896,47455.702224
2022-01-03 15:00:00,93.0,510.744592,47499.247056
2022-01-03 15:30:00,92.0,513.919736,47280.61571199999
2022-01-03 16:00:00,87.0,511.651776,44513.704512
2022-01-03 16:30:00,86.0,501.672752,43143.856672
2022-01-03 17:00:00,85.0,516.641288,43914.50948
2022-01-03 17:30:00,85.0,514.373328,43721.73288
2022-01-03 18:00:00,82.0,512.55896,42029.83472
2022-01-03 18:30:00,80.0,513.466144,41077.29152
2022-01-03 19:00:00,79.0,509.837408,40277.155232
2022-01-03 19:30:00,78.0,524.352352,40899.483456
2022-01-03 20:00:00,77.0,541.135256,41667.414712000005
2022-01-03 20:30:00,72.0,524.805944,37786.027967999995
2022-01-03 21:00:00,69.0,507.115856,34990.994064
2022-01-03 21:30:00,66.0,530.70264,35026.37424
2022-01-03 22:00:00,65.0,532.063416,34584.122039999995
2022-01-03 22:30:00,63.0,494.41528,31148.16264
2022-01-03 23:00:00,57.0,530.249048,30224.195736
2022-01-03 23:30:00,57.0,507.569448,28931.458536000002
2022-01-04 00:00:00,55.0,522.991576,28764.53668
2022-01-04 00:30:00,56.0,524.352352,29363.731712
2022-01-04 01:00:00,61.0,525.259536,32040.831696
2022-01-04 01:30:00,69.0,485.797032,33519.995208
2022-01-04 02:00:00,68.0,491.693728,33435.173504
2022-01-04 02:30:00,72.0,485.797032,34977.386304
2022-01-04 03:00:00,71.0,528.43468,37518.862279999994
2022-01-04 03:30:00,74.0,493.054504,36486.033296
2022-01-04 04:00:00,76.0,505.75508,38437.386080000004
2022-01-04 04:30:00,77.0,478.993152,36882.472704
2022-01-04 05:00:00,78.0,500.765568,39059.714304
2022-01-04 05:30:00,85.0,491.240136,41755.41156
2022-01-04 06:00:00,82.0,492.14732,40356.080239999996
2022-01-04 06:30:00,84.0,525.259536,44121.801024
2022-01-04 07:00:00,85.0,528.43468,44916.947799999994
2022-01-04 07:30:00,94.0,535.23856,50312.42464
2022-01-04 08:00:00,95.0,539.320888,51235.484359999995
2022-01-04 08:30:00,101.0,536.145744,54150.720144000006
2022-01-04 09:00:00,104.0,521.6308,54249.603200000005
2022-01-04 09:30:00,108.0,526.620312,56874.993696000005
2022-01-04 10:00:00,108.0,526.620312,56874.993696000005
2022-01-04 10:30:00,107.0,505.301488,54067.259216
2022-01-04 11:00:00,111.0,506.208672,56189.162592
2022-01-04 11:30:00,107.0,517.09488,55329.15216
2022-01-04 12:00:00,105.0,516.641288,54247.33524
2022-01-04 12:30:00,105.0,517.09488,54294.9624
2022-01-04 13:00:00,102.0,520.723616,53113.808832
2022-01-04 13:30:00,99.0,495.322464,49036.923936
2022-01-04 14:00:00,99.0,506.662264,50159.564136
2022-01-04 14:30:00,98.0,516.187696,50586.394208
2022-01-04 15:00:00,98.0,516.641288,50630.846224
2022-01-04 15:30:00,96.0,512.105368,49162.115328
2022-01-04 16:00:00,95.0,511.651776,48606.91872
2022-01-04 16:30:00,94.0,513.466144,48265.817536
2022-01-04 17:00:00,91.0,520.723616,47385.849056
2022-01-04 17:30:00,88.0,520.723616,45823.678208
2022-01-04 18:00:00,85.0,514.373328,43721.73288
2022-01-04 18:30:00,84.0,514.373328,43207.359552
2022-01-04 19:00:00,84.0,514.373328,43207.359552
2022-01-04 19:30:00,82.0,516.641288,42364.585616000004
2022-01-04 20:00:00,80.0,518.002064,41440.165120000005
2022-01-04 20:30:00,79.0,513.919736,40599.659144
2022-01-04 21:00:00,78.0,510.744592,39838.078176
2022-01-04 21:30:00,75.0,530.70264,39802.698
2022-01-04 22:00:00,70.0,534.331376,37403.196319999995
2022-01-04 22:30:00,65.0,537.052928,34908.440319999994
2022-01-04 23:00:00,62.0,537.052928,33297.281535999995
2022-01-04 23:30:00,61.0,507.115856,30934.067216
2022-01-05 00:00:00,63.0,525.713128,33119.927063999996
2022-01-05 00:30:00,64.0,525.259536,33616.610304
2022-01-05 01:00:00,66.0,525.713128,34697.066448
2022-01-05 01:30:00,70.0,503.48712,35244.0984
2022-01-05 02:00:00,73.0,524.805944,38310.833911999995
2022-01-05 02:30:00,77.0,525.259536,40444.984272
2022-01-05 03:00:00,81.0,525.259536,42546.022416
2022-01-05 03:30:00,83.0,526.620312,43709.485896
2022-01-05 04:00:00,90.0,524.805944,47232.53496
2022-01-05 04:30:00,92.0,522.991576,48115.224992
2022-01-05 05:00:00,91.0,525.259536,47798.617776
2022-01-05 05:30:00,99.0,526.620312,52135.410888
2022-01-05 06:00:00,101.0,527.073904,53234.464303999994
2022-01-05 06:30:00,100.0,529.795456,52979.5456
2022-01-05 07:00:00,101.0,530.70264,53600.96664
2022-01-05 07:30:00,101.0,541.135256,54654.660856
2022-01-05 08:00:00,104.0,537.960112,55947.851647999996
2022-01-05 08:30:00,104.0,542.496032,56419.587328
2022-01-05 09:00:00,102.0,541.588848,55242.062496
2022-01-05 09:30:00,107.0,533.877784,57124.922888
2022-01-05 10:00:00,107.0,533.877784,57124.922888
2022-01-05 10:30:00,106.0,533.877784,56591.045104000004
2022-01-05 11:00:00,115.0,533.877784,61395.94516
2022-01-05 11:30:00,116.0,533.877784,61929.822944
2022-01-05 12:00:00,116.0,533.877784,61929.822944
2022-01-05 12:30:00,115.0,527.981088,60717.82512
2022-01-05 13:00:00,113.0,527.981088,59661.862944
2022-01-05 13:30:00,111.0,515.734104,57246.485544
2022-01-05 14:00:00,108.0,515.280512,55650.295296000004
2022-01-05 14:30:00,107.0,516.187696,55232.083472
2022-01-05 15:00:00,105.0,497.136832,52199.367360000004
2022-01-05 15:30:00,105.0,519.36284,54533.0982
2022-01-05 16:00:00,102.0,513.012552,52327.280304
2022-01-05 16:30:00,100.0,515.280512,51528.0512
2022-01-05 17:00:00,100.0,500.765568,50076.5568
2022-01-05 17:30:00,99.0,500.765568,49575.791231999996
2022-01-05 18:00:00,98.0,500.311976,49030.573648000005
2022-01-05 18:30:00,92.0,503.48712,46320.81504
2022-01-05 19:00:00,91.0,503.940712,45858.604792
2022-01-05 19:30:00,89.0,528.888272,47071.056208
2022-01-05 20:00:00,86.0,526.620312,45289.346832
2022-01-05 20:30:00,84.0,514.82692,43245.461279999996
2022-01-05 21:00:00,81.0,509.383816,41260.089096
2022-01-05 21:30:00,76.0,530.70264,40333.40064
2022-01-05 22:00:00,71.0,537.960112,38195.167951999996
2022-01-05 22:30:00,69.0,533.877784,36837.567096
2022-01-05 23:00:00,63.0,532.517008,33548.571504
2022-01-05 23:30:00,63.0,465.838984,29347.855991999997
2022-01-06 00:00:00,65.0,335.204488,21788.29172
2022-01-06 00:30:00,70.0,219.99212,15399.4484
2022-01-06 01:00:00,69.0,191.415824,13207.691856
2022-01-06 01:30:00,71.0,285.309368,20256.965128
2022-01-06 02:00:00,77.0,269.88724,20781.31748
2022-01-06 02:30:00,78.0,277.144712,21617.287536000003
2022-01-06 03:00:00,79.0,249.929192,19744.406168
2022-01-06 03:30:00,80.0,243.578904,19486.31232
2022-01-06 04:00:00,84.0,244.93968,20574.93312
2022-01-06 04:30:00,90.0,229.517552,20656.57968
2022-01-06 05:00:00,92.0,230.878328,21240.806176000002
2022-01-06 05:30:00,97.0,138.799152,13463.517743999999
2022-01-06 06:00:00,103.0,64.410064,6634.236592
2022-01-06 06:30:00,105.0,149.68536,15716.962800000001
2022-01-06 07:00:00,108.0,162.839528,17586.669024
2022-01-06 07:30:00,111.0,332.482936,36905.605896
2022-01-06 08:00:00,112.0,537.50652,60200.730240000004
2022-01-06 08:30:00,112.0,528.888272,59235.486464
2022-01-06 09:00:00,113.0,514.373328,58124.186064
2022-01-06 09:30:00,114.0,513.919736,58586.849903999995
2022-01-06 10:00:00,111.0,540.681664,60015.664703999995
2022-01-06 10:30:00,112.0,540.681664,60556.346368
2022-01-06 11:00:00,117.0,517.09488,60500.100959999996
2022-01-06 11:30:00,115.0,540.681664,62178.391359999994
2022-01-06 12:00:00,116.0,540.681664,62719.073024
2022-01-06 12:30:00,115.0,481.261112,55345.02788
2022-01-06 13:00:00,112.0,412.76872,46230.096639999996
2022-01-06 13:30:00,109.0,527.981088,57549.938592
2022-01-06 14:00:00,107.0,526.620312,56348.373384
2022-01-06 14:30:00,106.0,522.991576,55437.107056
2022-01-06 15:00:00,104.0,522.991576,54391.123904
2022-01-06 15:30:00,102.0,522.084392,53252.607983999995
2022-01-06 16:00:00,100.0,522.537984,52253.79840000001
2022-01-06 16:30:00,98.0,531.609824,52097.762752
2022-01-06 17:00:00,97.0,524.805944,50906.176567999995
2022-01-06 17:30:00,95.0,526.620312,50028.92964
2022-01-06 18:00:00,91.0,526.1667199999999,47881.171519999996
2022-01-06 18:30:00,88.0,526.1667199999999,46302.67135999999
2022-01-06 19:00:00,86.0,535.692152,46069.525072
2022-01-06 19:30:00,85.0,535.692152,45533.83291999999
2022-01-06 20:00:00,83.0,535.692152,44462.448615999994
2022-01-06 20:30:00,79.0,535.692152,42319.680007999996
2022-01-06 21:00:00,75.0,521.6308,39122.310000000005
2022-01-06 21:30:00,73.0,510.291,37251.243
2022-01-06 22:00:00,71.0,521.6308,37035.7868
2022-01-06 22:30:00,67.0,503.033528,33703.246376
2022-01-06 23:00:00,62.0,538.4137039999999,33381.649648
2022-01-06 23:30:00,58.0,531.609824,30833.369792
2022-01-07 00:00:00,56.0,523.89876,29338.330560000002
2022-01-07 00:30:00,62.0,505.301488,31328.692256000002
2022-01-07 01:00:00,66.0,506.208672,33409.772352
2022-01-07 01:30:00,66.0,507.115856,33469.646496
2022-01-07 02:00:00,68.0,519.816432,35347.517375999996
2022-01-07 02:30:00,71.0,523.89876,37196.81196000001
2022-01-07 03:00:00,71.0,493.961688,35071.279848
2022-01-07 03:30:00,73.0,507.115856,37019.457488
2022-01-07 04:00:00,73.0,494.868872,36125.427656
2022-01-07 04:30:00,75.0,493.961688,37047.126599999996
2022-01-07 05:00:00,77.0,496.229648,38209.682896
2022-01-07 05:30:00,82.0,502.579936,41211.554752
2022-01-07 06:00:00,84.0,507.115856,42597.731904
2022-01-07 06:30:00,85.0,528.43468,44916.947799999994
2022-01-07 07:00:00,88.0,517.548472,45544.26553599999
2022-01-07 07:30:00,91.0,513.012552,46684.142232000006
2022-01-07 08:00:00,97.0,514.373328,49894.212816
2022-01-07 08:30:00,102.0,518.002064,52836.210528
2022-01-07 09:00:00,105.0,520.723616,54675.97968
2022-01-07 09:30:00,105.0,520.723616,54675.97968
2022-01-07 10:00:00,107.0,518.002064,55426.220848000004
2022-01-07 10:30:00,111.0,510.291,56642.301
2022-01-07 11:00:00,110.0,522.084392,57429.28312
2022-01-07 11:30:00,109.0,520.270024,56709.432616000006
2022-01-07 12:00:00,110.0,520.723616,57279.59776
2022-01-07 12:30:00,110.0,518.455656,57030.12216
2022-01-07 13:00:00,107.0,518.002064,55426.220848000004
2022-01-07 13:30:00,105.0,508.930224,53437.673520000004
2022-01-07 14:00:00,104.0,506.662264,52692.875456
2022-01-07 14:30:00,102.0,517.548472,52789.944143999994
2022-01-07 15:00:00,97.0,511.651776,49630.222272
2022-01-07 15:30:00,97.0,511.651776,49630.222272
2022-01-07 16:00:00,96.0,515.280512,49466.929152000004
2022-01-07 16:30:00,95.0,516.187696,49037.831119999995
2022-01-07 17:00:00,94.0,516.187696,48521.643423999994
2022-01-07 17:30:00,88.0,516.187696,45424.517248
2022-01-07 18:00:00,86.0,516.187696,44392.141855999995
2022-01-07 18:30:00,85.0,514.373328,43721.73288
2022-01-07 19:00:00,83.0,516.641288,42881.226904
2022-01-07 19:30:00,82.0,516.187696,42327.391072
2022-01-07 20:00:00,79.0,516.187696,40778.827983999996
2022-01-07 20:30:00,75.0,511.198184,38339.8638
2022-01-07 21:00:00,72.0,506.208672,36447.024384
2022-01-07 21:30:00,71.0,527.981088,37486.657248
2022-01-07 22:00:00,67.0,538.4137039999999,36073.718168
2022-01-07 22:30:00,63.0,516.641288,32548.401144000003
2022-01-07 23:00:00,60.0,518.455656,31107.339359999998
2022-01-07 23:30:00,56.0,527.527496,29541.539776
2022-01-08 00:00:00,56.0,503.48712,28195.278720000002
2022-01-08 00:30:00,61.0,463.571024,28277.832464000003
2022-01-08 01:00:00,61.0,485.797032,29633.618952
2022-01-08 01:30:00,61.0,515.734104,31459.780344
2022-01-08 02:00:00,68.0,278.051896,18907.528928
2022-01-08 02:30:00,72.0,381.924464,27498.561408
2022-01-08 03:00:00,71.0,423.654928,30079.499888
2022-01-08 03:30:00,72.0,458.12792,32985.21024
2022-01-08 04:00:00,73.0,449.963264,32847.318272
2022-01-08 04:30:00,73.0,471.282088,34403.592424
2022-01-08 05:00:00,75.0,475.818008,35686.3506
2022-01-08 05:30:00,81.0,434.541136,35197.832016
2022-01-08 06:00:00,83.0,400.521736,33243.304088
2022-01-08 06:30:00,84.0,457.674328,38444.643552
2022-01-08 07:00:00,90.0,399.614552,35965.30968
2022-01-08 07:30:00,89.0,471.73568,41984.47552
2022-01-08 08:00:00,94.0,493.054504,46347.123376
2022-01-08 08:30:00,94.0,526.1667199999999,49459.67167999999
2022-01-08 09:00:00,94.0,526.1667199999999,49459.67167999999
2022-01-08 09:30:00,94.0,526.620312,49502.309328
2022-01-08 10:00:00,95.0,526.1667199999999,49985.83839999999
2022-01-08 10:30:00,96.0,527.073904,50599.094784
2022-01-08 11:00:00,95.0,527.073904,50072.02088
2022-01-08 11:30:00,96.0,527.073904,50599.094784
2022-01-08 12:00:00,98.0,527.073904,51653.242591999995
2022-01-08 12:30:00,97.0,528.888272,51302.162384
2022-01-08 13:00:00,95.0,529.341864,50287.47708
2022-01-08 13:30:00,95.0,530.249048,50373.65956
2022-01-08 14:00:00,94.0,520.270024,48905.382256000004
2022-01-08 14:30:00,91.0,523.89876,47674.78716000001
2022-01-08 15:00:00,88.0,523.89876,46103.09088
2022-01-08 15:30:00,87.0,517.09488,44987.25456
2022-01-08 16:00:00,85.0,515.734104,43837.39884
2022-01-08 16:30:00,85.0,516.641288,43914.50948
2022-01-08 17:00:00,81.0,515.280512,41737.721472000005
2022-01-08 17:30:00,79.0,516.187696,40778.827983999996
2022-01-08 18:00:00,79.0,515.280512,40707.160448
2022-01-08 18:30:00,79.0,521.6308,41208.8332
2022-01-08 19:00:00,75.0,519.816432,38986.2324
2022-01-08 19:30:00,73.0,512.105368,37383.691864
2022-01-08 20:00:00,71.0,522.537984,37100.196864000005
2022-01-08 20:30:00,70.0,528.888272,37022.17904
2022-01-08 21:00:00,67.0,522.084392,34979.654264
2022-01-08 21:30:00,64.0,516.641288,33065.042432
2022-01-08 22:00:00,62.0,516.641288,32031.759856
2022-01-08 22:30:00,61.0,521.177208,31791.809687999998
2022-01-08 23:00:00,59.0,501.21916,29571.93044
2022-01-08 23:30:00,58.0,519.36284,30123.04472
2022-01-09 00:00:00,56.0,505.75508,28322.284480000002
2022-01-09 00:30:00,55.0,520.270024,28614.85132
2022-01-09 01:00:00,56.0,529.341864,29643.144384
2022-01-09 01:30:00,57.0,527.981088,30094.922016
2022-01-09 02:00:00,58.0,527.981088,30622.903104
2022-01-09 02:30:00,61.0,530.70264,32372.86104
2022-01-09 03:00:00,66.0,530.70264,35026.37424
2022-01-09 03:30:00,69.0,503.48712,34740.61128
2022-01-09 04:00:00,66.0,513.466144,33888.765503999995
2022-01-09 04:30:00,71.0,508.476632,36101.840872
2022-01-09 05:00:00,76.0,502.126344,38161.602144000004
2022-01-09 05:30:00,78.0,495.776056,38670.532368
2022-01-09 06:00:00,80.0,494.868872,39589.50976
2022-01-09 06:30:00,82.0,496.68324,40728.02568
2022-01-09 07:00:00,82.0,516.641288,42364.585616000004
2022-01-09 07:30:00,83.0,499.404792,41450.597735999996
2022-01-09 08:00:00,84.0,499.858384,41988.104256
2022-01-09 08:30:00,89.0,495.322464,44083.699296
2022-01-09 09:00:00,93.0,513.012552,47710.167336000006
2022-01-09 09:30:00,94.0,519.816432,48862.74460799999
2022-01-09 10:00:00,93.0,521.6308,48511.6644
2022-01-09 10:30:00,94.0,521.6308,49033.2952
2022-01-09 11:00:00,95.0,523.445168,49727.29096
2022-01-09 11:30:00,92.0,522.084392,48031.764063999995
2022-01-09 12:00:00,92.0,524.805944,48282.146848
2022-01-09 12:30:00,91.0,520.723616,47385.849056
2022-01-09 13:00:00,89.0,519.36284,46223.292760000004
2022-01-09 13:30:00,88.0,522.991576,46023.258688
2022-01-09 14:00:00,86.0,525.713128,45211.329008
2022-01-09 14:30:00,84.0,520.270024,43702.682016000006
2022-01-09 15:00:00,83.0,520.723616,43220.060128
2022-01-09 15:30:00,80.0,522.537984,41803.038720000004
2022-01-09 16:00:00,80.0,511.651776,40932.14208
2022-01-09 16:30:00,79.0,515.734104,40742.994216
2022-01-09 17:00:00,78.0,517.09488,40333.40064
2022-01-09 17:30:00,78.0,518.002064,40404.160992000005
2022-01-09 18:00:00,74.0,517.09488,38265.02112
2022-01-09 18:30:00,70.0,514.82692,36037.884399999995
2022-01-09 19:00:00,69.0,507.115856,34990.994064
2022-01-09 19:30:00,67.0,510.744592,34219.887664
2022-01-09 20:00:00,63.0,512.105368,32262.638184
2022-01-09 20:30:00,63.0,517.548472,32605.553735999998
2022-01-09 21:00:00,63.0,513.466144,32348.367072
2022-01-09 21:30:00,61.0,520.270024,31736.471464000002
2022-01-09 22:00:00,57.0,532.517008,30353.469456000003
2022-01-09 22:30:00,55.0,537.960112,29587.80616
2022-01-09 23:00:00,54.0,531.156232,28682.436528000002
2022-01-09 23:30:00,51.0,526.1667199999999,26834.502719999997
2022-01-10 00:00:00,53.0,525.259536,27838.755408
2022-01-10 00:30:00,52.0,527.981088,27455.016576
2022-01-10 01:00:00,54.0,523.445168,28266.039072
2022-01-10 01:30:00,55.0,527.073904,28989.06472
2022-01-10 02:00:00,55.0,527.073904,28989.06472
2022-01-10 02:30:00,55.0,529.341864,29113.802519999997
2022-01-10 03:00:00,57.0,529.341864,30172.486248
2022-01-10 03:30:00,58.0,529.341864,30701.828112
2022-01-10 04:00:00,58.0,534.331376,30991.219807999998
2022-01-10 04:30:00,60.0,529.795456,31787.727359999997
2022-01-10 05:00:00,64.0,508.02304,32513.47456
2022-01-10 05:30:00,67.0,527.073904,35313.951568
2022-01-10 06:00:00,70.0,524.805944,36736.416079999995
2022-01-10 06:30:00,71.0,526.1667199999999,37357.83712
2022-01-10 07:00:00,75.0,523.89876,39292.40700000001
2022-01-10 07:30:00,78.0,525.259536,40970.243808
2022-01-10 08:00:00,81.0,517.548472,41921.426232
2022-01-10 08:30:00,81.0,517.548472,41921.426232
2022-01-10 09:00:00,83.0,520.723616,43220.060128
2022-01-10 09:30:00,86.0,516.641288,44431.150768
2022-01-10 10:00:00,87.0,516.641288,44947.792056000006
2022-01-10 10:30:00,90.0,516.187696,46456.89264
2022-01-10 11:00:00,89.0,527.073904,46909.577456
2022-01-10 11:30:00,91.0,522.084392,47509.679672
2022-01-10 12:00:00,91.0,515.280512,46890.526592
2022-01-10 12:30:00,88.0,514.82692,45304.76896
2022-01-10 13:00:00,87.0,519.36284,45184.56708
2022-01-10 13:30:00,87.0,508.02304,44198.004479999996
2022-01-10 14:00:00,86.0,505.301488,43455.927968
2022-01-10 14:30:00,86.0,516.641288,44431.150768
2022-01-10 15:00:00,85.0,514.373328,43721.73288
2022-01-10 15:30:00,84.0,512.105368,43016.850912
2022-01-10 16:00:00,81.0,515.734104,41774.462424
2022-01-10 16:30:00,78.0,518.002064,40404.160992000005
2022-01-10 17:00:00,78.0,516.187696,40262.640287999995
2022-01-10 17:30:00,78.0,516.187696,40262.640287999995
2022-01-10 18:00:00,73.0,515.734104,37648.589592
2022-01-10 18:30:00,72.0,515.280512,37100.196864000005
2022-01-10 19:00:00,69.0,518.002064,35742.142416
2022-01-10 19:30:00,68.0,527.981088,35902.713984
2022-01-10 20:00:00,67.0,527.981088,35374.732896
2022-01-10 20:30:00,65.0,528.43468,34348.254199999996
2022-01-10 21:00:00,60.0,545.671176,32740.270559999997
2022-01-10 21:30:00,60.0,543.403216,32604.192960000004
2022-01-10 22:00:00,59.0,538.867296,31793.170464
2022-01-10 22:30:00,58.0,537.960112,31201.686496
2022-01-10 23:00:00,56.0,537.960112,30125.766272
2022-01-10 23:30:00,55.0,535.23856,29438.1208
2022-01-11 00:00:00,55.0,527.981088,29038.95984
2022-01-11 00:30:00,53.0,529.795456,28079.159168
2022-01-11 01:00:00,61.0,525.713128,32068.500808
2022-01-11 01:30:00,61.0,525.713128,32068.500808
2022-01-11 02:00:00,63.0,525.713128,33119.927063999996
2022-01-11 02:30:00,67.0,527.073904,35313.951568
2022-01-11 03:00:00,67.0,527.073904,35313.951568
2022-01-11 03:30:00,67.0,527.073904,35313.951568
2022-01-11 04:00:00,69.0,527.073904,36368.099376
2022-01-11 04:30:00,71.0,527.073904,37422.247184
2022-01-11 05:00:00,71.0,532.063416,37776.502536
2022-01-11 05:30:00,72.0,527.981088,38014.638336
2022-01-11 06:00:00,71.0,527.981088,37486.657248
2022-01-11 06:30:00,74.0,527.981088,39070.600512
2022-01-11 07:00:00,75.0,537.960112,40347.0084
2022-01-11 07:30:00,80.0,537.960112,43036.808959999995
2022-01-11 08:00:00,82.0,543.856808,44596.258256
2022-01-11 08:30:00,83.0,532.9706,44236.5598
2022-01-11 09:00:00,85.0,543.856808,46227.82868
2022-01-11 09:30:00,85.0,547.031952,46497.71592
2022-01-11 10:00:00,84.0,535.23856,44960.03904
2022-01-11 10:30:00,88.0,539.77448,47500.15424
2022-01-11 11:00:00,93.0,537.052928,49945.92230399999
2022-01-11 11:30:00,97.0,539.77448,52358.124560000004
2022-01-11 12:00:00,95.0,535.23856,50847.6632
2022-01-11 12:30:00,93.0,535.23856,49777.18608
2022-01-11 13:00:00,93.0,500.311976,46529.013768000004
2022-01-11 13:30:00,90.0,499.858384,44987.25456
2022-01-11 14:00:00,88.0,523.445168,46063.174783999995
2022-01-11 14:30:00,87.0,532.9706,46368.4422
2022-01-11 15:00:00,86.0,532.517008,45796.462688
2022-01-11 15:30:00,85.0,519.36284,44145.8414
2022-01-11 16:00:00,82.0,516.187696,42327.391072
2022-01-11 16:30:00,81.0,519.816432,42105.130992
2022-01-11 17:00:00,81.0,519.816432,42105.130992
2022-01-11 17:30:00,80.0,510.744592,40859.56736
2022-01-11 18:00:00,76.0,522.084392,39678.413792
2022-01-11 18:30:00,74.0,528.888272,39137.732128
2022-01-11 19:00:00,73.0,531.609824,38807.517152
2022-01-11 19:30:00,72.0,531.609824,38275.907328
2022-01-11 20:00:00,68.0,531.609824,36149.468032
2022-01-11 20:30:00,64.0,531.156232,33993.998848
2022-01-11 21:00:00,62.0,532.063416,32987.931791999996
2022-01-11 21:30:00,59.0,541.135256,31926.980104000002
2022-01-11 22:00:00,58.0,542.949624,31491.078191999997
2022-01-11 22:30:00,55.0,537.960112,29587.80616
2022-01-11 23:00:00,54.0,535.23856,28902.88224
2022-01-11 23:30:00,54.0,535.23856,28902.88224
2022-01-12 00:00:00,54.0,524.805944,28339.520975999996
2022-01-12 00:30:00,51.0,524.805944,26765.103143999997
2022-01-12 01:00:00,53.0,523.89876,27766.634280000002
2022-01-12 01:30:00,56.0,522.991576,29287.528256
2022-01-12 02:00:00,58.0,525.713128,30491.361424
2022-01-12 02:30:00,58.0,523.89876,30386.128080000002
2022-01-12 03:00:00,61.0,522.991576,31902.486136
2022-01-12 03:30:00,66.0,522.991576,34517.444016
2022-01-12 04:00:00,69.0,522.991576,36086.418744
2022-01-12 04:30:00,73.0,522.991576,38178.385048000004
2022-01-12 05:00:00,73.0,525.259536,38343.946128
2022-01-12 05:30:00,73.0,525.713128,38377.058344
2022-01-12 06:00:00,79.0,527.981088,41710.505952
2022-01-12 06:30:00,82.0,530.70264,43517.61648
2022-01-12 07:00:00,85.0,537.960112,45726.60952
2022-01-12 07:30:00,84.0,542.496032,45569.666688
2022-01-12 08:00:00,85.0,552.021464,46921.824440000004
2022-01-12 08:30:00,87.0,543.856808,47315.542296
2022-01-12 09:00:00,89.0,550.207096,48968.431544
2022-01-12 09:30:00,88.0,545.671176,48019.06348799999
2022-01-12 10:00:00,93.0,503.033528,46782.118104
2022-01-12 10:30:00,90.0,545.671176,49110.40583999999
2022-01-12 11:00:00,89.0,538.4137039999999,47918.81965599999
2022-01-12 11:30:00,92.0,534.331376,49158.486592
2022-01-12 12:00:00,92.0,534.331376,49158.486592
2022-01-12 12:30:00,91.0,533.424192,48541.601471999995
2022-01-12 13:00:00,89.0,547.031952,48685.84372800001
2022-01-12 13:30:00,87.0,550.207096,47868.017351999995
2022-01-12 14:00:00,86.0,541.588848,46576.640928
2022-01-12 14:30:00,84.0,527.073904,44274.207936
2022-01-12 15:00:00,82.0,503.48712,41285.94384
2022-01-12 15:30:00,82.0,518.455656,42513.363792
2022-01-12 16:00:00,79.0,519.36284,41029.66436
2022-01-12 16:30:00,79.0,499.404792,39452.978568
2022-01-12 17:00:00,77.0,522.991576,40270.351352
2022-01-12 17:30:00,77.0,520.723616,40095.718432
2022-01-12 18:00:00,74.0,522.991576,38701.376624000004
2022-01-12 18:30:00,69.0,528.888272,36493.290768
2022-01-12 19:00:00,68.0,532.517008,36211.156544000005
2022-01-12 19:30:00,68.0,532.517008,36211.156544000005
2022-01-12 20:00:00,67.0,532.517008,35678.639536
2022-01-12 20:30:00,67.0,503.940712,33764.027704
2022-01-12 21:00:00,62.0,527.527496,32706.704752
2022-01-12 21:30:00,59.0,543.856808,32087.551672
2022-01-12 22:00:00,58.0,523.89876,30386.128080000002
2022-01-12 22:30:00,58.0,522.537984,30307.203072000004
2022-01-12 23:00:00,55.0,494.868872,27217.78796
2022-01-12 23:30:00,51.0,542.496032,27667.297632
2022-01-13 00:00:00,53.0,530.70264,28127.23992
2022-01-13 00:30:00,54.0,530.70264,28657.94256
2022-01-13 01:00:00,55.0,529.795456,29138.750079999998
2022-01-13 01:30:00,57.0,526.620312,30017.357784
2022-01-13 02:00:00,59.0,527.981088,31150.884192
2022-01-13 02:30:00,61.0,527.981088,32206.846368
2022-01-13 03:00:00,61.0,527.981088,32206.846368
2022-01-13 03:30:00,66.0,527.981088,34846.751808
2022-01-13 04:00:00,68.0,524.352352,35655.959936
2022-01-13 04:30:00,66.0,525.713128,34697.066448
2022-01-13 05:00:00,68.0,527.981088,35902.713984
2022-01-13 05:30:00,72.0,525.713128,37851.345216
2022-01-13 06:00:00,77.0,527.981088,40654.543776
2022-01-13 06:30:00,80.0,523.89876,41911.9008
2022-01-13 07:00:00,81.0,534.784968,43317.582408
2022-01-13 07:30:00,78.0,542.496032,42314.690496
2022-01-13 08:00:00,83.0,550.207096,45667.188967999995
2022-01-13 08:30:00,91.0,541.588848,49284.585168
2022-01-13 09:00:00,94.0,543.856808,51122.539952
2022-01-13 09:30:00,97.0,539.77448,52358.124560000004
2022-01-13 10:00:00,97.0,539.77448,52358.124560000004
2022-01-13 10:30:00,109.0,535.23856,58341.00304
2022-01-13 11:00:00,112.0,545.671176,61115.171711999996
2022-01-13 11:30:00,111.0,545.671176,60569.50053599999
2022-01-13 12:00:00,113.0,545.671176,61660.84288799999
2022-01-13 12:30:00,109.0,537.50652,58588.210680000004
2022-01-13 13:00:00,107.0,527.981088,56493.976416
2022-01-13 13:30:00,106.0,527.527496,55917.914576
2022-01-13 14:00:00,104.0,533.877784,55523.289536000004
2022-01-13 14:30:00,102.0,519.36284,52975.00968
2022-01-13 15:00:00,102.0,518.455656,52882.476912
2022-01-13 15:30:00,101.0,518.002064,52318.208464
2022-01-13 16:00:00,99.0,517.548472,51237.298727999994
2022-01-13 16:30:00,99.0,521.6308,51641.4492
2022-01-13 17:00:00,97.0,522.537984,50686.18444800001
2022-01-13 17:30:00,95.0,515.280512,48951.64864000001
2022-01-13 18:00:00,88.0,528.43468,46502.25184
2022-01-13 18:30:00,87.0,530.249048,46131.667176
2022-01-13 19:00:00,86.0,527.527496,45367.364656000005
2022-01-13 19:30:00,86.0,539.320888,46381.596368
2022-01-13 20:00:00,85.0,531.609824,45186.83504
2022-01-13 20:30:00,85.0,531.609824,45186.83504
2022-01-13 21:00:00,84.0,528.43468,44388.513119999996
2022-01-13 21:30:00,79.0,556.557384,43968.03333599999
2022-01-13 22:00:00,74.0,548.84632,40614.62768
2022-01-13 22:30:00,73.0,552.475056,40330.679088
2022-01-13 23:00:00,66.0,550.207096,36313.668335999995
2022-01-13 23:30:00,65.0,542.496032,35262.24208
2022-01-14 00:00:00,65.0,530.70264,34495.6716
2022-01-14 00:30:00,64.0,530.70264,33964.96896
2022-01-14 01:00:00,71.0,530.70264,37679.88744
2022-01-14 01:30:00,75.0,529.795456,39734.659199999995
2022-01-14 02:00:00,79.0,527.981088,41710.505952
2022-01-14 02:30:00,80.0,527.981088,42238.48704
2022-01-14 03:00:00,82.0,527.981088,43294.449216
2022-01-14 03:30:00,82.0,528.888272,43368.838304000004
2022-01-14 04:00:00,84.0,528.888272,44426.614848000005
2022-01-14 04:30:00,83.0,528.888272,43897.726576
2022-01-14 05:00:00,83.0,527.981088,43822.430304
2022-01-14 05:30:00,83.0,527.981088,43822.430304
2022-01-14 06:00:00,86.0,527.073904,45328.355744
2022-01-14 06:30:00,88.0,527.073904,46382.503551999995
2022-01-14 07:00:00,90.0,530.70264,47763.2376
2022-01-14 07:30:00,90.0,547.939136,49314.52224
2022-01-14 08:00:00,90.0,541.588848,48742.99632
2022-01-14 08:30:00,92.0,550.207096,50619.052832
2022-01-14 09:00:00,95.0,550.207096,52269.674119999996
2022-01-14 09:30:00,99.0,545.671176,54021.446423999994
2022-01-14 10:00:00,100.0,545.671176,54567.1176
2022-01-14 10:30:00,102.0,533.877784,54455.533968
2022-01-14 11:00:00,105.0,533.877784,56057.16732
2022-01-14 11:30:00,109.0,533.877784,58192.678456
2022-01-14 12:00:00,113.0,533.877784,60328.189592
2022-01-14 12:30:00,107.0,537.50652,57513.197640000006
2022-01-14 13:00:00,106.0,537.50652,56975.69112
2022-01-14 13:30:00,105.0,521.6308,54771.234000000004
2022-01-14 14:00:00,103.0,537.50652,55363.17156
2022-01-14 14:30:00,101.0,537.960112,54333.971312
2022-01-14 15:00:00,99.0,537.960112,53258.051088
2022-01-14 15:30:00,97.0,525.259536,50950.174992
2022-01-14 16:00:00,94.0,519.36284,48820.10696
2022-01-14 16:30:00,93.0,520.723616,48427.296288
2022-01-14 17:00:00,92.0,522.084392,48031.764063999995
2022-01-14 17:30:00,91.0,521.6308,47468.4028
2022-01-14 18:00:00,90.0,521.6308,46946.772000000004
2022-01-14 18:30:00,86.0,531.156232,45679.43595200001
2022-01-14 19:00:00,85.0,539.77448,45880.8308
2022-01-14 19:30:00,84.0,532.517008,44731.428672
2022-01-14 20:00:00,81.0,532.517008,43133.877648
2022-01-14 20:30:00,80.0,532.517008,42601.36064
2022-01-14 21:00:00,75.0,535.692152,40176.9114
2022-01-14 21:30:00,70.0,548.84632,38419.2424
2022-01-14 22:00:00,67.0,548.84632,36772.70344
2022-01-14 22:30:00,66.0,552.475056,36463.353696
2022-01-14 23:00:00,64.0,550.207096,35213.254144
2022-01-14 23:30:00,61.0,542.496032,33092.257952
2022-01-15 00:00:00,65.0,502.579936,32667.695839999997
2022-01-15 00:30:00,59.0,518.909248,30615.645632000003
2022-01-15 01:00:00,65.0,503.033528,32697.17932
2022-01-15 01:30:00,67.0,502.126344,33642.465048
2022-01-15 02:00:00,64.0,501.672752,32107.056128
2022-01-15 02:30:00,65.0,499.404792,32461.31148
2022-01-15 03:00:00,65.0,508.476632,33050.98108
2022-01-15 03:30:00,65.0,523.89876,34053.4194
2022-01-15 04:00:00,64.0,508.476632,32542.504448
2022-01-15 04:30:00,67.0,504.394304,33794.418368
2022-01-15 05:00:00,71.0,508.930224,36134.045904
2022-01-15 05:30:00,70.0,508.476632,35593.36424
2022-01-15 06:00:00,74.0,510.291,37761.534
2022-01-15 06:30:00,76.0,518.002064,39368.156864000004
2022-01-15 07:00:00,81.0,515.734104,41774.462424
2022-01-15 07:30:00,83.0,498.044016,41337.653328
2022-01-15 08:00:00,84.0,502.126344,42178.612896
2022-01-15 08:30:00,90.0,505.301488,45477.13392
2022-01-15 09:00:00,89.0,513.466144,45698.486816
2022-01-15 09:30:00,88.0,544.3104,47899.3152
2022-01-15 10:00:00,90.0,527.073904,47436.651359999996
2022-01-15 10:30:00,88.0,527.073904,46382.503551999995
2022-01-15 11:00:00,89.0,527.073904,46909.577456
2022-01-15 11:30:00,87.0,528.888272,46013.279664
2022-01-15 12:00:00,88.0,527.527496,46422.419648
2022-01-15 12:30:00,88.0,525.713128,46262.755264
2022-01-15 13:00:00,86.0,526.1667199999999,45250.33792
2022-01-15 13:30:00,85.0,529.795456,45032.61375999999
2022-01-15 14:00:00,84.0,519.36284,43626.47856
2022-01-15 14:30:00,84.0,528.43468,44388.513119999996
2022-01-15 15:00:00,82.0,521.6308,42773.725600000005
2022-01-15 15:30:00,81.0,513.919736,41627.498616
2022-01-15 16:00:00,81.0,517.548472,41921.426232
2022-01-15 16:30:00,81.0,515.734104,41774.462424
2022-01-15 17:00:00,80.0,515.734104,41258.72832
2022-01-15 17:30:00,79.0,517.09488,40850.49552
2022-01-15 18:00:00,75.0,513.012552,38475.9414
2022-01-15 18:30:00,74.0,522.991576,38701.376624000004
2022-01-15 19:00:00,72.0,518.002064,37296.148608
2022-01-15 19:30:00,72.0,517.548472,37263.489984
2022-01-15 20:00:00,70.0,519.816432,36387.150239999995
2022-01-15 20:30:00,68.0,519.816432,35347.517375999996
2022-01-15 21:00:00,67.0,525.713128,35222.779576
2022-01-15 21:30:00,65.0,523.89876,34053.4194
2022-01-15 22:00:00,63.0,526.620312,33177.079656
2022-01-15 22:30:00,58.0,537.052928,31149.069824
2022-01-15 23:00:00,57.0,543.856808,30999.838056
2022-01-15 23:30:00,57.0,508.02304,28957.31328
2022-01-16 00:00:00,61.0,502.579936,30657.376096
2022-01-16 00:30:00,58.0,518.909248,30096.736384000003
2022-01-16 01:00:00,58.0,502.579936,29149.636287999998
2022-01-16 01:30:00,59.0,518.909248,30615.645632000003
2022-01-16 02:00:00,61.0,525.713128,32068.500808
2022-01-16 02:30:00,61.0,530.249048,32345.191928
2022-01-16 03:00:00,57.0,527.073904,30043.212528
2022-01-16 03:30:00,61.0,508.930224,31044.743664
2022-01-16 04:00:00,66.0,505.301488,33349.898208
2022-01-16 04:30:00,65.0,504.394304,32785.629759999996
2022-01-16 05:00:00,69.0,506.662264,34959.696216
2022-01-16 05:30:00,74.0,503.48712,37258.04688
2022-01-16 06:00:00,75.0,503.48712,37761.534
2022-01-16 06:30:00,77.0,527.073904,40584.690608
2022-01-16 07:00:00,81.0,519.36284,42068.39004
2022-01-16 07:30:00,85.0,502.579936,42719.294559999995
2022-01-16 08:00:00,90.0,502.579936,45232.19424
2022-01-16 08:30:00,89.0,502.579936,44729.614303999995
2022-01-16 09:00:00,93.0,510.744592,47499.247056
2022-01-16 09:30:00,96.0,505.75508,48552.487680000006
2022-01-16 10:00:00,97.0,509.837408,49454.228576
2022-01-16 10:30:00,94.0,527.073904,49544.946976
2022-01-16 11:00:00,93.0,527.073904,49017.873071999995
2022-01-16 11:30:00,94.0,526.1667199999999,49459.67167999999
2022-01-16 12:00:00,91.0,525.713128,47839.894648
2022-01-16 12:30:00,89.0,524.805944,46707.729016
2022-01-16 13:00:00,87.0,537.50652,46763.067240000004
2022-01-16 13:30:00,84.0,522.991576,43931.292384
2022-01-16 14:00:00,83.0,524.352352,43521.245216
2022-01-16 14:30:00,82.0,527.527496,43257.254672
2022-01-16 15:00:00,80.0,527.073904,42165.912319999996
2022-01-16 15:30:00,79.0,523.445168,41352.168271999995
2022-01-16 16:00:00,77.0,523.445168,40305.277936
2022-01-16 16:30:00,76.0,516.187696,39230.26489599999
2022-01-16 17:00:00,76.0,516.187696,39230.26489599999
2022-01-16 17:30:00,75.0,517.09488,38782.116
2022-01-16 18:00:00,73.0,522.084392,38112.160616
2022-01-16 18:30:00,70.0,522.991576,36609.41032
2022-01-16 19:00:00,69.0,517.548472,35710.84456799999
2022-01-16 19:30:00,67.0,523.445168,35070.826256
2022-01-16 20:00:00,65.0,522.991576,33994.45244
2022-01-16 20:30:00,63.0,525.713128,33119.927063999996
2022-01-16 21:00:00,61.0,536.145744,32704.890384000002
2022-01-16 21:30:00,60.0,523.89876,31433.925600000002
2022-01-16 22:00:00,57.0,537.052928,30612.016895999997
2022-01-16 22:30:00,53.0,537.052928,28463.805183999997
2022-01-16 23:00:00,52.0,542.496032,28209.793664
2022-01-16 23:30:00,51.0,508.02304,25909.17504
2022-01-17 00:00:00,52.0,522.991576,27195.561952
2022-01-17 00:30:00,51.0,530.70264,27065.834639999997
2022-01-17 01:00:00,50.0,529.795456,26489.7728
2022-01-17 01:30:00,53.0,527.981088,27982.997664
2022-01-17 02:00:00,53.0,527.981088,27982.997664
2022-01-17 02:30:00,55.0,528.888272,29088.85496
2022-01-17 03:00:00,58.0,532.063416,30859.678128
2022-01-17 03:30:00,63.0,532.063416,33519.995208
2022-01-17 04:00:00,61.0,532.063416,32455.868376
2022-01-17 04:30:00,62.0,532.063416,32987.931791999996
2022-01-17 05:00:00,64.0,532.063416,34052.058624
2022-01-17 05:30:00,69.0,527.981088,36430.695072
2022-01-17 06:00:00,72.0,527.073904,37949.321088
2022-01-17 06:30:00,77.0,527.981088,40654.543776
2022-01-17 07:00:00,80.0,530.70264,42456.2112
2022-01-17 07:30:00,82.0,536.145744,43963.951008000004
2022-01-17 08:00:00,86.0,532.9706,45835.4716
2022-01-17 08:30:00,85.0,532.9706,45302.501
2022-01-17 09:00:00,88.0,532.9706,46901.4128
2022-01-17 09:30:00,96.0,503.033528,48291.218688
2022-01-17 10:00:00,100.0,503.033528,50303.3528
2022-01-17 10:30:00,103.0,503.48712,51859.17336
2022-01-17 11:00:00,104.0,503.48712,52362.66048
2022-01-17 11:30:00,105.0,503.48712,52866.147600000004
2022-01-17 12:00:00,102.0,545.671176,55658.459952
2022-01-17 12:30:00,102.0,500.311976,51031.821552
2022-01-17 13:00:00,98.0,512.55896,50230.77808
2022-01-17 13:30:00,97.0,495.322464,48046.279008000005
2022-01-17 14:00:00,94.0,532.517008,50056.598752000005
2022-01-17 14:30:00,94.0,496.68324,46688.22456
2022-01-17 15:00:00,90.0,497.136832,44742.314880000005
2022-01-17 15:30:00,89.0,518.909248,46182.923072000005
2022-01-17 16:00:00,87.0,498.044016,43329.829392
2022-01-17 16:30:00,87.0,521.6308,45381.8796
2022-01-17 17:00:00,86.0,500.765568,43065.838848
2022-01-17 17:30:00,86.0,500.765568,43065.838848
2022-01-17 18:00:00,81.0,498.497608,40378.306248
2022-01-17 18:30:00,79.0,503.940712,39811.316248
2022-01-17 19:00:00,78.0,504.394304,39342.755712
2022-01-17 19:30:00,75.0,526.620312,39496.5234
2022-01-17 20:00:00,71.0,526.620312,37390.042152
2022-01-17 20:30:00,71.0,517.09488,36713.73648
2022-01-17 21:00:00,70.0,513.012552,35910.87864
2022-01-17 21:30:00,69.0,511.651776,35303.972544
2022-01-17 22:00:00,63.0,544.763992,34320.131496
2022-01-17 22:30:00,63.0,536.145744,33777.181872
2022-01-17 23:00:00,59.0,534.331376,31525.551184
2022-01-17 23:30:00,58.0,531.609824,30833.369792
2022-01-18 00:00:00,61.0,504.394304,30768.052544
2022-01-18 00:30:00,61.0,504.394304,30768.052544
2022-01-18 01:00:00,62.0,505.301488,31328.692256000002
2022-01-18 01:30:00,62.0,523.445168,32453.600415999997
2022-01-18 02:00:00,66.0,504.847896,33319.961136
2022-01-18 02:30:00,72.0,505.75508,36414.36576
2022-01-18 03:00:00,73.0,523.445168,38211.497264
2022-01-18 03:30:00,79.0,505.75508,39954.651320000004
2022-01-18 04:00:00,81.0,501.672752,40635.492912
2022-01-18 04:30:00,80.0,502.126344,40170.107520000005
2022-01-18 05:00:00,80.0,524.805944,41984.47551999999
2022-01-18 05:30:00,84.0,507.115856,42597.731904
2022-01-18 06:00:00,84.0,515.734104,43321.664736
2022-01-18 06:30:00,85.0,528.43468,44916.947799999994
2022-01-18 07:00:00,88.0,528.43468,46502.25184
2022-01-18 07:30:00,94.0,526.1667199999999,49459.67167999999
2022-01-18 08:00:00,99.0,528.43468,52315.033319999995
2022-01-18 08:30:00,101.0,525.259536,53051.213136000006
2022-01-18 09:00:00,103.0,519.816432,53541.092496
2022-01-18 09:30:00,104.0,507.569448,52787.222592000006
2022-01-18 10:00:00,107.0,507.115856,54261.396592
2022-01-18 10:30:00,106.0,518.455656,54956.299536
2022-01-18 11:00:00,106.0,518.455656,54956.299536
2022-01-18 11:30:00,109.0,507.115856,55275.628304
2022-01-18 12:00:00,108.0,516.641288,55797.259104000004
2022-01-18 12:30:00,106.0,507.569448,53802.361488
2022-01-18 13:00:00,104.0,516.641288,53730.693952
2022-01-18 13:30:00,101.0,508.476632,51356.139832
2022-01-18 14:00:00,99.0,508.02304,50294.28096
2022-01-18 14:30:00,97.0,512.105368,49674.220696
2022-01-18 15:00:00,97.0,513.012552,49762.217544
2022-01-18 15:30:00,93.0,513.012552,47710.167336000006
2022-01-18 16:00:00,92.0,513.466144,47238.885248
2022-01-18 16:30:00,92.0,513.466144,47238.885248
2022-01-18 17:00:00,90.0,516.187696,46456.89264
2022-01-18 17:30:00,88.0,516.187696,45424.517248
2022-01-18 18:00:00,87.0,516.187696,44908.329551999996
2022-01-18 18:30:00,86.0,517.548472,44509.168591999995
2022-01-18 19:00:00,85.0,515.280512,43798.84352
2022-01-18 19:30:00,83.0,515.280512,42768.28249600001
2022-01-18 20:00:00,80.0,515.280512,41222.44096000001
2022-01-18 20:30:00,80.0,515.280512,41222.44096000001
2022-01-18 21:00:00,78.0,511.198184,39873.458352
2022-01-18 21:30:00,70.0,530.70264,37149.184799999995
2022-01-18 22:00:00,66.0,538.4137039999999,35535.30446399999
2022-01-18 22:30:00,65.0,539.320888,35055.85772
2022-01-18 23:00:00,61.0,535.23856,32649.55216
2022-01-18 23:30:00,61.0,511.198184,31183.089224000003
2022-01-19 00:00:00,63.0,507.115856,31948.298928
2022-01-19 00:30:00,64.0,507.115856,32455.414784
2022-01-19 01:00:00,65.0,504.394304,32785.629759999996
2022-01-19 01:30:00,64.0,503.940712,32252.205568
2022-01-19 02:00:00,63.0,523.445168,32977.045584
2022-01-19 02:30:00,64.0,523.89876,33529.52064
2022-01-19 03:00:00,64.0,525.259536,33616.610304
2022-01-19 03:30:00,70.0,499.404792,34958.33544
2022-01-19 04:00:00,72.0,496.229648,35728.534656
2022-01-19 04:30:00,71.0,500.311976,35522.150296
2022-01-19 05:00:00,73.0,500.311976,36522.774248
2022-01-19 05:30:00,74.0,500.311976,37023.086224
2022-01-19 06:00:00,76.0,497.590424,37816.872224
2022-01-19 06:30:00,73.0,528.43468,38575.73164
2022-01-19 07:00:00,75.0,528.43468,39632.600999999995
2022-01-19 07:30:00,77.0,539.320888,41527.708375999995
2022-01-19 08:00:00,82.0,522.084392,42810.920143999996
2022-01-19 08:30:00,86.0,515.280512,44314.12403200001
2022-01-19 09:00:00,87.0,524.352352,45618.654624
2022-01-19 09:30:00,89.0,516.187696,45940.704944
2022-01-19 10:00:00,89.0,525.713128,46788.468391999995
2022-01-19 10:30:00,97.0,517.548472,50202.201784
2022-01-19 11:00:00,96.0,525.713128,50468.460288
2022-01-19 11:30:00,99.0,525.713128,52045.599672
2022-01-19 12:00:00,96.0,525.713128,50468.460288
2022-01-19 12:30:00,94.0,516.641288,48564.281072000005
2022-01-19 13:00:00,91.0,517.548472,47096.910952
2022-01-19 13:30:00,89.0,516.187696,45940.704944
2022-01-19 14:00:00,87.0,518.002064,45066.179568
2022-01-19 14:30:00,86.0,513.466144,44158.088384
2022-01-19 15:00:00,84.0,513.466144,43131.156096
2022-01-19 15:30:00,82.0,513.919736,42141.41835199999
2022-01-19 16:00:00,80.0,513.466144,41077.29152
2022-01-19 16:30:00,80.0,515.280512,41222.44096000001
2022-01-19 17:00:00,78.0,516.187696,40262.640287999995
2022-01-19 17:30:00,78.0,518.455656,40439.541167999996
2022-01-19 18:00:00,78.0,518.455656,40439.541167999996
2022-01-19 18:30:00,73.0,526.620312,38443.282776
2022-01-19 19:00:00,70.0,526.620312,36863.42184
2022-01-19 19:30:00,70.0,526.620312,36863.42184
2022-01-19 20:00:00,68.0,526.620312,35810.181216
2022-01-19 20:30:00,64.0,526.620312,33703.699968
2022-01-19 21:00:00,61.0,526.620312,32123.839032
2022-01-19 21:30:00,58.0,540.681664,31359.536512
2022-01-19 22:00:00,57.0,541.135256,30844.709592000003
2022-01-19 22:30:00,56.0,542.949624,30405.178944
2022-01-19 23:00:00,52.0,535.23856,27832.40512
2022-01-19 23:30:00,50.0,535.23856,26761.928
2022-01-20 00:00:00,51.0,525.713128,26811.369528
2022-01-20 00:30:00,53.0,524.805944,27814.715031999996
2022-01-20 01:00:00,58.0,524.805944,30438.744752
2022-01-20 01:30:00,58.0,523.89876,30386.128080000002
2022-01-20 02:00:00,63.0,522.991576,32948.469288
2022-01-20 02:30:00,66.0,522.991576,34517.444016
2022-01-20 03:00:00,67.0,525.259536,35192.388912
2022-01-20 03:30:00,71.0,523.445168,37164.606928
2022-01-20 04:00:00,73.0,525.713128,38377.058344
2022-01-20 04:30:00,77.0,527.073904,40584.690608
2022-01-20 05:00:00,78.0,527.981088,41182.524864
2022-01-20 05:30:00,80.0,527.981088,42238.48704
2022-01-20 06:00:00,83.0,530.70264,44048.31912
2022-01-20 06:30:00,88.0,527.981088,46462.335743999996
2022-01-20 07:00:00,91.0,530.70264,48293.940239999996
2022-01-20 07:30:00,95.0,542.496032,51537.12304
2022-01-20 08:00:00,95.0,543.856808,51666.39676
2022-01-20 08:30:00,97.0,549.299912,53282.091464
2022-01-20 09:00:00,101.0,550.207096,55570.916696
2022-01-20 09:30:00,100.0,539.77448,53977.448000000004
2022-01-20 10:00:00,102.0,533.877784,54455.533968
2022-01-20 10:30:00,103.0,533.877784,54989.411752
2022-01-20 11:00:00,105.0,537.50652,56438.1846
2022-01-20 11:30:00,106.0,537.50652,56975.69112
2022-01-20 12:00:00,104.0,533.877784,55523.289536000004
2022-01-20 12:30:00,103.0,537.50652,55363.17156
2022-01-20 13:00:00,102.0,544.763992,55565.927184
2022-01-20 13:30:00,99.0,529.795456,52449.750144
2022-01-20 14:00:00,97.0,530.249048,51434.157656
2022-01-20 14:30:00,95.0,519.36284,49339.4698
2022-01-20 15:00:00,95.0,518.002064,49210.19608
2022-01-20 15:30:00,95.0,519.36284,49339.4698
2022-01-20 16:00:00,94.0,517.548472,48649.556368
2022-01-20 16:30:00,92.0,515.280512,47405.80710400001
2022-01-20 17:00:00,90.0,522.537984,47028.418560000006
2022-01-20 17:30:00,90.0,515.734104,46416.06936
2022-01-20 18:00:00,89.0,515.734104,45900.335256
2022-01-20 18:30:00,84.0,522.991576,43931.292384
2022-01-20 19:00:00,81.0,522.991576,42362.317656
2022-01-20 19:30:00,79.0,526.1667199999999,41567.17088
2022-01-20 20:00:00,77.0,528.888272,40724.396944
2022-01-20 20:30:00,75.0,526.620312,39496.5234
2022-01-20 21:00:00,72.0,526.620312,37916.662464
2022-01-20 21:30:00,67.0,532.063416,35648.248872
2022-01-20 22:00:00,64.0,544.3104,34835.8656
2022-01-20 22:30:00,60.0,551.567872,33094.07232
2022-01-20 23:00:00,56.0,552.475056,30938.603135999998
2022-01-20 23:30:00,55.0,542.496032,29837.28176
2022-01-21 00:00:00,56.0,530.70264,29719.34784
2022-01-21 00:30:00,54.0,530.70264,28657.94256
2022-01-21 01:00:00,58.0,530.70264,30780.753119999998
2022-01-21 01:30:00,62.0,530.70264,32903.56368
2022-01-21 02:00:00,64.0,529.795456,33906.909184
2022-01-21 02:30:00,66.0,527.981088,34846.751808
2022-01-21 03:00:00,69.0,527.981088,36430.695072
2022-01-21 03:30:00,66.0,527.981088,34846.751808
2022-01-21 04:00:00,64.0,527.981088,33790.789632
2022-01-21 04:30:00,69.0,527.981088,36430.695072
2022-01-21 05:00:00,75.0,527.981088,39598.5816
2022-01-21 05:30:00,78.0,525.259536,40970.243808
2022-01-21 06:00:00,83.0,527.981088,43822.430304
2022-01-21 06:30:00,85.0,527.981088,44878.39248
2022-01-21 07:00:00,90.0,530.70264,47763.2376
2022-01-21 07:30:00,94.0,535.23856,50312.42464
2022-01-21 08:00:00,97.0,532.9706,51698.148199999996
2022-01-21 08:30:00,99.0,552.021464,54650.124936
2022-01-21 09:00:00,105.0,532.9706,55961.913
2022-01-21 09:30:00,109.0,533.877784,58192.678456
2022-01-21 10:00:00,114.0,533.877784,60862.067376
2022-01-21 10:30:00,114.0,538.4137039999999,61379.162255999996
2022-01-21 11:00:00,118.0,547.031952,64549.77033600001
2022-01-21 11:30:00,119.0,545.671176,64934.86994399999
2022-01-21 12:00:00,119.0,545.671176,64934.86994399999
2022-01-21 12:30:00,118.0,537.50652,63425.769360000006
2022-01-21 13:00:00,118.0,537.50652,63425.769360000006
2022-01-21 13:30:00,116.0,527.527496,61193.189536000005
2022-01-21 14:00:00,110.0,541.588848,59574.77328
2022-01-21 14:30:00,108.0,532.517008,57511.836864000004
2022-01-21 15:00:00,108.0,532.517008,57511.836864000004
2022-01-21 15:30:00,108.0,520.270024,56189.162592
2022-01-21 16:00:00,107.0,517.548472,55377.686504
2022-01-21 16:30:00,105.0,521.6308,54771.234000000004
2022-01-21 17:00:00,104.0,515.734104,53636.346816
2022-01-21 17:30:00,102.0,515.734104,52604.878608
2022-01-21 18:00:00,95.0,515.280512,48951.64864000001
2022-01-21 18:30:00,95.0,522.991576,49684.199720000004
2022-01-21 19:00:00,92.0,522.991576,48115.224992
2022-01-21 19:30:00,89.0,528.43468,47030.686519999996
2022-01-21 20:00:00,87.0,531.609824,46250.054688000004
2022-01-21 20:30:00,85.0,532.517008,45263.945680000004
2022-01-21 21:00:00,82.0,531.156232,43554.811024
2022-01-21 21:30:00,76.0,556.557384,42298.361183999994
2022-01-21 22:00:00,75.0,547.485544,41061.4158
2022-01-21 22:30:00,71.0,552.475056,39225.728976
2022-01-21 23:00:00,67.0,551.567872,36955.047424
2022-01-21 23:30:00,65.0,542.496032,35262.24208
2022-01-22 00:00:00,67.0,518.909248,34766.91961600001
2022-01-22 00:30:00,67.0,518.909248,34766.91961600001
2022-01-22 01:00:00,70.0,503.033528,35212.34696
2022-01-22 01:30:00,73.0,503.033528,36721.447544
2022-01-22 02:00:00,72.0,502.126344,36153.096768
2022-01-22 02:30:00,77.0,502.126344,38663.728488
2022-01-22 03:00:00,81.0,510.291,41333.570999999996
2022-01-22 03:30:00,81.0,511.651776,41443.793856
2022-01-22 04:00:00,87.0,511.198184,44474.242008
2022-01-22 04:30:00,87.0,510.744592,44434.779504
2022-01-22 05:00:00,89.0,509.383816,45335.159624
2022-01-22 05:30:00,89.0,509.383816,45335.159624
2022-01-22 06:00:00,92.0,502.579936,46237.354112
2022-01-22 06:30:00,95.0,502.579936,47745.09392
2022-01-22 07:00:00,96.0,503.940712,48378.308352
2022-01-22 07:30:00,102.0,504.394304,51448.219008
2022-01-22 08:00:00,103.0,502.579936,51765.733408
2022-01-22 08:30:00,108.0,506.662264,54719.524511999996
2022-01-22 09:00:00,105.0,548.392728,57581.23644
2022-01-22 09:30:00,105.0,528.43468,55485.64139999999
2022-01-22 10:00:00,111.0,539.77448,59914.967280000004
2022-01-22 10:30:00,117.0,526.620312,61614.576504000004
2022-01-22 11:00:00,115.0,537.960112,61865.412879999996
2022-01-22 11:30:00,116.0,539.77448,62613.839680000005
2022-01-22 12:00:00,117.0,542.0424399999999,63418.96547999999
2022-01-22 12:30:00,117.0,526.620312,61614.576504000004
2022-01-22 13:00:00,114.0,526.620312,60034.715568
2022-01-22 13:30:00,114.0,523.445168,59672.749152
2022-01-22 14:00:00,110.0,524.352352,57678.75872
2022-01-22 14:30:00,106.0,528.43468,56014.07608
2022-01-22 15:00:00,104.0,527.981088,54910.033152
2022-01-22 15:30:00,104.0,524.352352,54532.644608
2022-01-22 16:00:00,104.0,524.352352,54532.644608
2022-01-22 16:30:00,100.0,515.280512,51528.0512
2022-01-22 17:00:00,99.0,512.55896,50743.33704
2022-01-22 17:30:00,98.0,516.641288,50630.846224
2022-01-22 18:00:00,97.0,516.641288,50114.204936
2022-01-22 18:30:00,94.0,522.991576,49161.208144000004
2022-01-22 19:00:00,93.0,523.445168,48680.400623999994
2022-01-22 19:30:00,91.0,523.445168,47633.510288
2022-01-22 20:00:00,88.0,526.1667199999999,46302.67135999999
2022-01-22 20:30:00,85.0,526.1667199999999,44724.1712
2022-01-22 21:00:00,82.0,525.259536,43071.281952000005
2022-01-22 21:30:00,78.0,523.89876,40864.10328
2022-01-22 22:00:00,72.0,525.713128,37851.345216
2022-01-22 22:30:00,70.0,519.36284,36355.3988
2022-01-22 23:00:00,66.0,543.856808,35894.549328
2022-01-22 23:30:00,66.0,507.569448,33499.583568
2022-01-23 00:00:00,65.0,506.208672,32903.56368
2022-01-23 00:30:00,67.0,523.445168,35070.826256
2022-01-23 01:00:00,69.0,506.208672,34928.398368
2022-01-23 01:30:00,69.0,525.259536,36242.907984000005
2022-01-23 02:00:00,73.0,507.569448,37052.569704
2022-01-23 02:30:00,71.0,527.527496,37454.452216000005
2022-01-23 03:00:00,75.0,507.115856,38033.6892
2022-01-23 03:30:00,77.0,501.672752,38628.801904
2022-01-23 04:00:00,78.0,502.126344,39165.854832000005
2022-01-23 04:30:00,78.0,509.383816,39731.937648
2022-01-23 05:00:00,82.0,510.291,41843.862
2022-01-23 05:30:00,82.0,503.033528,41248.749296
2022-01-23 06:00:00,82.0,509.837408,41806.667455999996
2022-01-23 06:30:00,82.0,526.1667199999999,43145.671039999994
2022-01-23 07:00:00,83.0,526.620312,43709.485896
2022-01-23 07:30:00,88.0,498.044016,43827.873408
2022-01-23 08:00:00,91.0,497.136832,45239.451712
2022-01-23 08:30:00,92.0,499.404792,45945.240864
2022-01-23 09:00:00,93.0,506.208672,47077.406495999996
2022-01-23 09:30:00,96.0,526.620312,50555.549952
2022-01-23 10:00:00,102.0,513.919736,52419.813072
2022-01-23 10:30:00,100.0,522.537984,52253.79840000001
2022-01-23 11:00:00,101.0,537.052928,54242.34572799999
2022-01-23 11:30:00,103.0,523.89876,53961.57228000001
2022-01-23 12:00:00,100.0,537.50652,53750.652
2022-01-23 12:30:00,97.0,524.805944,50906.176567999995
2022-01-23 13:00:00,96.0,524.805944,50381.370623999996
2022-01-23 13:30:00,95.0,520.723616,49468.743519999996
2022-01-23 14:00:00,95.0,523.89876,49770.38220000001
2022-01-23 14:30:00,93.0,525.259536,48849.136848
2022-01-23 15:00:00,91.0,525.713128,47839.894648
2022-01-23 15:30:00,88.0,521.6308,45903.5104
2022-01-23 16:00:00,87.0,515.734104,44868.867048
2022-01-23 16:30:00,85.0,516.641288,43914.50948
2022-01-23 17:00:00,85.0,515.280512,43798.84352
2022-01-23 17:30:00,83.0,515.280512,42768.28249600001
2022-01-23 18:00:00,80.0,521.6308,41730.464
2022-01-23 18:30:00,79.0,522.084392,41244.666968
2022-01-23 19:00:00,77.0,522.084392,40200.498184
2022-01-23 19:30:00,76.0,520.723616,39574.994816
2022-01-23 20:00:00,73.0,522.991576,38178.385048000004
2022-01-23 20:30:00,68.0,522.084392,35501.738656
2022-01-23 21:00:00,67.0,522.991576,35040.435592
2022-01-23 21:30:00,64.0,517.548472,33123.102208
2022-01-23 22:00:00,61.0,528.43468,32234.51548
2022-01-23 22:30:00,59.0,530.249048,31284.693832
2022-01-23 23:00:00,53.0,530.70264,28127.23992
2022-01-23 23:30:00,52.0,526.1667199999999,27360.669439999998
2022-01-24 00:00:00,48.0,527.527496,25321.319808
2022-01-24 00:30:00,49.0,527.981088,25871.073312
2022-01-24 01:00:00,51.0,525.259536,26788.236336
2022-01-24 01:30:00,55.0,528.43468,29063.907399999996
2022-01-24 02:00:00,55.0,529.341864,29113.802519999997
2022-01-24 02:30:00,61.0,531.156232,32400.530152000003
2022-01-24 03:00:00,61.0,530.249048,32345.191928
2022-01-24 03:30:00,71.0,506.208672,35940.815711999996
2022-01-24 04:00:00,73.0,505.75508,36920.12084
2022-01-24 04:30:00,72.0,504.847896,36349.048512
2022-01-24 05:00:00,75.0,503.940712,37795.553400000004
2022-01-24 05:30:00,84.0,502.126344,42178.612896
2022-01-24 06:00:00,84.0,525.713128,44159.902752
2022-01-24 06:30:00,87.0,527.981088,45934.354656
2022-01-24 07:00:00,88.0,529.795456,46622.00012799999
2022-01-24 07:30:00,88.0,540.681664,47579.986432
2022-01-24 08:00:00,92.0,518.455656,47697.920352
2022-01-24 08:30:00,96.0,518.455656,49771.742975999994
2022-01-24 09:00:00,100.0,513.919736,51391.9736
2022-01-24 09:30:00,109.0,503.48712,54880.09608
2022-01-24 10:00:00,109.0,503.48712,54880.09608
2022-01-24 10:30:00,108.0,547.031952,59079.450816000004
2022-01-24 11:00:00,111.0,503.033528,55836.721608
2022-01-24 11:30:00,109.0,503.033528,54830.654552
2022-01-24 12:00:00,107.0,533.877784,57124.922888
2022-01-24 12:30:00,106.0,527.981088,55965.995328
2022-01-24 13:00:00,104.0,527.981088,54910.033152
2022-01-24 13:30:00,101.0,515.280512,52043.33171200001
2022-01-24 14:00:00,97.0,515.734104,50026.208088
2022-01-24 14:30:00,95.0,515.734104,48994.73988
2022-01-24 15:00:00,94.0,515.734104,48479.005776
2022-01-24 15:30:00,94.0,512.55896,48180.542239999995
2022-01-24 16:00:00,94.0,513.012552,48223.179888000006
2022-01-24 16:30:00,93.0,515.280512,47921.087616000004
2022-01-24 17:00:00,88.0,519.816432,45743.846015999996
2022-01-24 17:30:00,86.0,515.734104,44353.132944
2022-01-24 18:00:00,83.0,515.734104,42805.930632
2022-01-24 18:30:00,81.0,522.991576,42362.317656
2022-01-24 19:00:00,80.0,531.156232,42492.49856000001
2022-01-24 19:30:00,79.0,528.43468,41746.339719999996
2022-01-24 20:00:00,78.0,528.43468,41217.90504
2022-01-24 20:30:00,77.0,537.960112,41422.928624
2022-01-24 21:00:00,73.0,528.43468,38575.73164
2022-01-24 21:30:00,70.0,556.557384,38959.016879999996
2022-01-24 22:00:00,66.0,548.84632,36223.85712
2022-01-24 22:30:00,62.0,552.475056,34253.453472
2022-01-24 23:00:00,58.0,550.207096,31912.011567999998
2022-01-24 23:30:00,56.0,542.496032,30379.777792
2022-01-25 00:00:00,58.0,530.70264,30780.753119999998
2022-01-25 00:30:00,59.0,530.70264,31311.455759999997
2022-01-25 01:00:00,61.0,529.795456,32317.522815999997
2022-01-25 01:30:00,65.0,527.981088,34318.77072
2022-01-25 02:00:00,65.0,527.981088,34318.77072
2022-01-25 02:30:00,67.0,527.981088,35374.732896
2022-01-25 03:00:00,70.0,527.981088,36958.67616
2022-01-25 03:30:00,74.0,528.888272,39137.732128
2022-01-25 04:00:00,75.0,532.063416,39904.756199999996
2022-01-25 04:30:00,79.0,532.063416,42033.009864
2022-01-25 05:00:00,81.0,528.888272,42839.950032
2022-01-25 05:30:00,86.0,527.981088,45406.373568
2022-01-25 06:00:00,88.0,527.981088,46462.335743999996
2022-01-25 06:30:00,89.0,527.981088,46990.316832
2022-01-25 07:00:00,91.0,530.70264,48293.940239999996
2022-01-25 07:30:00,99.0,534.784968,52943.71183200001
2022-01-25 08:00:00,101.0,532.9706,53830.0306
2022-01-25 08:30:00,103.0,532.9706,54895.9718
2022-01-25 09:00:00,104.0,532.9706,55428.9424
2022-01-25 09:30:00,104.0,538.4137039999999,55995.025215999995
2022-01-25 10:00:00,107.0,533.877784,57124.922888
2022-01-25 10:30:00,109.0,538.4137039999999,58687.093735999995
2022-01-25 11:00:00,110.0,538.4137039999999,59225.507439999994
2022-01-25 11:30:00,110.0,538.4137039999999,59225.507439999994
2022-01-25 12:00:00,109.0,533.877784,58192.678456
2022-01-25 12:30:00,107.0,539.77448,57755.869360000004
2022-01-25 13:00:00,104.0,537.50652,55900.678080000005
2022-01-25 13:30:00,104.0,522.991576,54391.123904
2022-01-25 14:00:00,100.0,539.320888,53932.0888
2022-01-25 14:30:00,99.0,539.77448,53437.673520000004
2022-01-25 15:00:00,97.0,537.960112,52182.130864
2022-01-25 15:30:00,97.0,526.1667199999999,51038.171839999995
2022-01-25 16:00:00,96.0,518.909248,49815.28780800001
2022-01-25 16:30:00,93.0,522.537984,48596.032512000005
2022-01-25 17:00:00,90.0,522.084392,46987.59528
2022-01-25 17:30:00,87.0,521.6308,45381.8796
2022-01-25 18:00:00,87.0,521.6308,45381.8796
2022-01-25 18:30:00,84.0,522.991576,43931.292384
2022-01-25 19:00:00,81.0,522.991576,42362.317656
2022-01-25 19:30:00,81.0,528.43468,42803.20907999999
2022-01-25 20:00:00,78.0,537.960112,41960.888736
2022-01-25 20:30:00,76.0,537.960112,40884.968512
2022-01-25 21:00:00,71.0,532.517008,37808.707568000005
2022-01-25 21:30:00,67.0,532.063416,35648.248872
2022-01-25 22:00:00,65.0,544.763992,35409.65948
2022-01-25 22:30:00,63.0,551.567872,34748.775936
2022-01-25 23:00:00,57.0,550.207096,31361.804472
2022-01-25 23:30:00,57.0,542.496032,30922.273824
2022-01-26 00:00:00,56.0,530.70264,29719.34784
2022-01-26 00:30:00,56.0,528.888272,29617.743232
2022-01-26 01:00:00,53.0,529.795456,28079.159168
2022-01-26 01:30:00,53.0,529.795456,28079.159168
2022-01-26 02:00:00,56.0,527.073904,29516.138624
2022-01-26 02:30:00,58.0,525.713128,30491.361424
2022-01-26 03:00:00,60.0,527.527496,31651.649760000004
2022-01-26 03:30:00,62.0,527.073904,32678.582047999997
2022-01-26 04:00:00,68.0,526.1667199999999,35779.33695999999
2022-01-26 04:30:00,73.0,523.445168,38211.497264
2022-01-26 05:00:00,73.0,523.445168,38211.497264
2022-01-26 05:30:00,78.0,522.991576,40793.342928
2022-01-26 06:00:00,80.0,524.352352,41948.18816
2022-01-26 06:30:00,82.0,523.89876,42959.69832
2022-01-26 07:00:00,83.0,525.713128,43634.189624
2022-01-26 07:30:00,88.0,522.084392,45943.426496
2022-01-26 08:00:00,90.0,520.723616,46865.125439999996
2022-01-26 08:30:00,92.0,520.270024,47864.842208
2022-01-26 09:00:00,96.0,520.723616,49989.467136
2022-01-26 09:30:00,97.0,527.981088,51214.165536
2022-01-26 10:00:00,103.0,525.713128,54148.452184
2022-01-26 10:30:00,108.0,518.455656,55993.210847999995
2022-01-26 11:00:00,108.0,507.115856,54768.512448
2022-01-26 11:30:00,107.0,514.373328,55037.946096
2022-01-26 12:00:00,104.0,518.455656,53919.388223999995
2022-01-26 12:30:00,98.0,525.259536,51475.434528000005
2022-01-26 13:00:00,98.0,525.259536,51475.434528000005
2022-01-26 13:30:00,97.0,520.270024,50466.192328000005
2022-01-26 14:00:00,94.0,520.270024,48905.382256000004
2022-01-26 14:30:00,93.0,520.270024,48385.11223200001
2022-01-26 15:00:00,91.0,518.455656,47179.464695999995
2022-01-26 15:30:00,88.0,528.888272,46542.167936000005
2022-01-26 16:00:00,86.0,528.888272,45484.391392000005
2022-01-26 16:30:00,85.0,530.70264,45109.7244
2022-01-26 17:00:00,85.0,531.609824,45186.83504
2022-01-26 17:30:00,84.0,531.609824,44655.225216
2022-01-26 18:00:00,80.0,531.609824,42528.78592
2022-01-26 18:30:00,75.0,531.609824,39870.7368
2022-01-26 19:00:00,75.0,526.620312,39496.5234
2022-01-26 19:30:00,75.0,526.620312,39496.5234
2022-01-26 20:00:00,74.0,527.527496,39037.034704000005
2022-01-26 20:30:00,66.0,535.692152,35355.682032
2022-01-26 21:00:00,66.0,520.270024,34337.821584000005
2022-01-26 21:30:00,66.0,522.084392,34457.569872
2022-01-26 22:00:00,65.0,538.867296,35026.37424
2022-01-26 22:30:00,61.0,534.331376,32594.213936
2022-01-26 23:00:00,55.0,535.23856,29438.1208
2022-01-26 23:30:00,53.0,531.609824,28175.320672
2022-01-27 00:00:00,55.0,494.41528,27192.8404
2022-01-27 00:30:00,58.0,520.270024,30175.661392
2022-01-27 01:00:00,55.0,523.445168,28789.484239999998
2022-01-27 01:30:00,58.0,523.89876,30386.128080000002
2022-01-27 02:00:00,58.0,523.89876,30386.128080000002
2022-01-27 02:30:00,64.0,495.322464,31700.637696
2022-01-27 03:00:00,66.0,496.68324,32781.09384
2022-01-27 03:30:00,63.0,523.89876,33005.621880000006
2022-01-27 04:00:00,66.0,523.89876,34577.31816
2022-01-27 04:30:00,68.0,505.301488,34360.501184
2022-01-27 05:00:00,69.0,527.073904,36368.099376
2022-01-27 05:30:00,77.0,525.713128,40479.910856
2022-01-27 06:00:00,76.0,526.620312,40023.143712000005
2022-01-27 06:30:00,82.0,525.259536,43071.281952000005
2022-01-27 07:00:00,84.0,527.073904,44274.207936
2022-01-27 07:30:00,91.0,532.517008,48459.047728000005
2022-01-27 08:00:00,93.0,522.084392,48553.848456
2022-01-27 08:30:00,92.0,551.11428,50702.51376
2022-01-27 09:00:00,95.0,520.270024,49425.65228
2022-01-27 09:30:00,96.0,500.311976,48029.949696
2022-01-27 10:00:00,98.0,499.858384,48986.121632
2022-01-27 10:30:00,93.0,544.763992,50663.051256000006
2022-01-27 11:00:00,98.0,499.858384,48986.121632
2022-01-27 11:30:00,97.0,499.404792,48442.264824
2022-01-27 12:00:00,97.0,509.837408,49454.228576
2022-01-27 12:30:00,95.0,511.198184,48563.82748
2022-01-27 13:00:00,94.0,509.383816,47882.078704
2022-01-27 13:30:00,91.0,502.126344,45693.497304000004
2022-01-27 14:00:00,89.0,499.858384,44487.396176
2022-01-27 14:30:00,87.0,500.311976,43527.141912
2022-01-27 15:00:00,84.0,527.073904,44274.207936
2022-01-27 15:30:00,84.0,515.734104,43321.664736
2022-01-27 16:00:00,83.0,516.641288,42881.226904
2022-01-27 16:30:00,82.0,518.909248,42550.558336
2022-01-27 17:00:00,79.0,527.527496,41674.672184
2022-01-27 17:30:00,79.0,515.734104,40742.994216
2022-01-27 18:00:00,76.0,515.734104,39195.791904
2022-01-27 18:30:00,76.0,522.991576,39747.359776
2022-01-27 19:00:00,75.0,532.517008,39938.7756
2022-01-27 19:30:00,74.0,528.43468,39104.16632
2022-01-27 20:00:00,73.0,528.43468,38575.73164
2022-01-27 20:30:00,72.0,528.43468,38047.29696
2022-01-27 21:00:00,71.0,539.77448,38323.98808
2022-01-27 21:30:00,68.0,556.557384,37845.902111999996
2022-01-27 22:00:00,63.0,548.84632,34577.31816
2022-01-27 22:30:00,62.0,551.567872,34197.208064
2022-01-27 23:00:00,58.0,551.567872,31990.936575999996
2022-01-27 23:30:00,56.0,542.496032,30379.777792
2022-01-28 00:00:00,55.0,527.073904,28989.06472
2022-01-28 00:30:00,56.0,527.981088,29566.940928
2022-01-28 01:00:00,54.0,530.70264,28657.94256
2022-01-28 01:30:00,58.0,527.527496,30596.594768000003
2022-01-28 02:00:00,60.0,525.713128,31542.787679999998
2022-01-28 02:30:00,57.0,526.1667199999999,29991.503039999996
2022-01-28 03:00:00,58.0,527.073904,30570.286431999997
2022-01-28 03:30:00,64.0,525.713128,33645.640192
2022-01-28 04:00:00,65.0,525.713128,34171.35332
2022-01-28 04:30:00,67.0,503.033528,33703.246376
2022-01-28 05:00:00,67.0,525.713128,35222.779576
2022-01-28 05:30:00,71.0,525.259536,37293.427056
2022-01-28 06:00:00,77.0,523.89876,40340.20452
2022-01-28 06:30:00,79.0,525.259536,41495.503344000004
2022-01-28 07:00:00,82.0,524.805944,43034.087408
2022-01-28 07:30:00,83.0,525.259536,43596.541488
2022-01-28 08:00:00,83.0,517.548472,42956.523175999995
2022-01-28 08:30:00,89.0,506.208672,45052.571808
2022-01-28 09:00:00,89.0,517.548472,46061.814007999994
2022-01-28 09:30:00,89.0,517.548472,46061.814007999994
2022-01-28 10:00:00,90.0,526.620312,47395.82808
2022-01-28 10:30:00,92.0,525.259536,48323.877312000004
2022-01-28 11:00:00,91.0,520.723616,47385.849056
2022-01-28 11:30:00,92.0,537.052928,49408.869375999995
2022-01-28 12:00:00,90.0,537.052928,48334.76351999999
2022-01-28 12:30:00,88.0,537.052928,47260.657664
2022-01-28 13:00:00,86.0,537.50652,46225.56072
2022-01-28 13:30:00,86.0,521.177208,44821.239888
2022-01-28 14:00:00,84.0,520.723616,43740.783744
2022-01-28 14:30:00,82.0,512.55896,42029.83472
2022-01-28 15:00:00,80.0,512.55896,41004.716799999995
2022-01-28 15:30:00,80.0,513.466144,41077.29152
2022-01-28 16:00:00,78.0,513.466144,40050.359232
2022-01-28 16:30:00,75.0,514.82692,38612.019
2022-01-28 17:00:00,75.0,524.352352,39326.4264
2022-01-28 17:30:00,73.0,531.156232,38774.404936000006
2022-01-28 18:00:00,72.0,518.002064,37296.148608
2022-01-28 18:30:00,68.0,526.620312,35810.181216
2022-01-28 19:00:00,64.0,526.620312,33703.699968
2022-01-28 19:30:00,63.0,526.620312,33177.079656
2022-01-28 20:00:00,62.0,514.373328,31891.146336
2022-01-28 20:30:00,60.0,527.073904,31624.43424
2022-01-28 21:00:00,58.0,533.877784,30964.911472
2022-01-28 21:30:00,57.0,534.784968,30482.743176000004
2022-01-28 22:00:00,56.0,534.331376,29922.557055999998
2022-01-28 22:30:00,56.0,431.819584,24181.896704000003
2022-01-28 23:00:00,55.0,325.225464,17887.40052
2022-01-28 23:30:00,51.0,166.468264,8489.881464
2022-01-29 00:00:00,61.0,365.14156,22273.63516
2022-01-29 00:30:00,61.0,309.349744,18870.334383999998
2022-01-29 01:00:00,67.0,341.101184,22853.779328
2022-01-29 01:30:00,68.0,394.171448,26803.658464
2022-01-29 02:00:00,71.0,462.210248,32816.927608
2022-01-29 02:30:00,72.0,501.672752,36120.438144
2022-01-29 03:00:00,71.0,510.744592,36262.866032
2022-01-29 03:30:00,74.0,508.476632,37627.270768
2022-01-29 04:00:00,78.0,508.930224,39696.557472
2022-01-29 04:30:00,84.0,500.311976,42026.205984
2022-01-29 05:00:00,83.0,505.75508,41977.67164
2022-01-29 05:30:00,85.0,492.14732,41832.5222
2022-01-29 06:00:00,85.0,489.425768,41601.19028
2022-01-29 06:30:00,89.0,501.672752,44648.874928
2022-01-29 07:00:00,96.0,463.117432,44459.273472
2022-01-29 07:30:00,101.0,330.668568,33397.525368
2022-01-29 08:00:00,105.0,293.020432,30767.145360000002
2022-01-29 08:30:00,109.0,488.972176,53297.967184
2022-01-29 09:00:00,109.0,424.10852,46227.82868
2022-01-29 09:30:00,110.0,321.143136,35325.74496
2022-01-29 10:00:00,106.0,524.352352,55581.349312
2022-01-29 10:30:00,109.0,529.341864,57698.263176
2022-01-29 11:00:00,108.0,524.805944,56679.04195199999
2022-01-29 11:30:00,107.0,522.991576,55960.098632
2022-01-29 12:00:00,108.0,506.662264,54719.524511999996
2022-01-29 12:30:00,103.0,505.301488,52046.053264
2022-01-29 13:00:00,101.0,522.991576,52822.149176
2022-01-29 13:30:00,100.0,526.620312,52662.0312
2022-01-29 14:00:00,100.0,508.02304,50802.304
2022-01-29 14:30:00,100.0,519.816432,51981.6432
2022-01-29 15:00:00,98.0,520.270024,50986.462352
2022-01-29 15:30:00,96.0,514.82692,49423.38432
2022-01-29 16:00:00,94.0,520.270024,48905.382256000004
2022-01-29 16:30:00,92.0,515.280512,47405.80710400001
2022-01-29 17:00:00,91.0,516.187696,46973.080336
2022-01-29 17:30:00,88.0,515.280512,45344.685056
2022-01-29 18:00:00,87.0,517.09488,44987.25456
2022-01-29 18:30:00,86.0,513.919736,44197.09729599999
2022-01-29 19:00:00,84.0,522.084392,43855.088928
2022-01-29 19:30:00,83.0,521.177208,43257.70826399999
2022-01-29 20:00:00,80.0,522.991576,41839.32608
2022-01-29 20:30:00,78.0,522.084392,40722.582576
2022-01-29 21:00:00,76.0,520.723616,39574.994816
2022-01-29 21:30:00,72.0,521.177208,37524.758976
2022-01-29 22:00:00,67.0,519.36284,34797.31028
2022-01-29 22:30:00,65.0,518.002064,33670.13416
2022-01-29 23:00:00,63.0,523.89876,33005.621880000006
2022-01-29 23:30:00,62.0,507.569448,31469.305776
2022-01-30 00:00:00,63.0,501.672752,31605.383376
2022-01-30 00:30:00,66.0,502.579936,33170.275775999995
2022-01-30 01:00:00,66.0,503.48712,33230.14992
2022-01-30 01:30:00,63.0,503.033528,31691.112264
2022-01-30 02:00:00,68.0,502.579936,34175.435648
2022-01-30 02:30:00,70.0,501.21916,35085.3412
2022-01-30 03:00:00,70.0,510.744592,35752.12144
2022-01-30 03:30:00,71.0,511.198184,36295.071064
2022-01-30 04:00:00,71.0,516.641288,36681.531448
2022-01-30 04:30:00,70.0,517.09488,36196.6416
2022-01-30 05:00:00,75.0,511.651776,38373.8832
2022-01-30 05:30:00,79.0,501.672752,39632.147408
2022-01-30 06:00:00,81.0,501.672752,40635.492912
2022-01-30 06:30:00,80.0,508.476632,40678.13056
2022-01-30 07:00:00,82.0,510.291,41843.862
2022-01-30 07:30:00,84.0,502.126344,42178.612896
2022-01-30 08:00:00,85.0,500.765568,42565.07328
2022-01-30 08:30:00,92.0,499.858384,45986.971328
2022-01-30 09:00:00,92.0,502.579936,46237.354112
2022-01-30 09:30:00,92.0,517.548472,47614.45942399999
2022-01-30 10:00:00,93.0,519.36284,48300.74412
2022-01-30 10:30:00,93.0,523.445168,48680.400623999994
2022-01-30 11:00:00,96.0,523.445168,50250.736128
2022-01-30 11:30:00,104.0,518.002064,53872.214656000004
2022-01-30 12:00:00,106.0,522.537984,55389.026304000006
2022-01-30 12:30:00,104.0,518.002064,53872.214656000004
2022-01-30 13:00:00,101.0,519.816432,52501.459632
2022-01-30 13:30:00,97.0,523.89876,50818.17972
2022-01-30 14:00:00,97.0,528.43468,51258.16396
2022-01-30 14:30:00,97.0,528.888272,51302.162384
2022-01-30 15:00:00,97.0,379.202912,36782.682464000005
2022-01-30 15:30:00,95.0,291.206064,27664.576080000003
2022-01-30 16:00:00,92.0,200.487664,18444.865088
2022-01-30 16:30:00,90.0,176.447288,15880.25592
2022-01-30 17:00:00,89.0,352.440984,31367.247576
2022-01-30 17:30:00,84.0,524.805944,44083.699296
2022-01-30 18:00:00,83.0,509.383816,42278.856728
2022-01-30 18:30:00,79.0,525.259536,41495.503344000004
2022-01-30 19:00:00,77.0,515.734104,39711.526008
2022-01-30 19:30:00,74.0,524.805944,38835.639855999994
2022-01-30 20:00:00,71.0,523.89876,37196.81196000001
2022-01-30 20:30:00,69.0,525.259536,36242.907984000005
2022-01-30 21:00:00,69.0,227.249592,15680.221848000001
2022-01-30 21:30:00,67.0,63.956472,4285.083624
2022-01-30 22:00:00,63.0,322.957504,20346.322752
2022-01-30 22:30:00,60.0,270.794424,16247.665439999999
2022-01-30 23:00:00,57.0,180.529616,10290.188112
2022-01-30 23:30:00,55.0,226.796,12473.779999999999
2022-01-31 00:00:00,60.0,287.577328,17254.63968
2022-01-31 00:30:00,61.0,410.047168,25012.877248
2022-01-31 01:00:00,59.0,445.427344,26280.213296
2022-01-31 01:30:00,61.0,446.78812,27254.07532
2022-01-31 02:00:00,63.0,490.332952,30890.975975999998
2022-01-31 02:30:00,69.0,469.014128,32361.974832000004
2022-01-31 03:00:00,71.0,492.14732,34942.45972
2022-01-31 03:30:00,76.0,492.14732,37403.196319999995
2022-01-31 04:00:00,73.0,503.033528,36721.447544
2022-01-31 04:30:00,76.0,497.136832,37782.399232
2022-01-31 05:00:00,80.0,492.600912,39408.07296
2022-01-31 05:30:00,81.0,490.786544,39753.710064
2022-01-31 06:00:00,84.0,498.044016,41835.697344
2022-01-31 06:30:00,85.0,514.82692,43760.288199999995
2022-01-31 07:00:00,87.0,523.89876,45579.19212000001
2022-01-31 07:30:00,89.0,524.805944,46707.729016
2022-01-31 08:00:00,92.0,522.537984,48073.494528
2022-01-31 08:30:00,95.0,522.991576,49684.199720000004
2022-01-31 09:00:00,96.0,525.713128,50468.460288
2022-01-31 09:30:00,100.0,527.073904,52707.3904
2022-01-31 10:00:00,102.0,522.084392,53252.607983999995
2022-01-31 10:30:00,103.0,537.052928,55316.451583999995
2022-01-31 11:00:00,103.0,533.424192,54942.69177599999
2022-01-31 11:30:00,104.0,523.445168,54438.297472
2022-01-31 12:00:00,107.0,522.991576,55960.098632
2022-01-31 12:30:00,103.0,517.548472,53307.492615999996
2022-01-31 13:00:00,102.0,526.1667199999999,53669.00543999999
2022-01-31 13:30:00,100.0,521.177208,52117.720799999996
2022-01-31 14:00:00,98.0,523.445168,51297.62646399999
2022-01-31 14:30:00,98.0,528.43468,51786.59864
2022-01-31 15:00:00,98.0,529.341864,51875.502672
2022-01-31 15:30:00,97.0,530.249048,51434.157656
2022-01-31 16:00:00,97.0,515.734104,50026.208088
2022-01-31 16:30:00,95.0,532.063416,50546.02452
2022-01-31 17:00:00,93.0,530.70264,49355.345519999995
2022-01-31 17:30:00,92.0,522.537984,48073.494528
2022-01-31 18:00:00,91.0,521.177208,47427.125927999994
2022-01-31 18:30:00,88.0,527.527496,46422.419648
2022-01-31 19:00:00,85.0,513.919736,43683.17756
2022-01-31 19:30:00,85.0,513.466144,43644.62224
2022-01-31 20:00:00,82.0,526.620312,43182.865584
2022-01-31 20:30:00,80.0,526.620312,42129.62496
2022-01-31 21:00:00,77.0,526.620312,40549.764024000004
2022-01-31 21:30:00,73.0,528.43468,38575.73164
2022-01-31 22:00:00,71.0,513.919736,36488.301256
2022-01-31 22:30:00,70.0,506.208672,35434.607039999995
2022-01-31 23:00:00,66.0,444.066568,29308.393488
