2022-06-01 00:00:00,BR-CS,2893.541666666667,US-NW-BPAT,2893.541666666667,FR,2893.541666666667,ES,2893.541666666667,CA-ON,2314.833333333331
2022-06-01 01:00:00,BR-CS,2863.3333333333335,US-NW-BPAT,2863.3333333333335,FR,2863.3333333333335,ES,2863.3333333333335,CA-ON,2290.6666666666647
2022-06-01 02:00:00,BR-CS,2873.541666666667,US-NW-BPAT,2873.541666666667,FR,2873.541666666667,ES,2873.541666666667,CA-ON,2298.833333333331
2022-06-01 03:00:00,BR-CS,2895.8333333333335,US-NW-BPAT,2895.8333333333335,FR,2895.8333333333335,ES,2895.8333333333335,CA-ON,2316.6666666666647
2022-06-01 04:00:00,BR-CS,2876.041666666667,US-NW-BPAT,2876.041666666667,FR,2876.041666666667,ES,2876.041666666667,IT-NO,2300.833333333331
2022-06-01 05:00:00,BR-CS,2892.7083333333335,US-NW-BPAT,2892.7083333333335,FR,2892.7083333333335,ES,2892.7083333333335,IT-NO,2314.1666666666647
2022-06-01 06:00:00,BR-CS,2915.0,US-NW-BPAT,2915.0,FR,2915.0,ES,2915.0,IT-NO,2332.0
2022-06-01 07:00:00,BR-CS,2836.041666666667,US-NW-BPAT,2836.041666666667,FR,2836.041666666667,ES,2836.041666666667,IT-NO,2268.833333333331
2022-06-01 08:00:00,,,,,,,,,,
2022-06-01 09:00:00,,,,,,,,,,
2022-06-01 10:00:00,,,,,,,,,,
2022-06-01 11:00:00,,,,,,,,,,
2022-06-01 12:00:00,,,,,,,,,,
2022-06-01 13:00:00,,,,,,,,,,
2022-06-01 14:00:00,,,,,,,,,,
2022-06-01 15:00:00,,,,,,,,,,
2022-06-01 16:00:00,,,,,,,,,,
2022-06-01 17:00:00,,,,,,,,,,
2022-06-01 18:00:00,,,,,,,,,,
2022-06-01 19:00:00,,,,,,,,,,
2022-06-01 20:00:00,,,,,,,,,,
2022-06-01 21:00:00,,,,,,,,,,
2022-06-01 22:00:00,,,,,,,,,,
2022-06-01 23:00:00,,,,,,,,,,
2022-06-02 00:00:00,BR-CS,2896.875,US-NW-BPAT,2896.875,FR,2896.875,ES,2896.875,IT-NO,2317.5
2022-06-02 01:00:00,BR-CS,2835.625,US-NW-BPAT,2835.625,FR,2835.625,ES,2835.625,CA-ON,2268.5
2022-06-02 02:00:00,BR-CS,2856.041666666667,US-NW-BPAT,2856.041666666667,FR,2856.041666666667,ES,2856.041666666667,IT-NO,2284.833333333331
2022-06-02 03:00:00,BR-CS,2911.875,US-NW-BPAT,2911.875,FR,2911.875,ES,2911.875,CA-ON,2329.5
2022-06-02 04:00:00,BR-CS,2841.25,US-NW-BPAT,2841.25,FR,2841.25,ES,2841.25,IT-NO,2273.0
2022-06-02 05:00:00,BR-CS,2875.8333333333335,US-NW-BPAT,2875.8333333333335,FR,2875.8333333333335,ES,2875.8333333333335,CA-ON,2300.6666666666647
2022-06-02 06:00:00,BR-CS,2871.666666666667,US-NW-BPAT,2871.666666666667,AU-VIC,2871.666666666667,FR,2871.666666666667,ES,2297.333333333331
2022-06-02 07:00:00,BR-CS,2873.9583333333335,US-NW-BPAT,2873.9583333333335,AU-VIC,2873.9583333333335,FR,2873.9583333333335,ES,2299.1666666666647
2022-06-02 08:00:00,,,,,,,,,,
2022-06-02 09:00:00,,,,,,,,,,
2022-06-02 10:00:00,,,,,,,,,,
2022-06-02 11:00:00,,,,,,,,,,
2022-06-02 12:00:00,,,,,,,,,,
2022-06-02 13:00:00,,,,,,,,,,
2022-06-02 14:00:00,,,,,,,,,,
2022-06-02 15:00:00,,,,,,,,,,
2022-06-02 16:00:00,,,,,,,,,,
2022-06-02 17:00:00,,,,,,,,,,
2022-06-02 18:00:00,,,,,,,,,,
2022-06-02 19:00:00,,,,,,,,,,
2022-06-02 20:00:00,,,,,,,,,,
2022-06-02 21:00:00,,,,,,,,,,
2022-06-02 22:00:00,,,,,,,,,,
2022-06-02 23:00:00,,,,,,,,,,
2022-06-03 00:00:00,BR-CS,2871.25,US-NW-BPAT,2871.25,FR,2871.25,ES,2871.25,IT-NO,2297.0
2022-06-03 01:00:00,BR-CS,2829.791666666667,US-NW-BPAT,2829.791666666667,FR,2829.791666666667,ES,2829.791666666667,IT-NO,2263.833333333331
2022-06-03 02:00:00,BR-CS,2890.2083333333335,US-NW-BPAT,2890.2083333333335,FR,2890.2083333333335,ES,2890.2083333333335,CA-ON,2312.1666666666647
2022-06-03 03:00:00,BR-CS,2898.9583333333335,US-NW-BPAT,2898.9583333333335,FR,2898.9583333333335,ES,2898.9583333333335,CA-ON,2319.1666666666647
2022-06-03 04:00:00,BR-CS,2898.3333333333335,US-NW-BPAT,2898.3333333333335,FR,2898.3333333333335,ES,2898.3333333333335,IT-NO,2318.6666666666647
2022-06-03 05:00:00,BR-CS,2867.7083333333335,US-NW-BPAT,2867.7083333333335,FR,2867.7083333333335,ES,2867.7083333333335,IT-NO,2294.1666666666647
2022-06-03 06:00:00,BR-CS,2888.541666666667,US-NW-BPAT,2888.541666666667,FR,2888.541666666667,ES,2888.541666666667,IT-NO,2310.833333333331
2022-06-03 07:00:00,BR-CS,2823.3333333333335,US-NW-BPAT,2823.3333333333335,FR,2823.3333333333335,ES,2823.3333333333335,IT-NO,2258.6666666666647
2022-06-03 08:00:00,,,,,,,,,,
2022-06-03 09:00:00,,,,,,,,,,
2022-06-03 10:00:00,,,,,,,,,,
2022-06-03 11:00:00,,,,,,,,,,
2022-06-03 12:00:00,,,,,,,,,,
2022-06-03 13:00:00,,,,,,,,,,
2022-06-03 14:00:00,,,,,,,,,,
2022-06-03 15:00:00,,,,,,,,,,
2022-06-03 16:00:00,,,,,,,,,,
2022-06-03 17:00:00,,,,,,,,,,
2022-06-03 18:00:00,,,,,,,,,,
2022-06-03 19:00:00,,,,,,,,,,
2022-06-03 20:00:00,,,,,,,,,,
2022-06-03 21:00:00,,,,,,,,,,
2022-06-03 22:00:00,,,,,,,,,,
2022-06-03 23:00:00,,,,,,,,,,
2022-06-04 00:00:00,,,,,,,,,,
2022-06-04 01:00:00,,,,,,,,,,
2022-06-04 02:00:00,,,,,,,,,,
2022-06-04 03:00:00,,,,,,,,,,
2022-06-04 04:00:00,,,,,,,,,,
2022-06-04 05:00:00,,,,,,,,,,
2022-06-04 06:00:00,,,,,,,,,,
2022-06-04 07:00:00,,,,,,,,,,
2022-06-04 08:00:00,,,,,,,,,,
2022-06-04 09:00:00,,,,,,,,,,
2022-06-04 10:00:00,,,,,,,,,,
2022-06-04 11:00:00,,,,,,,,,,
2022-06-04 12:00:00,,,,,,,,,,
2022-06-04 13:00:00,,,,,,,,,,
2022-06-04 14:00:00,,,,,,,,,,
2022-06-04 15:00:00,,,,,,,,,,
2022-06-04 16:00:00,,,,,,,,,,
2022-06-04 17:00:00,,,,,,,,,,
2022-06-04 18:00:00,,,,,,,,,,
2022-06-04 19:00:00,,,,,,,,,,
2022-06-04 20:00:00,,,,,,,,,,
2022-06-04 21:00:00,,,,,,,,,,
2022-06-04 22:00:00,,,,,,,,,,
2022-06-04 23:00:00,,,,,,,,,,
2022-06-05 00:00:00,,,,,,,,,,
2022-06-05 01:00:00,,,,,,,,,,
2022-06-05 02:00:00,,,,,,,,,,
2022-06-05 03:00:00,,,,,,,,,,
2022-06-05 04:00:00,,,,,,,,,,
2022-06-05 05:00:00,,,,,,,,,,
2022-06-05 06:00:00,,,,,,,,,,
2022-06-05 07:00:00,,,,,,,,,,
2022-06-05 08:00:00,,,,,,,,,,
2022-06-05 09:00:00,,,,,,,,,,
2022-06-05 10:00:00,,,,,,,,,,
2022-06-05 11:00:00,,,,,,,,,,
2022-06-05 12:00:00,,,,,,,,,,
2022-06-05 13:00:00,,,,,,,,,,
2022-06-05 14:00:00,,,,,,,,,,
2022-06-05 15:00:00,,,,,,,,,,
2022-06-05 16:00:00,,,,,,,,,,
2022-06-05 17:00:00,,,,,,,,,,
2022-06-05 18:00:00,,,,,,,,,,
2022-06-05 19:00:00,,,,,,,,,,
2022-06-05 20:00:00,,,,,,,,,,
2022-06-05 21:00:00,,,,,,,,,,
2022-06-05 22:00:00,,,,,,,,,,
2022-06-05 23:00:00,,,,,,,,,,
2022-06-06 00:00:00,BR-CS,2857.0833333333335,US-NW-BPAT,2857.0833333333335,FR,2857.0833333333335,ES,2857.0833333333335,CA-ON,2285.6666666666647
2022-06-06 01:00:00,BR-CS,2817.916666666667,US-NW-BPAT,2817.916666666667,FR,2817.916666666667,ES,2817.916666666667,CA-ON,2254.333333333331
2022-06-06 02:00:00,BR-CS,2863.9583333333335,US-NW-BPAT,2863.9583333333335,FR,2863.9583333333335,ES,2863.9583333333335,CA-ON,2291.1666666666647
2022-06-06 03:00:00,BR-CS,2887.291666666667,US-NW-BPAT,2887.291666666667,FR,2887.291666666667,ES,2887.291666666667,CA-ON,2309.833333333331
2022-06-06 04:00:00,BR-CS,2851.041666666667,US-NW-BPAT,2851.041666666667,FR,2851.041666666667,ES,2851.041666666667,IT-NO,2280.833333333331
2022-06-06 05:00:00,BR-CS,2872.5,US-NW-BPAT,2872.5,FR,2872.5,ES,2872.5,IT-NO,2298.0
2022-06-06 06:00:00,BR-CS,2854.791666666667,US-NW-BPAT,2854.791666666667,FR,2854.791666666667,ES,2854.791666666667,IT-NO,2283.833333333331
2022-06-06 07:00:00,BR-CS,2920.625,US-NW-BPAT,2920.625,FR,2920.625,ES,2920.625,IT-NO,2336.5
2022-06-06 08:00:00,,,,,,,,,,
2022-06-06 09:00:00,,,,,,,,,,
2022-06-06 10:00:00,,,,,,,,,,
2022-06-06 11:00:00,,,,,,,,,,
2022-06-06 12:00:00,,,,,,,,,,
2022-06-06 13:00:00,,,,,,,,,,
2022-06-06 14:00:00,,,,,,,,,,
2022-06-06 15:00:00,,,,,,,,,,
2022-06-06 16:00:00,,,,,,,,,,
2022-06-06 17:00:00,,,,,,,,,,
2022-06-06 18:00:00,,,,,,,,,,
2022-06-06 19:00:00,,,,,,,,,,
2022-06-06 20:00:00,,,,,,,,,,
2022-06-06 21:00:00,,,,,,,,,,
2022-06-06 22:00:00,,,,,,,,,,
2022-06-06 23:00:00,,,,,,,,,,
2022-06-07 00:00:00,BR-CS,2877.291666666667,US-NW-BPAT,2877.291666666667,FR,2877.291666666667,ES,2877.291666666667,CA-ON,2301.833333333331
2022-06-07 01:00:00,BR-CS,2852.7083333333335,US-NW-BPAT,2852.7083333333335,FR,2852.7083333333335,ES,2852.7083333333335,CA-ON,2282.1666666666647
2022-06-07 02:00:00,BR-CS,2828.75,US-NW-BPAT,2828.75,FR,2828.75,ES,2828.75,CA-ON,2263.0
2022-06-07 03:00:00,BR-CS,2911.041666666667,US-NW-BPAT,2911.041666666667,FR,2911.041666666667,ES,2911.041666666667,CA-ON,2328.833333333331
2022-06-07 04:00:00,BR-CS,2859.791666666667,US-NW-BPAT,2859.791666666667,FR,2859.791666666667,ES,2859.791666666667,IT-NO,2287.833333333331
2022-06-07 05:00:00,BR-CS,2853.9583333333335,US-NW-BPAT,2853.9583333333335,FR,2853.9583333333335,ES,2853.9583333333335,IT-NO,2283.1666666666647
2022-06-07 06:00:00,BR-CS,2875.8333333333335,US-NW-BPAT,2875.8333333333335,FR,2875.8333333333335,ES,2875.8333333333335,IT-NO,2300.6666666666647
2022-06-07 07:00:00,BR-CS,2840.8333333333335,US-NW-BPAT,2840.8333333333335,FR,2840.8333333333335,ES,2840.8333333333335,IT-NO,2272.6666666666647
2022-06-07 08:00:00,,,,,,,,,,
2022-06-07 09:00:00,,,,,,,,,,
2022-06-07 10:00:00,,,,,,,,,,
2022-06-07 11:00:00,,,,,,,,,,
2022-06-07 12:00:00,,,,,,,,,,
2022-06-07 13:00:00,,,,,,,,,,
2022-06-07 14:00:00,,,,,,,,,,
2022-06-07 15:00:00,,,,,,,,,,
2022-06-07 16:00:00,,,,,,,,,,
2022-06-07 17:00:00,,,,,,,,,,
2022-06-07 18:00:00,,,,,,,,,,
2022-06-07 19:00:00,,,,,,,,,,
2022-06-07 20:00:00,,,,,,,,,,
2022-06-07 21:00:00,,,,,,,,,,
2022-06-07 22:00:00,,,,,,,,,,
2022-06-07 23:00:00,,,,,,,,,,
2022-06-08 00:00:00,BR-CS,2881.4583333333335,US-NW-BPAT,2881.4583333333335,FR,2881.4583333333335,ES,2881.4583333333335,CA-ON,2305.1666666666647
2022-06-08 01:00:00,BR-CS,2888.541666666667,US-NW-BPAT,2888.541666666667,FR,2888.541666666667,ES,2888.541666666667,CA-ON,2310.833333333331
2022-06-08 02:00:00,BR-CS,2872.7083333333335,US-NW-BPAT,2872.7083333333335,FR,2872.7083333333335,ES,2872.7083333333335,CA-ON,2298.1666666666647
2022-06-08 03:00:00,BR-CS,2869.375,US-NW-BPAT,2869.375,FR,2869.375,ES,2869.375,CA-ON,2295.5
2022-06-08 04:00:00,BR-CS,2869.791666666667,US-NW-BPAT,2869.791666666667,FR,2869.791666666667,ES,2869.791666666667,CA-ON,2295.833333333331
2022-06-08 05:00:00,BR-CS,2868.541666666667,US-NW-BPAT,2868.541666666667,FR,2868.541666666667,ES,2868.541666666667,IT-NO,2294.833333333331
2022-06-08 06:00:00,BR-CS,2873.125,US-NW-BPAT,2873.125,FR,2873.125,ES,2873.125,IT-NO,2298.5
2022-06-08 07:00:00,BR-CS,2840.2083333333335,US-NW-BPAT,2840.2083333333335,FR,2840.2083333333335,ES,2840.2083333333335,IT-NO,2272.1666666666647
2022-06-08 08:00:00,,,,,,,,,,
2022-06-08 09:00:00,,,,,,,,,,
2022-06-08 10:00:00,,,,,,,,,,
2022-06-08 11:00:00,,,,,,,,,,
2022-06-08 12:00:00,,,,,,,,,,
2022-06-08 13:00:00,,,,,,,,,,
2022-06-08 14:00:00,,,,,,,,,,
2022-06-08 15:00:00,,,,,,,,,,
2022-06-08 16:00:00,,,,,,,,,,
2022-06-08 17:00:00,,,,,,,,,,
2022-06-08 18:00:00,,,,,,,,,,
2022-06-08 19:00:00,,,,,,,,,,
2022-06-08 20:00:00,,,,,,,,,,
2022-06-08 21:00:00,,,,,,,,,,
2022-06-08 22:00:00,,,,,,,,,,
2022-06-08 23:00:00,,,,,,,,,,
2022-06-09 00:00:00,BR-CS,2879.5833333333335,US-NW-BPAT,2879.5833333333335,FR,2879.5833333333335,ES,2879.5833333333335,CA-ON,2303.6666666666647
2022-06-09 01:00:00,BR-CS,2902.916666666667,US-NW-BPAT,2902.916666666667,FR,2902.916666666667,ES,2902.916666666667,CA-ON,2322.333333333331
2022-06-09 02:00:00,BR-CS,2868.541666666667,US-NW-BPAT,2868.541666666667,FR,2868.541666666667,ES,2868.541666666667,CA-ON,2294.833333333331
2022-06-09 03:00:00,BR-CS,2833.9583333333335,US-NW-BPAT,2833.9583333333335,FR,2833.9583333333335,ES,2833.9583333333335,CA-ON,2267.1666666666647
2022-06-09 04:00:00,BR-CS,2865.8333333333335,US-NW-BPAT,2865.8333333333335,FR,2865.8333333333335,ES,2865.8333333333335,IT-NO,2292.6666666666647
2022-06-09 05:00:00,BR-CS,2885.2083333333335,US-NW-BPAT,2885.2083333333335,FR,2885.2083333333335,ES,2885.2083333333335,IT-NO,2308.1666666666647
2022-06-09 06:00:00,BR-CS,2879.791666666667,US-NW-BPAT,2879.791666666667,FR,2879.791666666667,ES,2879.791666666667,IT-NO,2303.833333333331
2022-06-09 07:00:00,BR-CS,2961.4583333333335,US-NW-BPAT,2961.4583333333335,FR,2961.4583333333335,ES,2961.4583333333335,IT-NO,2369.1666666666647
2022-06-09 08:00:00,,,,,,,,,,
2022-06-09 09:00:00,,,,,,,,,,
2022-06-09 10:00:00,,,,,,,,,,
2022-06-09 11:00:00,,,,,,,,,,
2022-06-09 12:00:00,,,,,,,,,,
2022-06-09 13:00:00,,,,,,,,,,
2022-06-09 14:00:00,,,,,,,,,,
2022-06-09 15:00:00,,,,,,,,,,
2022-06-09 16:00:00,,,,,,,,,,
2022-06-09 17:00:00,,,,,,,,,,
2022-06-09 18:00:00,,,,,,,,,,
2022-06-09 19:00:00,,,,,,,,,,
2022-06-09 20:00:00,,,,,,,,,,
2022-06-09 21:00:00,,,,,,,,,,
2022-06-09 22:00:00,,,,,,,,,,
2022-06-09 23:00:00,,,,,,,,,,
2022-06-10 00:00:00,BR-CS,2868.125,US-NW-BPAT,2868.125,FR,2868.125,ES,2868.125,CA-ON,2294.5
2022-06-10 01:00:00,BR-CS,2856.4583333333335,US-NW-BPAT,2856.4583333333335,FR,2856.4583333333335,ES,2856.4583333333335,CA-ON,2285.1666666666647
2022-06-10 02:00:00,BR-CS,2852.0833333333335,US-NW-BPAT,2852.0833333333335,FR,2852.0833333333335,ES,2852.0833333333335,CA-ON,2281.6666666666647
2022-06-10 03:00:00,BR-CS,2880.8333333333335,US-NW-BPAT,2880.8333333333335,FR,2880.8333333333335,ES,2880.8333333333335,CA-ON,2304.6666666666647
2022-06-10 04:00:00,BR-CS,2877.291666666667,US-NW-BPAT,2877.291666666667,FR,2877.291666666667,ES,2877.291666666667,CA-ON,2301.833333333331
2022-06-10 05:00:00,BR-CS,2895.8333333333335,US-NW-BPAT,2895.8333333333335,FR,2895.8333333333335,ES,2895.8333333333335,IT-NO,2316.6666666666647
2022-06-10 06:00:00,BR-CS,2856.666666666667,US-NW-BPAT,2856.666666666667,FR,2856.666666666667,ES,2856.666666666667,IT-NO,2285.333333333331
2022-06-10 07:00:00,BR-CS,2863.125,US-NW-BPAT,2863.125,FR,2863.125,ES,2863.125,IT-NO,2290.5
2022-06-10 08:00:00,,,,,,,,,,
2022-06-10 09:00:00,,,,,,,,,,
2022-06-10 10:00:00,,,,,,,,,,
2022-06-10 11:00:00,,,,,,,,,,
2022-06-10 12:00:00,,,,,,,,,,
2022-06-10 13:00:00,,,,,,,,,,
2022-06-10 14:00:00,,,,,,,,,,
2022-06-10 15:00:00,,,,,,,,,,
2022-06-10 16:00:00,,,,,,,,,,
2022-06-10 17:00:00,,,,,,,,,,
2022-06-10 18:00:00,,,,,,,,,,
2022-06-10 19:00:00,,,,,,,,,,
2022-06-10 20:00:00,,,,,,,,,,
2022-06-10 21:00:00,,,,,,,,,,
2022-06-10 22:00:00,,,,,,,,,,
2022-06-10 23:00:00,,,,,,,,,,
2022-06-11 00:00:00,,,,,,,,,,
2022-06-11 01:00:00,,,,,,,,,,
2022-06-11 02:00:00,,,,,,,,,,
2022-06-11 03:00:00,,,,,,,,,,
2022-06-11 04:00:00,,,,,,,,,,
2022-06-11 05:00:00,,,,,,,,,,
2022-06-11 06:00:00,,,,,,,,,,
2022-06-11 07:00:00,,,,,,,,,,
2022-06-11 08:00:00,,,,,,,,,,
2022-06-11 09:00:00,,,,,,,,,,
2022-06-11 10:00:00,,,,,,,,,,
2022-06-11 11:00:00,,,,,,,,,,
2022-06-11 12:00:00,,,,,,,,,,
2022-06-11 13:00:00,,,,,,,,,,
2022-06-11 14:00:00,,,,,,,,,,
2022-06-11 15:00:00,,,,,,,,,,
2022-06-11 16:00:00,,,,,,,,,,
2022-06-11 17:00:00,,,,,,,,,,
2022-06-11 18:00:00,,,,,,,,,,
2022-06-11 19:00:00,,,,,,,,,,
2022-06-11 20:00:00,,,,,,,,,,
2022-06-11 21:00:00,,,,,,,,,,
2022-06-11 22:00:00,,,,,,,,,,
2022-06-11 23:00:00,,,,,,,,,,
2022-06-12 00:00:00,,,,,,,,,,
2022-06-12 01:00:00,,,,,,,,,,
2022-06-12 02:00:00,,,,,,,,,,
2022-06-12 03:00:00,,,,,,,,,,
2022-06-12 04:00:00,,,,,,,,,,
2022-06-12 05:00:00,,,,,,,,,,
2022-06-12 06:00:00,,,,,,,,,,
2022-06-12 07:00:00,,,,,,,,,,
2022-06-12 08:00:00,,,,,,,,,,
2022-06-12 09:00:00,,,,,,,,,,
2022-06-12 10:00:00,,,,,,,,,,
2022-06-12 11:00:00,,,,,,,,,,
2022-06-12 12:00:00,,,,,,,,,,
2022-06-12 13:00:00,,,,,,,,,,
2022-06-12 14:00:00,,,,,,,,,,
2022-06-12 15:00:00,,,,,,,,,,
2022-06-12 16:00:00,,,,,,,,,,
2022-06-12 17:00:00,,,,,,,,,,
2022-06-12 18:00:00,,,,,,,,,,
2022-06-12 19:00:00,,,,,,,,,,
2022-06-12 20:00:00,,,,,,,,,,
2022-06-12 21:00:00,,,,,,,,,,
2022-06-12 22:00:00,,,,,,,,,,
2022-06-12 23:00:00,,,,,,,,,,
2022-06-13 00:00:00,BR-CS,2838.541666666667,US-NW-BPAT,2838.541666666667,FR,2838.541666666667,ES,2838.541666666667,CA-ON,2270.833333333331
2022-06-13 01:00:00,BR-CS,2888.9583333333335,US-NW-BPAT,2888.9583333333335,FR,2888.9583333333335,ES,2888.9583333333335,CA-ON,2311.1666666666647
2022-06-13 02:00:00,BR-CS,2835.2083333333335,US-NW-BPAT,2835.2083333333335,FR,2835.2083333333335,ES,2835.2083333333335,CA-ON,2268.1666666666647
2022-06-13 03:00:00,BR-CS,2861.041666666667,US-NW-BPAT,2861.041666666667,FR,2861.041666666667,ES,2861.041666666667,CA-ON,2288.833333333331
2022-06-13 04:00:00,BR-CS,2876.25,US-NW-BPAT,2876.25,FR,2876.25,ES,2876.25,CA-ON,2301.0
2022-06-13 05:00:00,BR-CS,2844.166666666667,US-NW-BPAT,2844.166666666667,FR,2844.166666666667,ES,2844.166666666667,CA-ON,2275.333333333331
2022-06-13 06:00:00,BR-CS,2872.0833333333335,US-NW-BPAT,2872.0833333333335,FR,2872.0833333333335,ES,2872.0833333333335,IT-NO,2297.6666666666647
2022-06-13 07:00:00,BR-CS,2925.416666666667,US-NW-BPAT,2925.416666666667,AU-VIC,2925.416666666667,FR,2925.416666666667,ES,2340.333333333331
2022-06-13 08:00:00,,,,,,,,,,
2022-06-13 09:00:00,,,,,,,,,,
2022-06-13 10:00:00,,,,,,,,,,
2022-06-13 11:00:00,,,,,,,,,,
2022-06-13 12:00:00,,,,,,,,,,
2022-06-13 13:00:00,,,,,,,,,,
2022-06-13 14:00:00,,,,,,,,,,
2022-06-13 15:00:00,,,,,,,,,,
2022-06-13 16:00:00,,,,,,,,,,
2022-06-13 17:00:00,,,,,,,,,,
2022-06-13 18:00:00,,,,,,,,,,
2022-06-13 19:00:00,,,,,,,,,,
2022-06-13 20:00:00,,,,,,,,,,
2022-06-13 21:00:00,,,,,,,,,,
2022-06-13 22:00:00,,,,,,,,,,
2022-06-13 23:00:00,,,,,,,,,,
2022-06-14 00:00:00,BR-CS,2892.5,US-NW-BPAT,2892.5,FR,2892.5,ES,2892.5,CA-ON,2314.0
2022-06-14 01:00:00,BR-CS,2894.5833333333335,US-NW-BPAT,2894.5833333333335,FR,2894.5833333333335,ES,2894.5833333333335,CA-ON,2315.6666666666647
2022-06-14 02:00:00,BR-CS,2843.75,US-NW-BPAT,2843.75,FR,2843.75,ES,2843.75,CA-ON,2275.0
2022-06-14 03:00:00,BR-CS,2908.125,US-NW-BPAT,2908.125,FR,2908.125,ES,2908.125,CA-ON,2326.5
2022-06-14 04:00:00,BR-CS,2859.375,US-NW-BPAT,2859.375,FR,2859.375,ES,2859.375,CA-ON,2287.5
2022-06-14 05:00:00,BR-CS,2904.791666666667,US-NW-BPAT,2904.791666666667,FR,2904.791666666667,ES,2904.791666666667,IT-NO,2323.833333333331
2022-06-14 06:00:00,BR-CS,2828.3333333333335,US-NW-BPAT,2828.3333333333335,FR,2828.3333333333335,ES,2828.3333333333335,IT-NO,2262.6666666666647
2022-06-14 07:00:00,BR-CS,2858.9583333333335,US-NW-BPAT,2858.9583333333335,FR,2858.9583333333335,ES,2858.9583333333335,IT-NO,2287.1666666666647
2022-06-14 08:00:00,,,,,,,,,,
2022-06-14 09:00:00,,,,,,,,,,
2022-06-14 10:00:00,,,,,,,,,,
2022-06-14 11:00:00,,,,,,,,,,
2022-06-14 12:00:00,,,,,,,,,,
2022-06-14 13:00:00,,,,,,,,,,
2022-06-14 14:00:00,,,,,,,,,,
2022-06-14 15:00:00,,,,,,,,,,
2022-06-14 16:00:00,,,,,,,,,,
2022-06-14 17:00:00,,,,,,,,,,
2022-06-14 18:00:00,,,,,,,,,,
2022-06-14 19:00:00,,,,,,,,,,
2022-06-14 20:00:00,,,,,,,,,,
2022-06-14 21:00:00,,,,,,,,,,
2022-06-14 22:00:00,,,,,,,,,,
2022-06-14 23:00:00,,,,,,,,,,
2022-06-15 00:00:00,BR-CS,2907.916666666667,US-NW-BPAT,2907.916666666667,FR,2907.916666666667,ES,2907.916666666667,CA-ON,2326.333333333331
2022-06-15 01:00:00,BR-CS,2813.9583333333335,US-NW-BPAT,2813.9583333333335,FR,2813.9583333333335,ES,2813.9583333333335,CA-ON,2251.1666666666647
2022-06-15 02:00:00,BR-CS,2884.166666666667,US-NW-BPAT,2884.166666666667,FR,2884.166666666667,ES,2884.166666666667,CA-ON,2307.333333333331
2022-06-15 03:00:00,BR-CS,2879.375,US-NW-BPAT,2879.375,FR,2879.375,ES,2879.375,CA-ON,2303.5
2022-06-15 04:00:00,BR-CS,2890.2083333333335,US-NW-BPAT,2890.2083333333335,FR,2890.2083333333335,ES,2890.2083333333335,CA-ON,2312.1666666666647
2022-06-15 05:00:00,BR-CS,2899.5833333333335,US-NW-BPAT,2899.5833333333335,FR,2899.5833333333335,ES,2899.5833333333335,IT-NO,2319.6666666666647
2022-06-15 06:00:00,BR-CS,2866.875,US-NW-BPAT,2866.875,FR,2866.875,IT-NO,2866.875,ES,2293.5
2022-06-15 07:00:00,BR-CS,2872.7083333333335,US-NW-BPAT,2872.7083333333335,FR,2872.7083333333335,IT-NO,2872.7083333333335,ES,2298.1666666666647
2022-06-15 08:00:00,,,,,,,,,,
2022-06-15 09:00:00,,,,,,,,,,
2022-06-15 10:00:00,,,,,,,,,,
2022-06-15 11:00:00,,,,,,,,,,
2022-06-15 12:00:00,,,,,,,,,,
2022-06-15 13:00:00,,,,,,,,,,
2022-06-15 14:00:00,,,,,,,,,,
2022-06-15 15:00:00,,,,,,,,,,
2022-06-15 16:00:00,,,,,,,,,,
2022-06-15 17:00:00,,,,,,,,,,
2022-06-15 18:00:00,,,,,,,,,,
2022-06-15 19:00:00,,,,,,,,,,
2022-06-15 20:00:00,,,,,,,,,,
2022-06-15 21:00:00,,,,,,,,,,
2022-06-15 22:00:00,,,,,,,,,,
2022-06-15 23:00:00,,,,,,,,,,
2022-06-16 00:00:00,BR-CS,2852.5,US-NW-BPAT,2852.5,FR,2852.5,ES,2852.5,CA-ON,2282.0
2022-06-16 01:00:00,BR-CS,2865.8333333333335,US-NW-BPAT,2865.8333333333335,FR,2865.8333333333335,ES,2865.8333333333335,CA-ON,2292.6666666666647
2022-06-16 02:00:00,BR-CS,2892.0833333333335,US-NW-BPAT,2892.0833333333335,FR,2892.0833333333335,ES,2892.0833333333335,CA-ON,2313.6666666666647
2022-06-16 03:00:00,BR-CS,2862.7083333333335,US-NW-BPAT,2862.7083333333335,FR,2862.7083333333335,ES,2862.7083333333335,CA-ON,2290.1666666666647
2022-06-16 04:00:00,BR-CS,2846.666666666667,US-NW-BPAT,2846.666666666667,FR,2846.666666666667,ES,2846.666666666667,CA-ON,2277.333333333331
2022-06-16 05:00:00,BR-CS,2866.666666666667,US-NW-BPAT,2866.666666666667,FR,2866.666666666667,ES,2866.666666666667,IT-NO,2293.333333333331
2022-06-16 06:00:00,BR-CS,2916.875,US-NW-BPAT,2916.875,FR,2916.875,IT-NO,2916.875,ES,2333.5
2022-06-16 07:00:00,BR-CS,2880.416666666667,US-NW-BPAT,2880.416666666667,FR,2880.416666666667,AU-VIC,2880.416666666667,IT-NO,2304.333333333331
2022-06-16 08:00:00,,,,,,,,,,
2022-06-16 09:00:00,,,,,,,,,,
2022-06-16 10:00:00,,,,,,,,,,
2022-06-16 11:00:00,,,,,,,,,,
2022-06-16 12:00:00,,,,,,,,,,
2022-06-16 13:00:00,,,,,,,,,,
2022-06-16 14:00:00,,,,,,,,,,
2022-06-16 15:00:00,,,,,,,,,,
2022-06-16 16:00:00,,,,,,,,,,
2022-06-16 17:00:00,,,,,,,,,,
2022-06-16 18:00:00,,,,,,,,,,
2022-06-16 19:00:00,,,,,,,,,,
2022-06-16 20:00:00,,,,,,,,,,
2022-06-16 21:00:00,,,,,,,,,,
2022-06-16 22:00:00,,,,,,,,,,
2022-06-16 23:00:00,,,,,,,,,,
2022-06-17 00:00:00,BR-CS,2852.7083333333335,US-NW-BPAT,2852.7083333333335,FR,2852.7083333333335,ES,2852.7083333333335,CA-ON,2282.1666666666647
2022-06-17 01:00:00,BR-CS,2883.9583333333335,US-NW-BPAT,2883.9583333333335,FR,2883.9583333333335,ES,2883.9583333333335,CA-ON,2307.1666666666647
2022-06-17 02:00:00,BR-CS,2873.541666666667,US-NW-BPAT,2873.541666666667,FR,2873.541666666667,ES,2873.541666666667,CA-ON,2298.833333333331
2022-06-17 03:00:00,BR-CS,2895.8333333333335,US-NW-BPAT,2895.8333333333335,FR,2895.8333333333335,ES,2895.8333333333335,CA-ON,2316.6666666666647
2022-06-17 04:00:00,BR-CS,2889.375,US-NW-BPAT,2889.375,FR,2889.375,ES,2889.375,CA-ON,2311.5
2022-06-17 05:00:00,BR-CS,2911.041666666667,US-NW-BPAT,2911.041666666667,FR,2911.041666666667,ES,2911.041666666667,IT-NO,2328.833333333331
2022-06-17 06:00:00,BR-CS,2821.4583333333335,US-NW-BPAT,2821.4583333333335,FR,2821.4583333333335,AU-VIC,2821.4583333333335,IT-NO,2257.1666666666647
2022-06-17 07:00:00,BR-CS,2890.0,US-NW-BPAT,2890.0,AU-VIC,2890.0,FR,2890.0,IT-NO,2312.0
2022-06-17 08:00:00,,,,,,,,,,
2022-06-17 09:00:00,,,,,,,,,,
2022-06-17 10:00:00,,,,,,,,,,
2022-06-17 11:00:00,,,,,,,,,,
2022-06-17 12:00:00,,,,,,,,,,
2022-06-17 13:00:00,,,,,,,,,,
2022-06-17 14:00:00,,,,,,,,,,
2022-06-17 15:00:00,,,,,,,,,,
2022-06-17 16:00:00,,,,,,,,,,
2022-06-17 17:00:00,,,,,,,,,,
2022-06-17 18:00:00,,,,,,,,,,
2022-06-17 19:00:00,,,,,,,,,,
2022-06-17 20:00:00,,,,,,,,,,
2022-06-17 21:00:00,,,,,,,,,,
2022-06-17 22:00:00,,,,,,,,,,
2022-06-17 23:00:00,,,,,,,,,,
2022-06-18 00:00:00,,,,,,,,,,
2022-06-18 01:00:00,,,,,,,,,,
2022-06-18 02:00:00,,,,,,,,,,
2022-06-18 03:00:00,,,,,,,,,,
2022-06-18 04:00:00,,,,,,,,,,
2022-06-18 05:00:00,,,,,,,,,,
2022-06-18 06:00:00,,,,,,,,,,
2022-06-18 07:00:00,,,,,,,,,,
2022-06-18 08:00:00,,,,,,,,,,
2022-06-18 09:00:00,,,,,,,,,,
2022-06-18 10:00:00,,,,,,,,,,
2022-06-18 11:00:00,,,,,,,,,,
2022-06-18 12:00:00,,,,,,,,,,
2022-06-18 13:00:00,,,,,,,,,,
2022-06-18 14:00:00,,,,,,,,,,
2022-06-18 15:00:00,,,,,,,,,,
2022-06-18 16:00:00,,,,,,,,,,
2022-06-18 17:00:00,,,,,,,,,,
2022-06-18 18:00:00,,,,,,,,,,
2022-06-18 19:00:00,,,,,,,,,,
2022-06-18 20:00:00,,,,,,,,,,
2022-06-18 21:00:00,,,,,,,,,,
2022-06-18 22:00:00,,,,,,,,,,
2022-06-18 23:00:00,,,,,,,,,,
2022-06-19 00:00:00,,,,,,,,,,
2022-06-19 01:00:00,,,,,,,,,,
2022-06-19 02:00:00,,,,,,,,,,
2022-06-19 03:00:00,,,,,,,,,,
2022-06-19 04:00:00,,,,,,,,,,
2022-06-19 05:00:00,,,,,,,,,,
2022-06-19 06:00:00,,,,,,,,,,
2022-06-19 07:00:00,,,,,,,,,,
2022-06-19 08:00:00,,,,,,,,,,
2022-06-19 09:00:00,,,,,,,,,,
2022-06-19 10:00:00,,,,,,,,,,
2022-06-19 11:00:00,,,,,,,,,,
2022-06-19 12:00:00,,,,,,,,,,
2022-06-19 13:00:00,,,,,,,,,,
2022-06-19 14:00:00,,,,,,,,,,
2022-06-19 15:00:00,,,,,,,,,,
2022-06-19 16:00:00,,,,,,,,,,
2022-06-19 17:00:00,,,,,,,,,,
2022-06-19 18:00:00,,,,,,,,,,
2022-06-19 19:00:00,,,,,,,,,,
2022-06-19 20:00:00,,,,,,,,,,
2022-06-19 21:00:00,,,,,,,,,,
2022-06-19 22:00:00,,,,,,,,,,
2022-06-19 23:00:00,,,,,,,,,,
2022-06-20 00:00:00,BR-CS,2851.875,US-NW-BPAT,2851.875,FR,2851.875,ES,2851.875,CA-ON,2281.5
2022-06-20 01:00:00,BR-CS,2836.25,US-NW-BPAT,2836.25,FR,2836.25,ES,2836.25,CA-ON,2269.0
2022-06-20 02:00:00,BR-CS,2892.291666666667,US-NW-BPAT,2892.291666666667,FR,2892.291666666667,ES,2892.291666666667,CA-ON,2313.833333333331
2022-06-20 03:00:00,BR-CS,2825.625,US-NW-BPAT,2825.625,FR,2825.625,ES,2825.625,CA-ON,2260.5
2022-06-20 04:00:00,BR-CS,2815.625,US-NW-BPAT,2815.625,FR,2815.625,ES,2815.625,CA-ON,2252.5
2022-06-20 05:00:00,BR-CS,2862.0833333333335,US-NW-BPAT,2862.0833333333335,FR,2862.0833333333335,ES,2862.0833333333335,CA-ON,2289.6666666666647
2022-06-20 06:00:00,BR-CS,2892.5,US-NW-BPAT,2892.5,FR,2892.5,ES,2892.5,IT-NO,2314.0
2022-06-20 07:00:00,BR-CS,2881.4583333333335,US-NW-BPAT,2881.4583333333335,FR,2881.4583333333335,ES,2881.4583333333335,IT-NO,2305.1666666666647
2022-06-20 08:00:00,,,,,,,,,,
2022-06-20 09:00:00,,,,,,,,,,
2022-06-20 10:00:00,,,,,,,,,,
2022-06-20 11:00:00,,,,,,,,,,
2022-06-20 12:00:00,,,,,,,,,,
2022-06-20 13:00:00,,,,,,,,,,
2022-06-20 14:00:00,,,,,,,,,,
2022-06-20 15:00:00,,,,,,,,,,
2022-06-20 16:00:00,,,,,,,,,,
2022-06-20 17:00:00,,,,,,,,,,
2022-06-20 18:00:00,,,,,,,,,,
2022-06-20 19:00:00,,,,,,,,,,
2022-06-20 20:00:00,,,,,,,,,,
2022-06-20 21:00:00,,,,,,,,,,
2022-06-20 22:00:00,,,,,,,,,,
2022-06-20 23:00:00,,,,,,,,,,
2022-06-21 00:00:00,BR-CS,2901.666666666667,US-NW-BPAT,2901.666666666667,FR,2901.666666666667,ES,2901.666666666667,CA-ON,2321.333333333331
2022-06-21 01:00:00,BR-CS,2865.625,US-NW-BPAT,2865.625,FR,2865.625,ES,2865.625,CA-ON,2292.5
2022-06-21 02:00:00,BR-CS,2861.25,US-NW-BPAT,2861.25,FR,2861.25,ES,2861.25,CA-ON,2289.0
2022-06-21 03:00:00,BR-CS,2909.791666666667,US-NW-BPAT,2909.791666666667,FR,2909.791666666667,ES,2909.791666666667,CA-ON,2327.833333333331
2022-06-21 04:00:00,BR-CS,2902.291666666667,US-NW-BPAT,2902.291666666667,FR,2902.291666666667,ES,2902.291666666667,CA-ON,2321.833333333331
2022-06-21 05:00:00,BR-CS,2819.791666666667,US-NW-BPAT,2819.791666666667,FR,2819.791666666667,ES,2819.791666666667,CA-ON,2255.833333333331
2022-06-21 06:00:00,BR-CS,2866.25,US-NW-BPAT,2866.25,FR,2866.25,ES,2866.25,IT-NO,2293.0
2022-06-21 07:00:00,BR-CS,2872.0833333333335,US-NW-BPAT,2872.0833333333335,FR,2872.0833333333335,AU-VIC,2872.0833333333335,ES,2297.6666666666647
2022-06-21 08:00:00,,,,,,,,,,
2022-06-21 09:00:00,,,,,,,,,,
2022-06-21 10:00:00,,,,,,,,,,
2022-06-21 11:00:00,,,,,,,,,,
2022-06-21 12:00:00,,,,,,,,,,
2022-06-21 13:00:00,,,,,,,,,,
2022-06-21 14:00:00,,,,,,,,,,
2022-06-21 15:00:00,,,,,,,,,,
2022-06-21 16:00:00,,,,,,,,,,
2022-06-21 17:00:00,,,,,,,,,,
2022-06-21 18:00:00,,,,,,,,,,
2022-06-21 19:00:00,,,,,,,,,,
2022-06-21 20:00:00,,,,,,,,,,
2022-06-21 21:00:00,,,,,,,,,,
2022-06-21 22:00:00,,,,,,,,,,
2022-06-21 23:00:00,,,,,,,,,,
2022-06-22 00:00:00,BR-CS,2911.875,US-NW-BPAT,2911.875,FR,2911.875,ES,2911.875,CA-ON,2329.5
2022-06-22 01:00:00,BR-CS,2829.5833333333335,US-NW-BPAT,2829.5833333333335,FR,2829.5833333333335,ES,2829.5833333333335,CA-ON,2263.6666666666647
2022-06-22 02:00:00,BR-CS,2883.9583333333335,US-NW-BPAT,2883.9583333333335,FR,2883.9583333333335,ES,2883.9583333333335,CA-ON,2307.1666666666647
2022-06-22 03:00:00,BR-CS,2857.291666666667,US-NW-BPAT,2857.291666666667,FR,2857.291666666667,ES,2857.291666666667,CA-ON,2285.833333333331
2022-06-22 04:00:00,BR-CS,2866.875,US-NW-BPAT,2866.875,FR,2866.875,ES,2866.875,CA-ON,2293.5
2022-06-22 05:00:00,BR-CS,2847.291666666667,US-NW-BPAT,2847.291666666667,FR,2847.291666666667,ES,2847.291666666667,IT-NO,2277.833333333331
2022-06-22 06:00:00,BR-CS,2827.7083333333335,US-NW-BPAT,2827.7083333333335,FR,2827.7083333333335,ES,2827.7083333333335,AU-VIC,2262.1666666666647
2022-06-22 07:00:00,BR-CS,2877.7083333333335,US-NW-BPAT,2877.7083333333335,AU-VIC,2877.7083333333335,FR,2877.7083333333335,IT-NO,2302.1666666666647
2022-06-22 08:00:00,,,,,,,,,,
2022-06-22 09:00:00,,,,,,,,,,
2022-06-22 10:00:00,,,,,,,,,,
2022-06-22 11:00:00,,,,,,,,,,
2022-06-22 12:00:00,,,,,,,,,,
2022-06-22 13:00:00,,,,,,,,,,
2022-06-22 14:00:00,,,,,,,,,,
2022-06-22 15:00:00,,,,,,,,,,
2022-06-22 16:00:00,,,,,,,,,,
2022-06-22 17:00:00,,,,,,,,,,
2022-06-22 18:00:00,,,,,,,,,,
2022-06-22 19:00:00,,,,,,,,,,
2022-06-22 20:00:00,,,,,,,,,,
2022-06-22 21:00:00,,,,,,,,,,
2022-06-22 22:00:00,,,,,,,,,,
2022-06-22 23:00:00,,,,,,,,,,
2022-06-23 00:00:00,BR-CS,2872.7083333333335,US-NW-BPAT,2872.7083333333335,FR,2872.7083333333335,ES,2872.7083333333335,CA-ON,2298.1666666666647
2022-06-23 01:00:00,BR-CS,2873.541666666667,US-NW-BPAT,2873.541666666667,FR,2873.541666666667,ES,2873.541666666667,CA-ON,2298.833333333331
2022-06-23 02:00:00,BR-CS,2860.0,US-NW-BPAT,2860.0,FR,2860.0,ES,2860.0,CA-ON,2288.0
2022-06-23 03:00:00,BR-CS,2896.4583333333335,US-NW-BPAT,2896.4583333333335,FR,2896.4583333333335,ES,2896.4583333333335,CA-ON,2317.1666666666647
2022-06-23 04:00:00,BR-CS,2861.875,US-NW-BPAT,2861.875,FR,2861.875,ES,2861.875,IT-NO,2289.5
2022-06-23 05:00:00,BR-CS,2871.041666666667,US-NW-BPAT,2871.041666666667,FR,2871.041666666667,ES,2871.041666666667,IT-NO,2296.833333333331
2022-06-23 06:00:00,BR-CS,2862.291666666667,US-NW-BPAT,2862.291666666667,FR,2862.291666666667,ES,2862.291666666667,IT-NO,2289.833333333331
2022-06-23 07:00:00,BR-CS,2904.375,US-NW-BPAT,2904.375,FR,2904.375,ES,2904.375,IT-NO,2323.5
2022-06-23 08:00:00,,,,,,,,,,
2022-06-23 09:00:00,,,,,,,,,,
2022-06-23 10:00:00,,,,,,,,,,
2022-06-23 11:00:00,,,,,,,,,,
2022-06-23 12:00:00,,,,,,,,,,
2022-06-23 13:00:00,,,,,,,,,,
2022-06-23 14:00:00,,,,,,,,,,
2022-06-23 15:00:00,,,,,,,,,,
2022-06-23 16:00:00,,,,,,,,,,
2022-06-23 17:00:00,,,,,,,,,,
2022-06-23 18:00:00,,,,,,,,,,
2022-06-23 19:00:00,,,,,,,,,,
2022-06-23 20:00:00,,,,,,,,,,
2022-06-23 21:00:00,,,,,,,,,,
2022-06-23 22:00:00,,,,,,,,,,
2022-06-23 23:00:00,,,,,,,,,,
2022-06-24 00:00:00,BR-CS,2826.25,US-NW-BPAT,2826.25,FR,2826.25,ES,2826.25,CA-ON,2261.0
2022-06-24 01:00:00,BR-CS,2900.8333333333335,US-NW-BPAT,2900.8333333333335,FR,2900.8333333333335,ES,2900.8333333333335,CA-ON,2320.6666666666647
2022-06-24 02:00:00,BR-CS,2891.041666666667,US-NW-BPAT,2891.041666666667,FR,2891.041666666667,ES,2891.041666666667,CA-ON,2312.833333333331
2022-06-24 03:00:00,BR-CS,2867.7083333333335,US-NW-BPAT,2867.7083333333335,FR,2867.7083333333335,ES,2867.7083333333335,CA-ON,2294.1666666666647
2022-06-24 04:00:00,BR-CS,2887.5,US-NW-BPAT,2887.5,FR,2887.5,ES,2887.5,IT-NO,2310.0
2022-06-24 05:00:00,BR-CS,2878.3333333333335,US-NW-BPAT,2878.3333333333335,FR,2878.3333333333335,ES,2878.3333333333335,IT-NO,2302.6666666666647
2022-06-24 06:00:00,BR-CS,2864.166666666667,US-NW-BPAT,2864.166666666667,FR,2864.166666666667,ES,2864.166666666667,IT-NO,2291.333333333331
2022-06-24 07:00:00,BR-CS,2875.2083333333335,US-NW-BPAT,2875.2083333333335,FR,2875.2083333333335,ES,2875.2083333333335,IT-NO,2300.1666666666647
2022-06-24 08:00:00,,,,,,,,,,
2022-06-24 09:00:00,,,,,,,,,,
2022-06-24 10:00:00,,,,,,,,,,
2022-06-24 11:00:00,,,,,,,,,,
2022-06-24 12:00:00,,,,,,,,,,
2022-06-24 13:00:00,,,,,,,,,,
2022-06-24 14:00:00,,,,,,,,,,
2022-06-24 15:00:00,,,,,,,,,,
2022-06-24 16:00:00,,,,,,,,,,
2022-06-24 17:00:00,,,,,,,,,,
2022-06-24 18:00:00,,,,,,,,,,
2022-06-24 19:00:00,,,,,,,,,,
2022-06-24 20:00:00,,,,,,,,,,
2022-06-24 21:00:00,,,,,,,,,,
2022-06-24 22:00:00,,,,,,,,,,
2022-06-24 23:00:00,,,,,,,,,,
2022-06-25 00:00:00,,,,,,,,,,
2022-06-25 01:00:00,,,,,,,,,,
2022-06-25 02:00:00,,,,,,,,,,
2022-06-25 03:00:00,,,,,,,,,,
2022-06-25 04:00:00,,,,,,,,,,
2022-06-25 05:00:00,,,,,,,,,,
2022-06-25 06:00:00,,,,,,,,,,
2022-06-25 07:00:00,,,,,,,,,,
2022-06-25 08:00:00,,,,,,,,,,
2022-06-25 09:00:00,,,,,,,,,,
2022-06-25 10:00:00,,,,,,,,,,
2022-06-25 11:00:00,,,,,,,,,,
2022-06-25 12:00:00,,,,,,,,,,
2022-06-25 13:00:00,,,,,,,,,,
2022-06-25 14:00:00,,,,,,,,,,
2022-06-25 15:00:00,,,,,,,,,,
2022-06-25 16:00:00,,,,,,,,,,
2022-06-25 17:00:00,,,,,,,,,,
2022-06-25 18:00:00,,,,,,,,,,
2022-06-25 19:00:00,,,,,,,,,,
2022-06-25 20:00:00,,,,,,,,,,
2022-06-25 21:00:00,,,,,,,,,,
2022-06-25 22:00:00,,,,,,,,,,
2022-06-25 23:00:00,,,,,,,,,,
2022-06-26 00:00:00,,,,,,,,,,
2022-06-26 01:00:00,,,,,,,,,,
2022-06-26 02:00:00,,,,,,,,,,
2022-06-26 03:00:00,,,,,,,,,,
2022-06-26 04:00:00,,,,,,,,,,
2022-06-26 05:00:00,,,,,,,,,,
2022-06-26 06:00:00,,,,,,,,,,
2022-06-26 07:00:00,,,,,,,,,,
2022-06-26 08:00:00,,,,,,,,,,
2022-06-26 09:00:00,,,,,,,,,,
2022-06-26 10:00:00,,,,,,,,,,
2022-06-26 11:00:00,,,,,,,,,,
2022-06-26 12:00:00,,,,,,,,,,
2022-06-26 13:00:00,,,,,,,,,,
2022-06-26 14:00:00,,,,,,,,,,
2022-06-26 15:00:00,,,,,,,,,,
2022-06-26 16:00:00,,,,,,,,,,
2022-06-26 17:00:00,,,,,,,,,,
2022-06-26 18:00:00,,,,,,,,,,
2022-06-26 19:00:00,,,,,,,,,,
2022-06-26 20:00:00,,,,,,,,,,
2022-06-26 21:00:00,,,,,,,,,,
2022-06-26 22:00:00,,,,,,,,,,
2022-06-26 23:00:00,,,,,,,,,,
2022-06-27 00:00:00,BR-CS,2835.0,US-NW-BPAT,2835.0,FR,2835.0,ES,2835.0,CA-ON,2268.0
2022-06-27 01:00:00,BR-CS,2890.2083333333335,US-NW-BPAT,2890.2083333333335,FR,2890.2083333333335,ES,2890.2083333333335,CA-ON,2312.1666666666647
2022-06-27 02:00:00,BR-CS,2799.791666666667,US-NW-BPAT,2799.791666666667,FR,2799.791666666667,ES,2799.791666666667,CA-ON,2239.833333333331
2022-06-27 03:00:00,BR-CS,2856.041666666667,US-NW-BPAT,2856.041666666667,FR,2856.041666666667,ES,2856.041666666667,CA-ON,2284.833333333331
2022-06-27 04:00:00,BR-CS,2856.875,US-NW-BPAT,2856.875,FR,2856.875,ES,2856.875,CA-ON,2285.5
2022-06-27 05:00:00,BR-CS,2843.541666666667,US-NW-BPAT,2843.541666666667,FR,2843.541666666667,ES,2843.541666666667,CA-ON,2274.833333333331
2022-06-27 06:00:00,BR-CS,2906.25,US-NW-BPAT,2906.25,FR,2906.25,ES,2906.25,IT-NO,2325.0
2022-06-27 07:00:00,BR-CS,2878.9583333333335,US-NW-BPAT,2878.9583333333335,AU-VIC,2878.9583333333335,FR,2878.9583333333335,ES,2303.1666666666647
2022-06-27 08:00:00,,,,,,,,,,
2022-06-27 09:00:00,,,,,,,,,,
2022-06-27 10:00:00,,,,,,,,,,
2022-06-27 11:00:00,,,,,,,,,,
2022-06-27 12:00:00,,,,,,,,,,
2022-06-27 13:00:00,,,,,,,,,,
2022-06-27 14:00:00,,,,,,,,,,
2022-06-27 15:00:00,,,,,,,,,,
2022-06-27 16:00:00,,,,,,,,,,
2022-06-27 17:00:00,,,,,,,,,,
2022-06-27 18:00:00,,,,,,,,,,
2022-06-27 19:00:00,,,,,,,,,,
2022-06-27 20:00:00,,,,,,,,,,
2022-06-27 21:00:00,,,,,,,,,,
2022-06-27 22:00:00,,,,,,,,,,
2022-06-27 23:00:00,,,,,,,,,,
2022-06-28 00:00:00,BR-CS,2871.666666666667,US-NW-BPAT,2871.666666666667,FR,2871.666666666667,ES,2871.666666666667,CA-ON,2297.333333333331
2022-06-28 01:00:00,BR-CS,2863.3333333333335,US-NW-BPAT,2863.3333333333335,FR,2863.3333333333335,ES,2863.3333333333335,CA-ON,2290.6666666666647
2022-06-28 02:00:00,BR-CS,2845.416666666667,US-NW-BPAT,2845.416666666667,FR,2845.416666666667,ES,2845.416666666667,CA-ON,2276.333333333331
2022-06-28 03:00:00,BR-CS,2856.666666666667,US-NW-BPAT,2856.666666666667,FR,2856.666666666667,ES,2856.666666666667,CA-ON,2285.333333333331
2022-06-28 04:00:00,BR-CS,2898.3333333333335,US-NW-BPAT,2898.3333333333335,FR,2898.3333333333335,ES,2898.3333333333335,CA-ON,2318.6666666666647
2022-06-28 05:00:00,BR-CS,2843.541666666667,US-NW-BPAT,2843.541666666667,FR,2843.541666666667,ES,2843.541666666667,IT-NO,2274.833333333331
2022-06-28 06:00:00,BR-CS,2847.291666666667,US-NW-BPAT,2847.291666666667,FR,2847.291666666667,AU-VIC,2847.291666666667,ES,2277.833333333331
2022-06-28 07:00:00,BR-CS,2865.416666666667,US-NW-BPAT,2865.416666666667,AU-VIC,2865.416666666667,FR,2865.416666666667,ES,2292.333333333331
2022-06-28 08:00:00,,,,,,,,,,
2022-06-28 09:00:00,,,,,,,,,,
2022-06-28 10:00:00,,,,,,,,,,
2022-06-28 11:00:00,,,,,,,,,,
2022-06-28 12:00:00,,,,,,,,,,
2022-06-28 13:00:00,,,,,,,,,,
2022-06-28 14:00:00,,,,,,,,,,
2022-06-28 15:00:00,,,,,,,,,,
2022-06-28 16:00:00,,,,,,,,,,
2022-06-28 17:00:00,,,,,,,,,,
2022-06-28 18:00:00,,,,,,,,,,
2022-06-28 19:00:00,,,,,,,,,,
2022-06-28 20:00:00,,,,,,,,,,
2022-06-28 21:00:00,,,,,,,,,,
2022-06-28 22:00:00,,,,,,,,,,
2022-06-28 23:00:00,,,,,,,,,,
2022-06-29 00:00:00,BR-CS,2822.0833333333335,US-NW-BPAT,2822.0833333333335,FR,2822.0833333333335,ES,2822.0833333333335,CA-ON,2257.6666666666647
2022-06-29 01:00:00,BR-CS,2890.416666666667,US-NW-BPAT,2890.416666666667,FR,2890.416666666667,ES,2890.416666666667,CA-ON,2312.333333333331
2022-06-29 02:00:00,BR-CS,2842.0833333333335,US-NW-BPAT,2842.0833333333335,FR,2842.0833333333335,ES,2842.0833333333335,CA-ON,2273.6666666666647
2022-06-29 03:00:00,BR-CS,2840.416666666667,US-NW-BPAT,2840.416666666667,FR,2840.416666666667,ES,2840.416666666667,CA-ON,2272.333333333331
2022-06-29 04:00:00,BR-CS,2875.0,US-NW-BPAT,2875.0,FR,2875.0,ES,2875.0,CA-ON,2300.0
2022-06-29 05:00:00,BR-CS,2862.7083333333335,US-NW-BPAT,2862.7083333333335,FR,2862.7083333333335,ES,2862.7083333333335,IT-NO,2290.1666666666647
2022-06-29 06:00:00,BR-CS,2862.0833333333335,US-NW-BPAT,2862.0833333333335,FR,2862.0833333333335,ES,2862.0833333333335,IT-NO,2289.6666666666647
2022-06-29 07:00:00,BR-CS,2879.5833333333335,US-NW-BPAT,2879.5833333333335,FR,2879.5833333333335,AU-VIC,2879.5833333333335,IT-NO,2303.6666666666647
2022-06-29 08:00:00,,,,,,,,,,
2022-06-29 09:00:00,,,,,,,,,,
2022-06-29 10:00:00,,,,,,,,,,
2022-06-29 11:00:00,,,,,,,,,,
2022-06-29 12:00:00,,,,,,,,,,
2022-06-29 13:00:00,,,,,,,,,,
2022-06-29 14:00:00,,,,,,,,,,
2022-06-29 15:00:00,,,,,,,,,,
2022-06-29 16:00:00,,,,,,,,,,
2022-06-29 17:00:00,,,,,,,,,,
2022-06-29 18:00:00,,,,,,,,,,
2022-06-29 19:00:00,,,,,,,,,,
2022-06-29 20:00:00,,,,,,,,,,
2022-06-29 21:00:00,,,,,,,,,,
2022-06-29 22:00:00,,,,,,,,,,
2022-06-29 23:00:00,,,,,,,,,,
2022-06-30 00:00:00,BR-CS,2874.166666666667,US-NW-BPAT,2874.166666666667,FR,2874.166666666667,ES,2874.166666666667,CA-ON,2299.333333333331
2022-06-30 01:00:00,BR-CS,2899.791666666667,US-NW-BPAT,2899.791666666667,FR,2899.791666666667,ES,2899.791666666667,CA-ON,2319.833333333331
2022-06-30 02:00:00,BR-CS,2883.541666666667,US-NW-BPAT,2883.541666666667,FR,2883.541666666667,ES,2883.541666666667,CA-ON,2306.833333333331
2022-06-30 03:00:00,BR-CS,2845.2083333333335,US-NW-BPAT,2845.2083333333335,FR,2845.2083333333335,ES,2845.2083333333335,CA-ON,2276.1666666666647
2022-06-30 04:00:00,BR-CS,2900.0,US-NW-BPAT,2900.0,FR,2900.0,ES,2900.0,CA-ON,2320.0
2022-06-30 05:00:00,BR-CS,2864.375,US-NW-BPAT,2864.375,FR,2864.375,ES,2864.375,IT-NO,2291.5
2022-06-30 06:00:00,BR-CS,2875.8333333333335,US-NW-BPAT,2875.8333333333335,FR,2875.8333333333335,ES,2875.8333333333335,IT-NO,2300.6666666666647
2022-06-30 07:00:00,BR-CS,2885.8333333333335,US-NW-BPAT,2885.8333333333335,FR,2885.8333333333335,ES,2885.8333333333335,IT-NO,2308.6666666666647
